season,team_home_advantage,team_home_prior_sd,match_id,date,home_team,away_team,home_goals,away_goals,season_game,holdout_game,actual_result,actual_result_idx,p_home_v2,p_draw_v2,p_away_v2,p_home_book,p_draw_book,p_away_book,rps_v2,rps_book,d_book_v2,rps_paper,d_paper_v2
2016/17,True,0.15,2016/17|2017-03-12|Hamburg|M'gladbach,2017-03-12,Hamburg,M'gladbach,2,1,215,1,home_win,0,0.27711624357708753,0.31543867896580785,0.40744507745710484,0.37432299641216665,0.3113416668571037,0.31433533673072966,0.3442862082220633,0.24513920836813544,-0.09914699985392786,0.24012095461495597,-0.10416525360710732
2016/17,True,0.15,2016/17|2017-05-06|Bayern Munich|Darmstadt,2017-05-06,Bayern Munich,Darmstadt,1,0,281,67,home_win,0,0.8752668583080622,0.0687798545463975,0.05595328714554024,0.9010479709498631,0.06727001974899663,0.031682009301140346,0.009344563489366166,0.005397626883248337,-0.0039469366061178285,0.05546983686197958,0.046125273372613414
2016/17,True,0.15,2016/17|2017-05-05|FC Koln|Werder Bremen,2017-05-05,FC Koln,Werder Bremen,4,3,280,66,home_win,0,0.4884215381195366,0.2737051305802813,0.23787333130018237,0.41027762592160283,0.2754391926833233,0.31428318139507394,0.1591481222019135,0.223273198298235,0.06412507609632151,0.22850832570622764,0.06936020350431416
2016/17,True,0.15,2016/17|2017-04-30|Hoffenheim|Ein Frankfurt,2017-04-30,Hoffenheim,Ein Frankfurt,1,0,279,65,home_win,0,0.4372342975904585,0.30588872047859567,0.2568769819309456,0.6584686263404176,0.20786403670491999,0.13366733695466243,0.19134550982722803,0.06725531808117628,-0.12409019174605175,0.09500661477351557,-0.09633889505371246
2016/17,True,0.15,2016/17|2017-04-30|Augsburg|Hamburg,2017-04-30,Augsburg,Hamburg,4,0,278,64,home_win,0,0.3767279638237762,0.2988569724443795,0.3244150637318446,0.3879631932355136,0.29743844814722703,0.3145983586172593,0.24685658232769636,0.23678059003957147,-0.010075992288124891,0.20536224134806672,-0.041494340979629646
2016/17,True,0.15,2016/17|2017-04-29|Wolfsburg|Bayern Munich,2017-04-29,Wolfsburg,Bayern Munich,0,6,277,63,away_win,2,0.21796313550216134,0.272749702022891,0.5092871624749479,0.1192571606065455,0.18053293926073738,0.7002099001327172,0.14415350867491097,0.05204818716718542,-0.09210532150772555,0.176580740851549,0.03242723217663804
2016/17,True,0.15,2016/17|2017-04-29|Werder Bremen|Hertha,2017-04-29,Werder Bremen,Hertha,2,0,276,62,home_win,0,0.4387445418950824,0.2879962580845673,0.27325920002035065,0.5448287930933908,0.24517295689202587,0.2099982500145832,0.1948391398241614,0.12564004630300332,-0.06919909352115808,0.11719024739459132,-0.07764889242957008
2016/17,True,0.15,2016/17|2017-04-29|RB Leipzig|Ingolstadt,2017-04-29,RB Leipzig,Ingolstadt,0,0,275,61,draw,1,0.5814825414196169,0.2449997171305698,0.17351774144981344,0.6200639276243105,0.22115146854320789,0.1587846038324815,0.18411517628683036,0.20484591237756217,0.02073073609073181,0.25780849199919653,0.07369331571236618
2016/17,True,0.15,2016/17|2017-04-29|Mainz|M'gladbach,2017-04-29,Mainz,M'gladbach,1,2,274,60,away_win,2,0.4066702773764674,0.32464518078464255,0.2686845418388901,0.4538558786346397,0.2730720606826802,0.2730720606826802,0.35010150692342346,0.367204693765673,0.01710318684224954,0.321209260278983,-0.028892246644440456
2016/17,True,0.15,2016/17|2017-04-29|Dortmund|FC Koln,2017-04-29,Dortmund,FC Koln,0,0,273,59,draw,1,0.7180739034664866,0.17706050416048286,0.10486559237303053,0.7546580308183715,0.15305077068079298,0.09229119850083564,0.26331346165167185,0.28901320439969136,0.025699742748019505,0.21087151207068294,-0.05244194958098891
2016/17,True,0.15,2016/17|2017-04-29|Darmstadt|Freiburg,2017-04-29,Darmstadt,Freiburg,3,0,272,58,home_win,0,0.3404377182699155,0.2654976028780282,0.39406467885205626,0.2801999620325255,0.26577232171106757,0.45402771625640703,0.29515468729988487,0.362126630893493,0.06697194359360814,0.2132776813445983,-0.08187700595528657
2016/17,True,0.15,2016/17|2017-04-28|Leverkusen|Schalke 04,2017-04-28,Leverkusen,Schalke 04,1,4,271,57,away_win,2,0.3868698319762158,0.2913713391127901,0.32175882891099433,0.4453834249730786,0.28319177310426963,0.2714248019226518,0.3048396765267458,0.3645941072470986,0.0597544307203528,0.32573844802311447,0.02089877149636865
2016/17,True,0.15,2016/17|2017-04-23|Schalke 04|RB Leipzig,2017-04-23,Schalke 04,RB Leipzig,1,1,270,56,draw,1,0.4846200842505194,0.28745679813074704,0.2279231176187334,0.3192659227344018,0.25458347605054893,0.4261506012150494,0.14340278680201177,0.1417675321676985,-0.0016352546343132712,0.1259169306167837,-0.017485856185228077
2016/17,True,0.15,2016/17|2017-04-23|Freiburg|Leverkusen,2017-04-23,Freiburg,Leverkusen,2,1,269,55,home_win,0,0.3337668930771018,0.2743345774466974,0.39189852947620063,0.26997395124606355,0.27841063722250303,0.4516154115314335,0.2987255050828732,0.3684472558959955,0.06972175081312226,0.2324373834359803,-0.0662881216468929
2016/17,True,0.15,2016/17|2017-04-22|M'gladbach|Dortmund,2017-04-22,M'gladbach,Dortmund,2,3,268,54,away_win,2,0.2506518991537306,0.24926161245006737,0.5000864883962021,0.2849829937815646,0.24818772116672963,0.4668292850517058,0.15636994681670627,0.18274315901158927,0.026373212194883006,0.30448641787118674,0.14811647105448048
2016/17,True,0.15,2016/17|2017-04-22|Ingolstadt|Werder Bremen,2017-04-22,Ingolstadt,Werder Bremen,2,4,267,53,away_win,2,0.4763091944256548,0.26793985590470126,0.25575094966964396,0.4283276388682568,0.26799734781647755,0.30367501331526564,0.3903885488060265,0.3341665266499756,-0.05622202215605093,0.24975612447169535,-0.14063242433433118
2016/17,True,0.15,2016/17|2017-04-22|Hertha|Wolfsburg,2017-04-22,Hertha,Wolfsburg,1,0,266,52,home_win,0,0.2959014502703046,0.31525533559137897,0.3888432141383167,0.33696820062638594,0.29714468600690397,0.36588711336671004,0.3234769064564385,0.2867422733542181,-0.036734633102220415,0.14270289627415364,-0.18077401018228487
2016/17,True,0.15,2016/17|2017-04-22|Hamburg|Darmstadt,2017-04-22,Hamburg,Darmstadt,1,2,265,51,away_win,2,0.5722791436144734,0.2389592411163705,0.18876161526915622,0.7319054175634634,0.1745112561450251,0.09358332629151155,0.4928055675384119,0.6786383633177541,0.18583279577934214,0.5121528501041945,0.01934728256578261
2016/17,True,0.15,2016/17|2017-04-22|Ein Frankfurt|Augsburg,2017-04-22,Ein Frankfurt,Augsburg,3,1,264,50,home_win,0,0.6551160140322926,0.2233643259233669,0.12151966004434057,0.5325279788565214,0.27757832325665704,0.18989369788682156,0.06685599577713294,0.1272948535245502,0.06043885774741725,0.14929186961676724,0.0824358738396343
2016/17,True,0.15,2016/17|2017-04-22|Bayern Munich|Mainz,2017-04-22,Bayern Munich,Mainz,2,2,263,49,draw,1,0.7410163029827277,0.17599562545711062,0.08298807156016168,0.8365822554199307,0.11368190927309162,0.04973583530697758,0.2779960906537321,0.3511717616985905,0.07317567104485839,0.24288968326239332,-0.03510640739133877
2016/17,True,0.15,2016/17|2017-05-06|Dortmund|Hoffenheim,2017-05-06,Dortmund,Hoffenheim,2,1,282,68,home_win,0,0.6560497358564076,0.20579749089276544,0.13815277325082698,0.650841647397442,0.19655417751402748,0.15260417508853064,0.06869398648067071,0.07259979472329156,0.0039058082426208507,0.22401790133832422,0.1553239148576535
2016/17,True,0.15,2016/17|2017-05-06|Hertha|RB Leipzig,2017-05-06,Hertha,RB Leipzig,1,4,284,70,away_win,2,0.3254079417050599,0.3230536330502348,0.35153842524470547,0.2562599184342098,0.27187686637202874,0.47186321519376134,0.26319637122942013,0.17229880463068953,-0.0908975665987306,0.2804673605963539,0.017270989366933776
2016/17,True,0.15,2016/17|2017-05-06|Ingolstadt|Leverkusen,2017-05-06,Ingolstadt,Leverkusen,1,1,285,71,draw,1,0.3892243005815966,0.26836428977571336,0.34241140964269023,0.41697647881621086,0.27680641955313434,0.30621710163065485,0.13437056480836357,0.13381914860852234,-0.0005514161998412259,0.13382453658805044,-0.0005460282203131328
2016/17,True,0.15,2016/17|2017-05-06|M'gladbach|Augsburg,2017-05-06,M'gladbach,Augsburg,1,1,286,72,draw,1,0.6180623161435072,0.22556403297337446,0.1563736508831182,0.5450737916562319,0.2575151771604245,0.19741103118334355,0.203226872663596,0.1680382767916862,-0.035188595871909784,0.18296858169640381,-0.020258290967192172
2016/17,True,0.15,2016/17|2017-05-20|M'gladbach|Darmstadt,2017-05-20,M'gladbach,Darmstadt,2,2,306,92,draw,1,0.7194002815014243,0.16634095907964994,0.11425875941892559,0.7833152762730229,0.13542795232936078,0.08125677139761647,0.26529591456414026,0.31009274247032337,0.04479682790618311,0.17146039240687214,-0.09383552215726812
2016/17,True,0.15,2016/17|2017-05-20|Ingolstadt|Schalke 04,2017-05-20,Ingolstadt,Schalke 04,1,1,305,91,draw,1,0.34510114727418695,0.28780267828419587,0.3670961744416173,0.39825825560320044,0.25918394412271784,0.34255780027408156,0.12692720156981518,0.13797774234236088,0.011050540772545692,0.12874309008778947,0.00181588851797429
2016/17,True,0.15,2016/17|2017-05-20|Hoffenheim|Augsburg,2017-05-20,Hoffenheim,Augsburg,0,0,304,90,draw,1,0.6419642713867549,0.21545997111113874,0.1425757575021064,0.6770823239219487,0.19288199797383607,0.1300356781042153,0.21622298618221328,0.23767487547378485,0.021451889291571574,0.25153691327635996,0.035313927094146685
2016/17,True,0.15,2016/17|2017-05-20|Hertha|Leverkusen,2017-05-20,Hertha,Leverkusen,2,6,303,89,away_win,2,0.26625895253802967,0.29302370446758447,0.4407173429943863,0.46002891243164723,0.26626673464114364,0.27370435292720907,0.19184546011695414,0.369565983614964,0.17772052349800987,0.39645485528324165,0.2046093951662875
2016/17,True,0.15,2016/17|2017-05-20|Hamburg|Wolfsburg,2017-05-20,Hamburg,Wolfsburg,2,1,302,88,home_win,0,0.24316205592695497,0.2798547705147402,0.4769831735583051,0.39659466557985784,0.28035140153058913,0.3230539328895531,0.40015831072323277,0.23423092058104572,-0.16592739014218705,0.2403472015639589,-0.15981110915927388
2016/17,True,0.15,2016/17|2017-05-20|FC Koln|Mainz,2017-05-20,FC Koln,Mainz,2,0,301,87,home_win,0,0.38483523266302305,0.32457218236387764,0.2905925849730996,0.6631663572153207,0.19207166510345883,0.14476197768122043,0.2314358707070524,0.06720646654688756,-0.16422940416016485,0.1526521277169933,-0.07878374299005911
2016/17,True,0.15,2016/17|2017-05-20|Ein Frankfurt|RB Leipzig,2017-05-20,Ein Frankfurt,RB Leipzig,2,2,300,86,draw,1,0.41981031477377195,0.31053501897573177,0.2696546662504965,0.33563987815426277,0.2800195554886992,0.3843405663570382,0.12447716971056003,0.13018589937752856,0.005708729666968532,0.1415021927303265,0.017025023019766466
2016/17,True,0.15,2016/17|2017-05-20|Dortmund|Werder Bremen,2017-05-20,Dortmund,Werder Bremen,4,3,299,85,home_win,0,0.7958753694778716,0.12147505730381475,0.0826495732183134,0.8252276604701659,0.102829415283717,0.07194292424611703,0.024248908369482406,0.017860577506907067,-0.006388330862575339,0.10142730457632645,0.07717839620684405
2016/17,True,0.15,2016/17|2017-05-20|Bayern Munich|Freiburg,2017-05-20,Bayern Munich,Freiburg,4,1,298,84,home_win,0,0.8304376447886938,0.10293626952548765,0.06662608568581865,0.8461288952245978,0.10288359732290707,0.050987507452495244,0.01659521379930962,0.013138021400510529,-0.0034571923987990905,0.04217492419690434,0.025579710397594723
2016/17,True,0.15,2016/17|2017-04-21|FC Koln|Hoffenheim,2017-04-21,FC Koln,Hoffenheim,1,1,262,48,draw,1,0.3281294943824554,0.2901513663878411,0.3817191392297035,0.32589646432036956,0.268752974686113,0.4053505609935175,0.1266892331689758,0.13525879137713864,0.008569558208162853,0.13957393140358704,0.012884698234611247
2016/17,True,0.15,2016/17|2017-05-13|Wolfsburg|M'gladbach,2017-05-13,Wolfsburg,M'gladbach,1,1,297,83,draw,1,0.5146057565750047,0.2638087914671346,0.22158545195786092,0.4692810278090428,0.256753232492382,0.2739657396985752,0.1569595986097512,0.14764095479504952,-0.009318643814701683,0.1319279877207069,-0.025031610889044292
2016/17,True,0.15,2016/17|2017-05-13|Schalke 04|Hamburg,2017-05-13,Schalke 04,Hamburg,1,1,295,81,draw,1,0.6231945050300318,0.23542272518934457,0.14138276978062345,0.535619372139202,0.24261966609275734,0.22176096176804064,0.2041802393452336,0.16803301798753967,-0.03614722135769394,0.18556038370873326,-0.018619855636500343
2016/17,True,0.15,2016/17|2017-05-13|RB Leipzig|Bayern Munich,2017-05-13,RB Leipzig,Bayern Munich,4,5,294,80,away_win,2,0.21653579660112635,0.2838890005736735,0.4995752028252001,0.19922380336351878,0.21733505821474774,0.5834411384217335,0.14865636441856195,0.10660570449300369,-0.04205065992555826,0.3328690326295428,0.18421266821098087
2016/17,True,0.15,2016/17|2017-05-13|Mainz|Ein Frankfurt,2017-05-13,Mainz,Ein Frankfurt,4,2,293,79,home_win,0,0.35116906158253414,0.35588016084664637,0.29295077757081983,0.5247118060156353,0.2725586325692328,0.20272956141513185,0.2534008723635186,0.1334990712062454,-0.1199018011572732,0.22354564768188648,-0.029855224681632125
2016/17,True,0.15,2016/17|2017-05-13|Leverkusen|FC Koln,2017-05-13,Leverkusen,FC Koln,2,2,292,78,draw,1,0.45284914218503536,0.28876093788902474,0.25838991992593985,0.4376009409767309,0.29086828124269354,0.27153077778057544,0.13591884814852798,0.13261177341292232,-0.003307074735605653,0.13961954528443082,0.0037006971359028473
2016/17,True,0.15,2016/17|2017-05-13|Freiburg|Ingolstadt,2017-05-13,Freiburg,Ingolstadt,1,1,291,77,draw,1,0.43197332542122896,0.29122588293073937,0.2768007916480317,0.3744567346253568,0.268788121840667,0.3567551435339763,0.13160981606622602,0.13374603927211642,0.0021362232058904085,0.1465182581061864,0.01490844203996039
2016/17,True,0.15,2016/17|2017-05-13|Darmstadt|Hertha,2017-05-13,Darmstadt,Hertha,0,2,290,76,away_win,2,0.3895305695868439,0.2797576002546363,0.3307118301585196,0.3566152309350437,0.27470360926368914,0.368681159801267,0.2998403594662046,0.26286895046236386,-0.036971409003840716,0.31889732984506214,0.019056970378857563
2016/17,True,0.15,2016/17|2017-05-13|Augsburg|Dortmund,2017-05-13,Augsburg,Dortmund,1,1,289,75,draw,1,0.15917049319395285,0.1844243097219235,0.6564051970841237,0.13073713490959665,0.17385257301808066,0.6954102920723226,0.22810151433132667,0.25034383638224156,0.022242322050914892,0.13488026834263844,-0.09322124598868822
2016/17,True,0.15,2016/17|2017-05-07|Hamburg|Mainz,2017-05-07,Hamburg,Mainz,0,0,288,74,draw,1,0.3063291381321702,0.3283123226779701,0.36535853918985967,0.40826025838409535,0.28649842693620725,0.3052413146796974,0.11366220151387324,0.12992434938161918,0.016262147867745935,0.13983536997452467,0.02617316846065143
2016/17,True,0.15,2016/17|2017-05-07|Freiburg|Schalke 04,2017-05-07,Freiburg,Schalke 04,2,0,287,73,home_win,0,0.2711004163789526,0.28245948275328636,0.44644010086776137,0.2512400040489928,0.2684482235044033,0.4803117724466039,0.36530168333287644,0.39567046514367527,0.03036878181079883,0.2981784309574297,-0.06712325237544675
2016/17,True,0.15,2016/17|2017-05-13|Werder Bremen|Hoffenheim,2017-05-13,Werder Bremen,Hoffenheim,3,5,296,82,away_win,2,0.27231222049469644,0.24995678403732086,0.477730995467983,0.33220789671640744,0.2322306386998583,0.43556146458373424,0.17345942926280822,0.21447647345179915,0.041017044188990937,0.315784542910241,0.14232511364743278
2016/17,True,0.15,2016/17|2017-04-16|Werder Bremen|Hamburg,2017-04-16,Werder Bremen,Hamburg,2,1,261,47,home_win,0,0.43007026478281796,0.2868467048302664,0.28308303038691546,0.4491119976149576,0.26461193372989394,0.28627606865514843,0.20247795258888332,0.1927157893282149,-0.009762163260668422,0.09948303130154884,-0.10299492128733448
2016/17,True,0.15,2016/17|2017-05-06|Ein Frankfurt|Wolfsburg,2017-05-06,Ein Frankfurt,Wolfsburg,0,2,283,69,away_win,2,0.4561468780001409,0.320809881471247,0.22304324052861224,0.3811119254528322,0.2690817715422469,0.349806303004921,0.40586589019877783,0.28399907166724686,-0.12186681853153097,0.3947315517021036,-0.011134338496674223
2016/17,True,0.15,2016/17|2017-04-15|Wolfsburg|Ingolstadt,2017-04-15,Wolfsburg,Ingolstadt,3,0,259,45,home_win,0,0.5366685271762083,0.2528635526222527,0.21046792020153907,0.4786063466998169,0.280326574495607,0.24106707880457603,0.12948639957151273,0.1649823390925416,0.03549593952102886,0.18522620923235628,0.05573980966084355
2016/17,True,0.15,2016/17|2017-04-04|Dortmund|Hamburg,2017-04-04,Dortmund,Hamburg,3,0,235,21,home_win,0,0.7997321784064682,0.129182006574096,0.07108581501943599,0.7639320803053651,0.15066765220198264,0.08540026749265218,0.022580196731398074,0.03151063419838458,0.008930437466986508,0.0984326514369679,0.07585245470556982
2016/17,True,0.15,2016/17|2017-04-02|Leverkusen|Wolfsburg,2017-04-02,Leverkusen,Wolfsburg,3,3,234,20,draw,1,0.5241186101520834,0.2455515445171655,0.23032984533075115,0.4805825569271131,0.2730886953012008,0.2463287477716861,0.16387607757891967,0.14581872300068444,-0.018057354578235235,0.15047933162079036,-0.013396745958129314
2016/17,True,0.15,2016/17|2017-04-02|Ingolstadt|Mainz,2017-04-02,Ingolstadt,Mainz,2,1,233,19,home_win,0,0.35642579092625754,0.31059595615139846,0.33297825292234384,0.4098414303989527,0.298634456906554,0.2915241126944932,0.2625311397520548,0.21663672277793292,-0.04589441697412186,0.16709903021137001,-0.09543210954068476
2016/17,True,0.15,2016/17|2017-04-01|Schalke 04|Dortmund,2017-04-01,Schalke 04,Dortmund,1,1,232,18,draw,1,0.25390185202983007,0.2753916115976852,0.4707065363724845,0.25911899541558703,0.2511461032489536,0.4897349013354594,0.14301539692397952,0.15349146368561759,0.010476066761638064,0.12668654397167453,-0.01632885295230499
2016/17,True,0.15,2016/17|2017-04-01|RB Leipzig|Darmstadt,2017-04-01,RB Leipzig,Darmstadt,4,0,231,17,home_win,0,0.6808642594328749,0.20060803640203242,0.1185277041650927,0.7217211227518816,0.18380912489561033,0.09446975235250808,0.05794821878098757,0.04318183381600878,-0.014766384964978792,0.08622097457883793,0.02827275579785036
2016/17,True,0.15,2016/17|2017-04-01|Hamburg|FC Koln,2017-04-01,Hamburg,FC Koln,2,1,230,16,home_win,0,0.31346659517468467,0.31998802889860606,0.3665453759267092,0.45868716209642674,0.28701477394337815,0.25429806396019516,0.3028418142771464,0.1788435469065618,-0.12399826737058461,0.20223993674484286,-0.10060187753230354
2016/17,True,0.15,2016/17|2017-04-01|Freiburg|Werder Bremen,2017-04-01,Freiburg,Werder Bremen,2,5,229,15,away_win,2,0.42121093745562466,0.27003961393743114,0.30874944860694453,0.4222463470453612,0.2790916026054809,0.2986620503491579,0.3276229893167249,0.33508344860679934,0.007460459290074439,0.3262470391040444,-0.001375950212680499
2016/17,True,0.15,2016/17|2017-04-01|Ein Frankfurt|M'gladbach,2017-04-01,Ein Frankfurt,M'gladbach,0,0,228,14,draw,1,0.41024690949299053,0.3237576389788062,0.26599545152820353,0.35816740945804115,0.29382595865719546,0.34800663188476344,0.11952805349112133,0.12469625451683068,0.005168201025709349,0.12368953931915452,0.00416148582803319
2016/17,True,0.15,2016/17|2017-03-31|Hertha|Hoffenheim,2017-03-31,Hertha,Hoffenheim,1,3,226,12,away_win,2,0.33588282451567253,0.32176099512273715,0.3423561803615905,0.3280336764610815,0.2990306989690956,0.3729356245698227,0.2726563326566116,0.25040791191310585,-0.022248420743505748,0.2951976549435974,0.0225413222869858
2016/17,True,0.15,2016/17|2017-04-04|FC Koln|Ein Frankfurt,2017-04-04,FC Koln,Ein Frankfurt,1,0,236,22,home_win,0,0.34338094353136406,0.3279049569796999,0.3287140994889363,0.39388520963009993,0.31334638082394534,0.2927684095459549,0.26960077226029194,0.22654424036660786,-0.04305653189368408,0.17003295259382895,-0.099567819666463
2016/17,True,0.15,2016/17|2017-03-19|Mainz|Schalke 04,2017-03-19,Mainz,Schalke 04,0,1,225,11,away_win,2,0.34225249564077354,0.31641253381771367,0.34133497054151274,0.3311492754444633,0.2874492244327306,0.38140150012280605,0.2754881959019438,0.2461619733388538,-0.029326222563089976,0.3153337397168636,0.03984554381491984
2016/17,True,0.15,2016/17|2017-03-18|Wolfsburg|Darmstadt,2017-03-18,Wolfsburg,Darmstadt,1,0,223,9,home_win,0,0.6117224025574023,0.2285097505393667,0.15976784690323081,0.6027011975029303,0.24498826731415868,0.15231053518291104,0.08814262878994511,0.0905224187966552,0.0023797900067100836,0.17118034232477938,0.08303771353483427
2016/17,True,0.15,2016/17|2017-03-18|Werder Bremen|RB Leipzig,2017-03-18,Werder Bremen,RB Leipzig,3,0,222,8,home_win,0,0.3183052494195857,0.2849950939107085,0.39669965666970575,0.28274334885647007,0.2630346971935526,0.45422195394997733,0.31103917528537783,0.36038734352988333,0.0493481682445055,0.28141391013472916,-0.029625265150648672
2016/17,True,0.15,2016/17|2017-03-18|Hoffenheim|Leverkusen,2017-03-18,Hoffenheim,Leverkusen,1,0,221,7,home_win,0,0.49716764990604473,0.25229341634646113,0.2505389337474943,0.4352768081239362,0.2661339180105588,0.29858927386550504,0.15780506481217066,0.20403391895510953,0.04622885414293887,0.09889623288681589,-0.058908831925354774
2016/17,True,0.15,2016/17|2017-03-18|FC Koln|Hertha,2017-03-18,FC Koln,Hertha,4,2,220,6,home_win,0,0.4626827846965282,0.3208551767411129,0.21646203856235885,0.3906297122866277,0.3122549610953616,0.29711532661801077,0.1677828020000248,0.22980483242960265,0.06202203042957785,0.21135524884673118,0.043572446846706386
2016/17,True,0.15,2016/17|2017-03-18|Ein Frankfurt|Hamburg,2017-03-18,Ein Frankfurt,Hamburg,0,0,219,5,draw,1,0.5021672017875045,0.2954257744594721,0.20240702375302322,0.4283972833343009,0.29909444476693564,0.27250827189876364,0.1465702509078246,0.12889249531072983,-0.01767775559709478,0.13395164920430602,-0.012618601703518584
2016/17,True,0.15,2016/17|2017-03-18|Augsburg|Freiburg,2017-03-18,Augsburg,Freiburg,1,1,218,4,draw,1,0.42589144998003026,0.27793980366531457,0.29616874635465495,0.4005662822969545,0.30383510576703987,0.2955986119360056,0.13454972674169033,0.12391594294584836,-0.01063378379584197,0.14067638275593353,0.006126656014243198
2016/17,True,0.15,2016/17|2017-03-17|Dortmund|Ingolstadt,2017-03-17,Dortmund,Ingolstadt,1,0,217,3,home_win,0,0.8081603896300098,0.11987920394078533,0.07196040642920487,0.7489882295462055,0.1671506951798176,0.08386107527397686,0.020990368100183,0.035019794426228025,0.014029426326045025,0.06396406687048702,0.04297369877030402
2016/17,True,0.15,2016/17|2017-03-12|Schalke 04|Augsburg,2017-03-12,Schalke 04,Augsburg,3,0,216,2,home_win,0,0.566901069202198,0.2693451347121967,0.16375379608560564,0.5694572991165335,0.26049642406394613,0.1700462768195204,0.10719499479532267,0.1071413767721055,-5.3618023217169575e-05,0.1542142568576966,0.04701926206237393
2016/17,True,0.15,2016/17|2017-04-16|Darmstadt|Schalke 04,2017-04-16,Darmstadt,Schalke 04,2,1,260,46,home_win,0,0.19799410133847284,0.22370276181536997,0.5783031368461572,0.2172865532299353,0.2518295437434122,0.5308839030266526,0.4888239897869945,0.4472390291237436,-0.0415849606632509,0.31727705419548036,-0.17154693559151413
2016/17,True,0.15,2016/17|2017-03-19|M'gladbach|Bayern Munich,2017-03-19,M'gladbach,Bayern Munich,0,1,224,10,away_win,2,0.27914940109563124,0.30736109867971306,0.413489500224656,0.1090759703647556,0.17436656008575496,0.7165574695494894,0.21095947723938688,0.04611861768960082,-0.16484085954978606,0.2127456993260966,0.0017862220867097267
2016/17,True,0.15,2016/17|2017-04-04|Hoffenheim|Bayern Munich,2017-04-04,Hoffenheim,Bayern Munich,1,0,237,23,home_win,0,0.2876099963840756,0.29503050859430435,0.41735949502161995,0.16180555398603708,0.21467622842445708,0.6235182175895059,0.3408442326682992,0.5456724484973243,0.2048282158290251,0.2223944478582404,-0.11844978481005883
2016/17,True,0.15,2016/17|2017-04-01|Bayern Munich|Augsburg,2017-04-01,Bayern Munich,Augsburg,6,0,227,13,home_win,0,0.8052975812167611,0.12240269620312412,0.07229972258011477,0.8689519111582191,0.0934267992015973,0.03762128964018343,0.021568140882602647,0.009294481511636936,-0.01227365937096571,0.07403826159931295,0.05247012071671031
2016/17,True,0.15,2016/17|2017-04-15|RB Leipzig|Freiburg,2017-04-15,RB Leipzig,Freiburg,4,0,258,44,home_win,0,0.5939687456982602,0.24385340416396567,0.16217785013777405,0.7042866676320988,0.18718135143568207,0.1085319809322192,0.09558151727257723,0.04961278291260019,-0.04596873435997704,0.09451200838520135,-0.001069508887375878
2016/17,True,0.15,2016/17|2017-04-04|Werder Bremen|Schalke 04,2017-04-04,Werder Bremen,Schalke 04,3,0,238,24,home_win,0,0.2607023343405908,0.2770182725560427,0.4622793931033666,0.3265328915528089,0.27363091470905776,0.39983619373813334,0.3801316378687342,0.30671346399160937,-0.07341817387712485,0.19084080238560008,-0.18929083548313413
2016/17,True,0.15,2016/17|2017-04-15|Mainz|Hertha,2017-04-15,Mainz,Hertha,1,0,257,43,home_win,0,0.4490172678839997,0.3172107665846053,0.233771965531395,0.4580296802062287,0.28999512297080754,0.2519751968229639,0.179115651479212,0.17861166367566703,-0.0005039878035449641,0.2216988329967813,0.04258318151756932
2016/17,True,0.15,2016/17|2017-04-15|Leverkusen|Bayern Munich,2017-04-15,Leverkusen,Bayern Munich,0,0,256,42,draw,1,0.19263790411417078,0.22627874232924705,0.5810833535565819,0.17980425173647654,0.24376447063776052,0.5764312776257631,0.18738361294103215,0.1823012933838918,-0.005082319557140336,0.1278491844484738,-0.059534428492558356
2016/17,True,0.15,2016/17|2017-04-15|Hoffenheim|M'gladbach,2017-04-15,Hoffenheim,M'gladbach,5,3,255,41,home_win,0,0.5973727823072019,0.24034413644865332,0.16228308124414487,0.5508835252499419,0.24092694716090818,0.20818952758915,0.09422223744256875,0.12252424364485648,0.028302006202287733,0.11936375970068278,0.02514152225811403
2016/17,True,0.15,2016/17|2017-04-15|Dortmund|Ein Frankfurt,2017-04-15,Dortmund,Ein Frankfurt,3,1,254,40,home_win,0,0.6361693120418611,0.2329611738609773,0.13086951409716152,0.6948957997628169,0.18915117329451195,0.11595302694267123,0.07474979961005991,0.05326683872976948,-0.021482960880290433,0.11100775450616368,0.03625795489610377
2016/17,True,0.15,2016/17|2017-04-15|Augsburg|FC Koln,2017-04-15,Augsburg,FC Koln,2,1,253,39,home_win,0,0.2863404573685397,0.2972678553650814,0.41639168726637893,0.3417305585980285,0.29901423877327493,0.35925520262869665,0.3413459900067435,0.28119147904972475,-0.060154510957018736,0.2152465996367932,-0.12609939036995027
2016/17,True,0.15,2016/17|2017-04-09|Hertha|Augsburg,2017-04-09,Hertha,Augsburg,2,0,251,37,home_win,0,0.47445969213158956,0.29319473909614924,0.23234556877226115,0.5301415059755114,0.27941931226629524,0.19043918175819344,0.1650885392612646,0.12851704317784532,-0.03657149608341928,0.12845140305347905,-0.03663713620778555
2016/17,True,0.15,2016/17|2017-04-08|Schalke 04|Wolfsburg,2017-04-08,Schalke 04,Wolfsburg,4,1,250,36,home_win,0,0.43599815673542236,0.30029738590019667,0.2637044573643809,0.4694776416349941,0.26956271181789493,0.26095964654711107,0.19381906001984195,0.17477695492558035,-0.019042105094261602,0.14215740450579586,-0.051661655514046084
2016/17,True,0.15,2016/17|2017-04-08|RB Leipzig|Leverkusen,2017-04-08,RB Leipzig,Leverkusen,1,0,249,35,home_win,0,0.47000691753668766,0.2619481524103584,0.26804493005295404,0.5162714666867084,0.253466611551614,0.2302619217616775,0.17637037599302818,0.14350692327740458,-0.0328634527156236,0.10366041988748535,-0.07270995610554283
2016/17,True,0.15,2016/17|2017-04-08|Hamburg|Hoffenheim,2017-04-08,Hamburg,Hoffenheim,2,1,248,34,home_win,0,0.24067359894686324,0.265898504007004,0.493427897046133,0.34402662380294763,0.28174594190758645,0.3742274342894659,0.4100238364598391,0.28517362142711805,-0.12485021503272103,0.34052557855334087,-0.06949825790649822
2016/17,True,0.15,2016/17|2017-04-09|Ingolstadt|Darmstadt,2017-04-09,Ingolstadt,Darmstadt,3,2,252,38,home_win,0,0.6070430798221966,0.2223851381362919,0.17057178204151133,0.6662121866559811,0.22057025098745323,0.11321756235656559,0.09175493697222072,0.0621162603814722,-0.029638676590748515,0.13472837573752053,0.04297343876529981
2016/17,True,0.15,2016/17|2017-04-05|Augsburg|Ingolstadt,2017-04-05,Augsburg,Ingolstadt,2,3,239,25,away_win,2,0.35578462280982925,0.29506803737061377,0.349147339819557,0.36688963594433033,0.3032802872976353,0.3298300767580343,0.27509594154594585,0.2918678654907526,0.016771923944806755,0.3534510015614657,0.07835506001551984
2016/17,True,0.15,2016/17|2017-04-08|FC Koln|M'gladbach,2017-04-08,FC Koln,M'gladbach,2,3,246,32,away_win,2,0.43229671252817303,0.29761751356182825,0.2700857739099989,0.33688815969373803,0.29176920973475523,0.3713426305715067,0.35982761255561574,0.2543518601392933,-0.10547575241632245,0.34980729411802836,-0.010020318437587383
2016/17,True,0.15,2016/17|2017-04-08|Bayern Munich|Dortmund,2017-04-08,Bayern Munich,Dortmund,4,1,245,31,home_win,0,0.547338762468518,0.26014405216772296,0.19251718536375872,0.6727340491614162,0.20003904516816043,0.1272269056704233,0.12098253131195838,0.06164484405237658,-0.0593376872595818,0.13602649715507378,0.015043965843115403
2016/17,True,0.15,2016/17|2017-04-07|Ein Frankfurt|Werder Bremen,2017-04-07,Ein Frankfurt,Werder Bremen,2,2,244,30,draw,1,0.5838272858588026,0.2601615279434369,0.15601118619776067,0.4875742466079978,0.27684300442996485,0.23558274896203735,0.18259689496604414,0.1466139387819335,-0.035982956184110654,0.1225903027262831,-0.06000659223976104
2016/17,True,0.15,2016/17|2017-04-05|Wolfsburg|Freiburg,2017-04-05,Wolfsburg,Freiburg,0,1,243,29,away_win,2,0.5595036261103268,0.25188860688568926,0.18860776700398382,0.6119503344656085,0.23038130238705262,0.15766836314733876,0.4857008316984328,0.5420028991477268,0.056302067449294,0.4375258189624852,-0.0481750127359476
2016/17,True,0.15,2016/17|2017-04-05|Mainz|RB Leipzig,2017-04-05,Mainz,RB Leipzig,2,3,242,28,away_win,2,0.36603986831700885,0.31566265945347,0.31829747222952126,0.2806190972097533,0.2782274571767157,0.44115344561353115,0.2993517607830969,0.19552827453422283,-0.10382348624887405,0.24553938850953033,-0.053812372273566556
2016/17,True,0.15,2016/17|2017-04-05|M'gladbach|Hertha,2017-04-05,M'gladbach,Hertha,1,0,241,27,home_win,0,0.5302043991812602,0.2793655438656629,0.19043005695307674,0.5106268045077769,0.28253702151438953,0.20683617397783363,0.12848575656989644,0.14113366366602914,0.012647907096132699,0.17723903019168905,0.0487532736217926
2016/17,True,0.15,2016/17|2017-04-05|Darmstadt|Leverkusen,2017-04-05,Darmstadt,Leverkusen,0,2,240,26,away_win,2,0.2495933957803549,0.22383595974865925,0.526570644470986,0.18709061497255294,0.23623007770028373,0.5766793073271633,0.14321610894689324,0.10710165352790914,-0.0361144554189841,0.2729874675907795,0.12977135864388628
2016/17,True,0.15,2016/17|2017-04-08|Freiburg|Mainz,2017-04-08,Freiburg,Mainz,1,0,247,33,home_win,0,0.35062984841330175,0.30056579812947815,0.3488043534572203,0.3355934274021135,0.298760002443345,0.3656465701545416,0.2716730353812204,0.2875667539885253,0.01589371860730493,0.16021667770036535,-0.11145635768085504
2017/18,True,0.15,2017/18|2018-04-21|Hannover|Bayern Munich,2018-04-21,Hannover,Bayern Munich,0,3,275,62,away_win,2,0.15188225195723543,0.19123415321175782,0.656883594831007,0.12978762025776003,0.18769286621891448,0.6825195135233256,0.07039854297784694,0.058819342832819206,-0.01157920014502773,0.09701597149016711,0.02661742851232017
2017/18,True,0.15,2017/18|2018-04-21|RB Leipzig|Hoffenheim,2018-04-21,RB Leipzig,Hoffenheim,2,5,276,63,away_win,2,0.47195076300991784,0.25562703449421126,0.2724222024958706,0.4131417228826532,0.2506463922887048,0.33621188482864195,0.37605348706330155,0.3056503725145956,-0.07040311454870596,0.34575277691788553,-0.03030071014541602
2017/18,True,0.15,2017/18|2018-04-21|Stuttgart|Werder Bremen,2018-04-21,Stuttgart,Werder Bremen,2,0,277,64,home_win,0,0.42243203693437814,0.3217459502843105,0.2558220127813115,0.39015122729690704,0.28687590242419636,0.32297287027889654,0.1995148270916265,0.23811350025182887,0.03859867316020238,0.2206304497837218,0.0211156226920953
2017/18,True,0.15,2017/18|2018-04-22|Augsburg|Mainz,2018-04-22,Augsburg,Mainz,2,0,278,65,home_win,0,0.48322112645532633,0.31141423826948483,0.20536463527518864,0.41329525148227625,0.2946757684284507,0.292028980089273,0.15461751878190655,0.2147516935726132,0.06013417479070665,0.16036774931054792,0.005750230528641376
2017/18,True,0.15,2017/18|2018-04-28|Freiburg|FC Koln,2018-04-28,Freiburg,FC Koln,3,2,282,69,home_win,0,0.43132790015715733,0.28666806554432217,0.2820040342985204,0.4583211351860409,0.2742202297601874,0.2674586350537718,0.2014571162501546,0.18247505702548303,-0.018982059224671582,0.21715363581792005,0.015696519567765438
2017/18,True,0.15,2017/18|2018-04-27|Hoffenheim|Hannover,2018-04-27,Hoffenheim,Hannover,3,1,280,67,home_win,0,0.696794454192855,0.18270327693547164,0.12050226887167344,0.750827775964184,0.15156461316047193,0.09760761087534395,0.05322719990571488,0.03580702146587372,-0.017420178439841158,0.0986121893150059,0.04538498940929102
2017/18,True,0.15,2017/18|2018-04-28|Bayern Munich|Ein Frankfurt,2018-04-28,Bayern Munich,Ein Frankfurt,4,1,281,68,home_win,0,0.7962131354967675,0.1314183225281863,0.07236854197504601,0.466522535088484,0.27621305901839416,0.2572644058931218,0.023383146005826423,0.1753915900539793,0.1520084440481529,0.03798941446606322,0.014606268460236799
2017/18,True,0.15,2017/18|2018-04-21|Hamburg|Freiburg,2018-04-21,Hamburg,Freiburg,1,0,274,61,home_win,0,0.3681492149849879,0.33745653868110387,0.29439424633390837,0.4711347574049075,0.27944095926308266,0.24942428333200986,0.24295169339929845,0.17095545897042638,-0.07199623442887207,0.16838822679007415,-0.0745634666092243
2017/18,True,0.15,2017/18|2018-04-22|FC Koln|Schalke 04,2018-04-22,FC Koln,Schalke 04,2,2,279,66,draw,1,0.33311908911662114,0.28854020675752645,0.3783407041258523,0.2655383383841272,0.28329235519469387,0.45116930642117903,0.1270550079661666,0.13703217610418544,0.009977168138018855,0.13670545215896945,0.009650444192802865
2017/18,True,0.15,2017/18|2018-04-21|Ein Frankfurt|Hertha,2018-04-21,Ein Frankfurt,Hertha,0,3,273,60,away_win,2,0.4992240608403392,0.2800509195938143,0.2207250195658468,0.49532744001443263,0.27721450478080467,0.22745805520476278,0.42824707902628445,0.4210851646496294,-0.007161914376655032,0.34555040522045544,-0.08269667380582901
2017/18,True,0.15,2017/18|2018-04-14|Bayern Munich|M'gladbach,2018-04-14,Bayern Munich,M'gladbach,5,1,263,50,home_win,0,0.8157202889607774,0.11101813871338856,0.07326157232583416,0.7217219281985401,0.17305943216128403,0.10521863964017593,0.019663134940176394,0.04425482368663384,0.024591688746457445,0.06699066753197916,0.047327532591802765
2017/18,True,0.15,2017/18|2018-04-20|M'gladbach|Wolfsburg,2018-04-20,M'gladbach,Wolfsburg,3,0,271,58,home_win,0,0.5250564126059692,0.2695485656762194,0.2053950217178116,0.5660206625104784,0.24157705695236295,0.1924022805371587,0.13387926307658576,0.11267835146187177,-0.02120091161471399,0.20418908194170013,0.07030981886511437
2017/18,True,0.15,2017/18|2018-04-16|Mainz|Freiburg,2018-04-16,Mainz,Freiburg,2,0,270,57,home_win,0,0.3999617178320757,0.3477863838743324,0.2522518982935922,0.4538898655289885,0.29842911647930437,0.24768101799170694,0.2118384801298771,0.1797910828226773,-0.0320473973071998,0.1710228868215899,-0.04081559330828721
2017/18,True,0.15,2017/18|2018-04-15|Werder Bremen|RB Leipzig,2018-04-15,Werder Bremen,RB Leipzig,1,1,269,56,draw,1,0.4494191252986353,0.26775599401242234,0.2828248806889423,0.36670012149384607,0.2679731657070413,0.3653267127991126,0.1409837316604525,0.1339662930941034,-0.0070174385663490935,0.13845989356707042,-0.0025238380933820803
2017/18,True,0.15,2017/18|2018-04-15|Schalke 04|Dortmund,2018-04-15,Schalke 04,Dortmund,2,0,268,55,home_win,0,0.395164423405995,0.28129045553349674,0.3235451210605077,0.31071760155465933,0.284447017166656,0.40483538127868474,0.2352537600379307,0.3195009553708097,0.084247195332879,0.2024694642938289,-0.0327842957441018
2017/18,True,0.15,2017/18|2018-04-14|Stuttgart|Hannover,2018-04-14,Stuttgart,Hannover,1,1,267,54,draw,1,0.5443971137740267,0.26570052334669625,0.1899023628792772,0.5447167619859741,0.25001102665510094,0.20527221135892496,0.16621556245631158,0.16942651577233375,0.0032109533160221693,0.13228197793516075,-0.033933584521150834
2017/18,True,0.15,2017/18|2018-04-14|Leverkusen|Ein Frankfurt,2018-04-14,Leverkusen,Ein Frankfurt,4,1,266,53,home_win,0,0.5583092399126667,0.2694795435102807,0.17221121657705246,0.5740023527768676,0.24153564349521658,0.18446200372791588,0.11237371533073738,0.10775011312948098,-0.004623602201256405,0.1538596832031651,0.04148596787242771
2017/18,True,0.15,2017/18|2018-04-14|Hoffenheim|Hamburg,2018-04-14,Hoffenheim,Hamburg,2,0,265,52,home_win,0,0.6409692712504779,0.22143760572185328,0.13759312302766893,0.6412401406767508,0.2030593778809711,0.15570048144227813,0.07391746584546006,0.07647563829149737,0.0025581724460373018,0.11459659322282162,0.040679127377361554
2017/18,True,0.15,2017/18|2018-04-14|Hertha|FC Koln,2018-04-14,Hertha,FC Koln,2,1,264,51,home_win,0,0.5070832104896548,0.26679713346192996,0.22611965604841508,0.5357184956370088,0.24809355268685906,0.2161879516761322,0.14704853011631983,0.13114727287174194,-0.015901257244577888,0.14654084501886983,-0.0005076850974500002
2017/18,True,0.15,2017/18|2018-04-28|Hertha|Augsburg,2018-04-28,Hertha,Augsburg,2,2,283,70,draw,1,0.38590401824813686,0.31013619230393974,0.3039597894479231,0.46688682955008126,0.27564787394340956,0.2574652965065092,0.12065673245064212,0.14213584525625567,0.021479112805613543,0.12918548087400927,0.00852874842336715
2017/18,True,0.15,2017/18|2018-04-21|Dortmund|Leverkusen,2018-04-21,Dortmund,Leverkusen,4,0,272,59,home_win,0,0.40407209586815535,0.27439372525574696,0.3215341788760981,0.4519091348477525,0.2609956500724988,0.2870952150797487,0.22925714755424967,0.19141362949251314,-0.037843518061736525,0.21608488650386337,-0.013172261050386297
2017/18,True,0.15,2017/18|2018-04-28|Leverkusen|Stuttgart,2018-04-28,Leverkusen,Stuttgart,0,1,284,71,away_win,2,0.5008170731018655,0.2996837163919859,0.1994992105061485,0.6733227405316954,0.19256764768657952,0.134109611781725,0.4458096273452994,0.6015648386629538,0.15575521131765446,0.44989137816103925,0.00408175081573986
2017/18,True,0.15,2017/18|2018-05-12|Wolfsburg|FC Koln,2018-05-12,Wolfsburg,FC Koln,4,1,306,93,home_win,0,0.3737915853679596,0.2827995875767753,0.3434088270552651,0.5914230525504087,0.23179288282854502,0.17678406462104612,0.25503330052772316,0.09909386374558216,-0.155939436782141,0.19399341448848426,-0.061039886039238905
2017/18,True,0.15,2017/18|2018-04-28|Wolfsburg|Hamburg,2018-04-28,Wolfsburg,Hamburg,1,3,286,73,away_win,2,0.45320708676790744,0.32644542108463087,0.22034749214746197,0.41520511406815774,0.2836430285058636,0.3011518574259786,0.40662734824870295,0.33039200656375584,-0.07623534168494711,0.37611224515885,-0.030515103089852946
2017/18,True,0.15,2017/18|2018-04-13|Wolfsburg|Augsburg,2018-04-13,Wolfsburg,Augsburg,0,0,262,49,draw,1,0.30943008949640444,0.31294157199590966,0.3776283385076855,0.4318085618787676,0.299351947805526,0.26883949031570653,0.11917507116491416,0.12936665283250914,0.010191581667594984,0.1307486814054842,0.011573610240570048
2017/18,True,0.15,2017/18|2018-05-12|Schalke 04|Ein Frankfurt,2018-05-12,Schalke 04,Ein Frankfurt,1,0,305,92,home_win,0,0.5421736977745178,0.2642179874339156,0.1936083147915666,0.42963986070499727,0.28351234994196045,0.28684778935304234,0.12354455128294443,0.20379617137667114,0.0802516200937267,0.10394621555230421,-0.019598335730640223
2017/18,True,0.15,2017/18|2018-05-12|Mainz|Werder Bremen,2018-05-12,Mainz,Werder Bremen,1,2,304,91,away_win,2,0.3754298636798183,0.32980839640484283,0.294761739915339,0.37493233784414365,0.2572095193653756,0.3678581427904806,0.3191542930149436,0.2700887927987876,-0.049065500216155966,0.34269080830758414,0.02353651529264056
2017/18,True,0.15,2017/18|2018-05-12|Leverkusen|Hannover,2018-05-12,Leverkusen,Hannover,3,2,303,90,home_win,0,0.6822146167654484,0.20055420277162386,0.11723118046292785,0.7948664594814103,0.1269289372470315,0.0782046032715581,0.0573653497351312,0.02409786470927684,-0.03326748502585436,0.13798183162302186,0.08061648188789065
2017/18,True,0.15,2017/18|2018-05-12|Hoffenheim|Dortmund,2018-05-12,Hoffenheim,Dortmund,3,1,302,89,home_win,0,0.4413410093122561,0.2506246806506033,0.30803431003714066,0.42930337650765366,0.22876024992309246,0.34193637356925394,0.203492502018153,0.22130755981762862,0.01781505779947562,0.17702378333807428,-0.026468718680078718
2017/18,True,0.15,2017/18|2018-05-12|Hertha|RB Leipzig,2018-05-12,Hertha,RB Leipzig,2,6,301,88,away_win,2,0.4197682998048962,0.26957186643369097,0.3106598337614127,0.22452338919162038,0.2430003763320779,0.5324762344763018,0.3256976451554681,0.1344946118117749,-0.1912030333436932,0.4222963767502126,0.09659873159474447
2017/18,True,0.15,2017/18|2018-05-12|Hamburg|M'gladbach,2018-05-12,Hamburg,M'gladbach,2,1,300,87,home_win,0,0.33115464721464083,0.2766581603104673,0.3921871924748923,0.42608562353167656,0.23511712720181666,0.3387972492665067,0.3005824499419547,0.222080643813788,-0.0785018061281667,0.28669211389245575,-0.013890336049498964
2017/18,True,0.15,2017/18|2018-05-12|Freiburg|Augsburg,2018-05-12,Freiburg,Augsburg,2,0,299,86,home_win,0,0.37156020327202066,0.3156891601099618,0.3127506366180175,0.4754416813196015,0.30553462279159344,0.21902369588880516,0.2463747694082396,0.1615664045287991,-0.08480836487944049,0.26474967286954143,0.018374903461301828
2017/18,True,0.15,2017/18|2018-05-12|Bayern Munich|Stuttgart,2018-05-12,Bayern Munich,Stuttgart,1,4,298,85,away_win,2,0.6940144554627561,0.20376022437642988,0.10222532016081425,0.8278856990083789,0.10586079429943206,0.066253506692189,0.6438277200758094,0.7786386221936131,0.13481090211780378,0.6351864182479993,-0.008641301827810088
2017/18,True,0.15,2017/18|2018-04-28|Schalke 04|M'gladbach,2018-04-28,Schalke 04,M'gladbach,1,1,285,72,draw,1,0.5563373557382602,0.2546659334984593,0.18899671076328053,0.5163518809645063,0.2534818324734849,0.2301662865620087,0.17261550503458928,0.15979789222266425,-0.012817612811925033,0.17178662881552997,-0.0008288762190593046
2017/18,True,0.15,2017/18|2018-05-05|Werder Bremen|Leverkusen,2018-05-05,Werder Bremen,Leverkusen,0,0,297,84,draw,1,0.2722078288181049,0.2781211458242684,0.4496710253576263,0.2488878903617165,0.24030554931476075,0.5108065603235228,0.13815056655802305,0.16143426201912725,0.023283695461104204,0.1338463684108205,-0.004304198147202537
2017/18,True,0.15,2017/18|2018-05-05|RB Leipzig|Wolfsburg,2018-05-05,RB Leipzig,Wolfsburg,4,1,295,82,home_win,0,0.5987948395539083,0.23479346271044874,0.16641169773564268,0.548347348750292,0.24219808455968228,0.20945456669002568,0.09432921695591656,0.12393066644409839,0.02960144948818183,0.16746756224511394,0.07313834528919738
2017/18,True,0.15,2017/18|2018-05-05|M'gladbach|Freiburg,2018-05-05,M'gladbach,Freiburg,3,1,294,81,home_win,0,0.5828383728731105,0.2404878758752263,0.17667375125166324,0.46698123041215267,0.2788545061603997,0.2541642634274477,0.10261871876424428,0.17435424076827988,0.0717355220040356,0.15339579735454084,0.050777078590296565
2017/18,True,0.15,2017/18|2018-05-05|Hannover|Hertha,2018-05-05,Hannover,Hertha,3,1,293,80,home_win,0,0.3235209456430253,0.2863175296894283,0.3901615246675463,0.36394030949496187,0.2877168228455746,0.34834286765946354,0.3049249631573056,0.26295734166729173,-0.04196762149001387,0.25821460254384565,-0.046710360613459956
2017/18,True,0.15,2017/18|2018-05-05|FC Koln|Bayern Munich,2018-05-05,FC Koln,Bayern Munich,1,3,292,79,away_win,2,0.11850609630599242,0.1315113661109319,0.7499825375830754,0.10221673466010704,0.1580774297843091,0.7397058355555839,0.03827621318754165,0.03910065644419575,0.0008244432566540949,0.07957376762126933,0.04129755443372768
2017/18,True,0.15,2017/18|2018-05-05|Ein Frankfurt|Hamburg,2018-05-05,Ein Frankfurt,Hamburg,3,0,291,78,home_win,0,0.5861301933460992,0.25021401542716243,0.16365579122673823,0.4900700406309351,0.25529826723967564,0.25463169212938924,0.09903571743089352,0.16243293104940612,0.0633972136185126,0.17664461288950234,0.07760889545860881
2017/18,True,0.15,2017/18|2018-05-05|Dortmund|Mainz,2018-05-05,Dortmund,Mainz,1,2,290,77,away_win,2,0.6812189298568376,0.20355646202754893,0.11522460811561386,0.7273560848933478,0.1695055919577541,0.10313832314889801,0.6234433622397324,0.6667038708177747,0.04326050857804231,0.49915969275791744,-0.12428366948181496
2017/18,True,0.15,2017/18|2018-05-05|Augsburg|Schalke 04,2018-05-05,Augsburg,Schalke 04,1,2,289,76,away_win,2,0.40384645337216646,0.3176858170596285,0.27846772956820504,0.31375358712180396,0.2974919682770763,0.3887544446011197,0.3418503875878692,0.23603122121334252,-0.10581916637452665,0.271704474003401,-0.0701459135844682
2017/18,True,0.15,2017/18|2018-04-29|Werder Bremen|Dortmund,2018-04-29,Werder Bremen,Dortmund,1,1,288,75,draw,1,0.3179130974187568,0.2732324876540347,0.40885441492720825,0.2370932154012207,0.24732312571041043,0.515583658888369,0.13411533505792897,0.16101985105100378,0.026904515993074807,0.1291945250957534,-0.00492080996217556
2017/18,True,0.15,2017/18|2018-04-29|Mainz|RB Leipzig,2018-04-29,Mainz,RB Leipzig,3,0,287,74,home_win,0,0.332030055378615,0.296253218663154,0.37171672595823113,0.27781581469816824,0.2600356025574855,0.4621485827443462,0.2921785856373013,0.36756565501633925,0.07538706937903794,0.21858350007035643,-0.07359508556694488
2017/18,True,0.15,2017/18|2018-05-05|Stuttgart|Hoffenheim,2018-05-05,Stuttgart,Hoffenheim,2,0,296,83,home_win,0,0.3695613987796921,0.30053420920644075,0.3299043920138672,0.32762530009780966,0.26387118764634393,0.4085035122558463,0.2531448688893289,0.3094814282969615,0.0563365594076326,0.2603495032619147,0.007204634372585783
2017/18,True,0.15,2017/18|2018-04-09|RB Leipzig|Leverkusen,2018-04-09,RB Leipzig,Leverkusen,1,4,261,48,away_win,2,0.3295231622326305,0.2975159436300637,0.37296089413730593,0.44702666976295524,0.25312159482681623,0.29985173541022847,0.25088177736443973,0.3450202179437134,0.09413844057927367,0.37665871593365147,0.12577693856921174
2017/18,True,0.15,2017/18|2018-03-17|Augsburg|Werder Bremen,2018-03-17,Augsburg,Werder Bremen,1,3,236,23,away_win,2,0.5319042353171883,0.2721885346344572,0.1959072300483545,0.3949356161427235,0.2852312783253003,0.31983310553197614,0.46474364911843646,0.3093005726141542,-0.15544307650428224,0.34405520075129964,-0.12068844836713682
2017/18,True,0.15,2017/18|2018-04-08|Dortmund|Stuttgart,2018-04-08,Dortmund,Stuttgart,3,0,259,46,home_win,0,0.5174288443635083,0.2702402958164771,0.2123308598200148,0.6410147884164459,0.20908636875386216,0.14989884282969196,0.13897965714212285,0.07567002260868491,-0.06330963453343794,0.14006138831404516,0.0010817311719223122
2017/18,True,0.15,2017/18|2018-03-11|Stuttgart|RB Leipzig,2018-03-11,Stuttgart,RB Leipzig,0,0,233,20,draw,1,0.38490030006623166,0.31060009984807985,0.30449960008568866,0.3039514704061765,0.2878124542784149,0.4082360753154086,0.12043412372170972,0.12952159477550237,0.00908747105379265,0.12734941598657631,0.00691529226486659
2017/18,True,0.15,2017/18|2018-03-11|Dortmund|Ein Frankfurt,2018-03-11,Dortmund,Ein Frankfurt,3,2,232,19,home_win,0,0.6418678779757986,0.21423306545491383,0.1438990565692877,0.5188346448923206,0.2771048671583985,0.2040604879492809,0.07448277765354426,0.13658039084899892,0.06209761319545466,0.19359435311731804,0.11911157546377378
2017/18,True,0.15,2017/18|2018-03-10|Leverkusen|M'gladbach,2018-03-10,Leverkusen,M'gladbach,2,0,231,18,home_win,0,0.6132995575713633,0.22517634308619458,0.16152409934244208,0.5765734699045761,0.23311224022457744,0.19031428987084642,0.08781363342144521,0.10775477765884772,0.01994114423740251,0.13843000409235315,0.050616370670907934
2017/18,True,0.15,2017/18|2018-03-10|Hoffenheim|Wolfsburg,2018-03-10,Hoffenheim,Wolfsburg,3,0,230,17,home_win,0,0.6022576220340291,0.23693871666700903,0.16080366129896217,0.5699145896018091,0.24303090978032263,0.18705450061786827,0.09202840835858825,0.10998142321939021,0.01795301486080196,0.2021329883205429,0.11010457996195466
2017/18,True,0.15,2017/18|2018-03-10|Hertha|Freiburg,2018-03-10,Hertha,Freiburg,0,0,229,16,draw,1,0.3379696803746022,0.33985271932200367,0.3221776003033944,0.4222009189778851,0.3156259297213316,0.26217315130078345,0.10901095549488218,0.12349418862437705,0.014483233129494871,0.15354523273732046,0.044534277242438275
2017/18,True,0.15,2017/18|2018-03-10|Hannover|Augsburg,2018-03-10,Hannover,Augsburg,1,3,228,15,away_win,2,0.4309368854347706,0.28716111579408105,0.2819019987711485,0.4114216363820247,0.28763105552371643,0.30094730809425885,0.35068566929854617,0.32897121447196304,-0.02171445482658313,0.31782892871528673,-0.032856740583259436
2017/18,True,0.15,2017/18|2018-03-10|Bayern Munich|Hamburg,2018-03-10,Bayern Munich,Hamburg,6,0,227,14,home_win,0,0.7290124122790058,0.17988513491320715,0.09110245280778725,0.8487505480052608,0.11091626479614203,0.040333187198597104,0.040866964803219295,0.012251581359152993,-0.028615383444066302,0.05945948761350153,0.018592522810282237
2017/18,True,0.15,2017/18|2018-03-09|Mainz|Schalke 04,2018-03-09,Mainz,Schalke 04,0,1,226,13,away_win,2,0.2934715924518877,0.29418620533592443,0.4123422022121877,0.28829110857688034,0.29350118885236615,0.41820770257075346,0.21573363143853397,0.21079702031624367,-0.004936611122290296,0.24712939021422034,0.03139575877568637
2017/18,True,0.15,2017/18|2018-03-04|Freiburg|Bayern Munich,2018-03-04,Freiburg,Bayern Munich,0,4,225,12,away_win,2,0.2570156892080855,0.31398788552757984,0.42899642526433457,0.12464183381088827,0.2106017191977078,0.664756446991404,0.19605107343000786,0.06396191328478422,-0.13208916014522365,0.16134308728827484,-0.03470798614173301
2017/18,True,0.15,2017/18|2018-03-12|Werder Bremen|FC Koln,2018-03-12,Werder Bremen,FC Koln,3,1,234,21,home_win,0,0.5055601260705703,0.2536524261960692,0.2407874477333604,0.5276265981661322,0.249007450665139,0.22336595116872876,0.15122469195864804,0.13651448945080583,-0.014710202507842218,0.1350626930217746,-0.01616199893687345
2017/18,True,0.15,2017/18|2018-03-04|FC Koln|Stuttgart,2018-03-04,FC Koln,Stuttgart,2,3,224,11,away_win,2,0.3436015220752496,0.2819308455199548,0.37446763240479586,0.3782089415640873,0.2853155173202764,0.3364755411156363,0.254676374440845,0.2916533555084074,0.036976981067562364,0.3263927595521716,0.07171638511132661
2017/18,True,0.15,2017/18|2018-03-03|Schalke 04|Hertha,2018-03-03,Schalke 04,Hertha,1,0,222,9,home_win,0,0.5725867409334437,0.2572502707457552,0.17016298832080093,0.5922599392418438,0.2571654999339585,0.15057456082419757,0.10581876831008012,0.09446232775723246,-0.011356440552847666,0.1788014113560561,0.07298264304597597
2017/18,True,0.15,2017/18|2018-03-03|RB Leipzig|Dortmund,2018-03-03,RB Leipzig,Dortmund,1,1,221,8,draw,1,0.391734722972824,0.2690459967864162,0.33921928024075987,0.44503801109513047,0.26998150811588245,0.284980480788987,0.13426290663482715,0.13963635287511583,0.005373446240288682,0.1322356998395252,-0.002027206795301939
2017/18,True,0.15,2017/18|2018-03-03|Hamburg|Mainz,2018-03-03,Hamburg,Mainz,0,0,220,7,draw,1,0.38803006507984994,0.33195852238674045,0.28001141253340966,0.45592451870789136,0.288662269241091,0.2554132120510177,0.11448686127741395,0.13655153782462023,0.022064676547206286,0.12311023854128939,0.008623377263875437
2017/18,True,0.15,2017/18|2018-03-03|Ein Frankfurt|Hannover,2018-03-03,Ein Frankfurt,Hannover,1,0,219,6,home_win,0,0.4316045541207513,0.29571019566482376,0.27268525021442463,0.5537414350647883,0.2591981185409647,0.1870604463942471,0.1987153142903867,0.11706915869162471,-0.08164615559876198,0.15715376259246236,-0.04156155169792433
2017/18,True,0.15,2017/18|2018-03-03|Augsburg|Hoffenheim,2018-03-03,Augsburg,Hoffenheim,0,2,218,5,away_win,2,0.5333757934689398,0.260408669293208,0.20621553723785213,0.32953546862216293,0.28029453652919606,0.39016999484864096,0.45729175519060633,0.24024313013146753,-0.2170486250591388,0.3921049429330597,-0.06518681225754663
2017/18,True,0.15,2017/18|2018-03-02|M'gladbach|Werder Bremen,2018-03-02,M'gladbach,Werder Bremen,2,2,217,4,draw,1,0.5378575012863547,0.25478664110087557,0.2073558576127698,0.47566012407689057,0.27237521071442056,0.25196466520868877,0.16614357168816415,0.1448693730752848,-0.021274198612879353,0.12448420259636718,-0.041659369091796974
2017/18,True,0.15,2017/18|2018-02-26|Dortmund|Augsburg,2018-02-26,Dortmund,Augsburg,1,1,216,3,draw,1,0.553289071589191,0.24593988794786528,0.20077104046294353,0.6839664292310834,0.19483505852598593,0.1211985122429305,0.17321890371430096,0.24124957784250922,0.06803067412820826,0.14261448424285,-0.030604419471450955
2017/18,True,0.15,2017/18|2018-02-25|RB Leipzig|FC Koln,2018-02-25,RB Leipzig,FC Koln,1,2,215,2,away_win,2,0.6489102062500228,0.19908159616385038,0.15200819758612694,0.6465982880306262,0.21271534094253716,0.14068637102683654,0.5700872763682883,0.5782546295115821,0.008167353143293865,0.4839079267664394,-0.08617934960184886
2017/18,True,0.15,2017/18|2018-04-08|Ein Frankfurt|Hoffenheim,2018-04-08,Ein Frankfurt,Hoffenheim,1,1,260,47,draw,1,0.43498945474090533,0.2818367205122684,0.2831738247468259,0.41877277601117197,0.26442833824011674,0.31679888574871123,0.1347016203787682,0.1378660859698641,0.0031644655910958996,0.1426652351503286,0.007963614771560407
2017/18,True,0.15,2017/18|2018-03-03|Wolfsburg|Leverkusen,2018-03-03,Wolfsburg,Leverkusen,1,2,223,10,away_win,2,0.2176370261100423,0.2629577558870134,0.5194052180029443,0.2755457869264747,0.264344738677431,0.46010947439609445,0.1391686098084104,0.18370363016489588,0.04453502035648549,0.2666600362366284,0.12749142642821798
2017/18,True,0.15,2017/18|2018-03-16|Freiburg|Stuttgart,2018-03-16,Freiburg,Stuttgart,1,2,235,22,away_win,2,0.4277541289435444,0.3351789147641671,0.23706695629228858,0.3829348013074144,0.30707035953896433,0.30999483915362114,0.38252021200468167,0.311373092023493,-0.07114711998118867,0.29706232842392044,-0.08545788358076123
2017/18,True,0.15,2017/18|2018-02-25|Leverkusen|Schalke 04,2018-02-25,Leverkusen,Schalke 04,0,2,214,1,away_win,2,0.548038797604234,0.2591335986639794,0.1928276037317867,0.4641937145801133,0.27305512622359607,0.26275115919629055,0.4759369004884322,0.3795058289610485,-0.09643107152738367,0.4157806970326816,-0.06015620345575057
2017/18,True,0.15,2017/18|2018-03-17|Ein Frankfurt|Mainz,2018-03-17,Ein Frankfurt,Mainz,3,0,237,24,home_win,0,0.5076235758133818,0.3009090698863367,0.19146735430028164,0.558052693451352,0.2604245902772976,0.18152271627135058,0.13954714542877505,0.11413395914406692,-0.025413186284708136,0.14699872023841107,0.0074515748096360135
2017/18,True,0.15,2017/18|2018-04-07|Hamburg|Schalke 04,2018-04-07,Hamburg,Schalke 04,3,2,257,44,home_win,0,0.24295449057841184,0.2947054501439399,0.4623400592776482,0.23684995327815073,0.27031075000165683,0.49283929672019244,0.39343811687412567,0.41264428310160733,0.01920616622748167,0.34886735728329465,-0.04457075959083101
2017/18,True,0.15,2017/18|2018-04-07|Freiburg|Wolfsburg,2018-04-07,Freiburg,Wolfsburg,0,2,256,43,away_win,2,0.41156800670949156,0.34353991384349786,0.24489207944701027,0.40271905827737714,0.31642211721793917,0.2808588245046838,0.3697880979143419,0.33967333509630143,-0.030114762818040486,0.32328740438377285,-0.04650069353056907
2017/18,True,0.15,2017/18|2018-04-07|FC Koln|Mainz,2018-04-07,FC Koln,Mainz,1,1,255,42,draw,1,0.4504952898796975,0.2965861984477972,0.25291851167250523,0.4709223891881019,0.2634619853025326,0.2656156255093654,0.13345688987521392,0.1461597785766808,0.01270288870146688,0.14207365529340965,0.008616765418195727
2017/18,True,0.15,2017/18|2018-04-07|Augsburg|Bayern Munich,2018-04-07,Augsburg,Bayern Munich,1,4,254,41,away_win,2,0.19490524597175712,0.25049289586280327,0.5546018581654397,0.1259342331249853,0.22227101975515842,0.6517947471198564,0.11818377982849515,0.06855316460305148,-0.04963061522544367,0.15916266223613548,0.04097888240764033
2017/18,True,0.15,2017/18|2018-04-06|Hannover|Werder Bremen,2018-04-06,Hannover,Werder Bremen,2,1,253,40,home_win,0,0.3427417960551954,0.2820678887250061,0.37519031521979873,0.3087700938926194,0.2594982703991163,0.43173163570826434,0.2863780596437411,0.3320954941842758,0.04571743454053473,0.2652729245885214,-0.02110513505521966
2017/18,True,0.15,2017/18|2018-04-01|Werder Bremen|Ein Frankfurt,2018-04-01,Werder Bremen,Ein Frankfurt,2,1,252,39,home_win,0,0.4927761116439423,0.28526846597575195,0.22195542238030594,0.41193038929685144,0.27814103208932706,0.30992857861382156,0.1532701412215292,0.2209407954370682,0.067670654215539,0.22226903393623232,0.06899889271470311
2017/18,True,0.15,2017/18|2018-04-01|Mainz|M'gladbach,2018-04-01,Mainz,M'gladbach,0,0,251,38,draw,1,0.3450854818639416,0.28209659001946447,0.3728179281165935,0.31764824143053405,0.27088336144214986,0.41146839712731614,0.1290385986592093,0.13510332355921678,0.006064724900007479,0.12696019339223846,-0.0020784052669708397
2017/18,True,0.15,2017/18|2018-03-31|Stuttgart|Hamburg,2018-03-31,Stuttgart,Hamburg,1,1,250,37,draw,1,0.5944732170964728,0.26767759293637866,0.1378491899671487,0.5759682752315036,0.24705238201554341,0.17697934275295293,0.18620040250981457,0.18153057091721014,-0.004669831592604423,0.12890212346563618,-0.05729827904417839
2017/18,True,0.15,2017/18|2018-03-31|Schalke 04|Freiburg,2018-03-31,Schalke 04,Freiburg,2,0,249,36,home_win,0,0.4455644595107439,0.3159893901433224,0.2384461503459339,0.6168951884253028,0.25717530282637957,0.12592950874831763,0.18212766758620452,0.08131376891263843,-0.10081389867356609,0.13294330545110936,-0.049184362135095167
2017/18,True,0.15,2017/18|2018-03-31|Leverkusen|Augsburg,2018-03-31,Leverkusen,Augsburg,0,0,248,35,draw,1,0.5981022541703406,0.24414925207166951,0.15774849375798966,0.6556391407568433,0.2156517262092045,0.1287091330339521,0.19130544686327863,0.22321436190936167,0.031908915046083036,0.1570403071814414,-0.034265139681837226
2017/18,True,0.15,2017/18|2018-04-07|M'gladbach|Hertha,2018-04-07,M'gladbach,Hertha,2,1,258,45,home_win,0,0.47871404135218115,0.2743983919676705,0.2468875666801483,0.5512767568311653,0.25278752839149293,0.19593571477734184,0.16634626063231012,0.11987167664263249,-0.04647458398967763,0.22542163467293713,0.059075374040627016
2017/18,True,0.15,2017/18|2018-03-31|Hertha|Wolfsburg,2018-03-31,Hertha,Wolfsburg,0,0,246,33,draw,1,0.5207052826683042,0.29775423120154815,0.1815404861301477,0.41193261319751495,0.3050875916494096,0.28297979515307553,0.15204546975152444,0.124883021140305,-0.027162448611219442,0.12886797340715145,-0.023177496344372994
2017/18,True,0.15,2017/18|2018-03-31|Hannover|RB Leipzig,2018-03-31,Hannover,RB Leipzig,2,3,245,32,away_win,2,0.37391349037054333,0.2826051359658331,0.3434813736636239,0.21659831382972325,0.24489759101350617,0.5385040951567706,0.2854140025038425,0.1299466498704752,-0.15546735263336733,0.27472258235285113,-0.010691420150991393
2017/18,True,0.15,2017/18|2018-03-31|Bayern Munich|Dortmund,2018-03-31,Bayern Munich,Dortmund,6,0,244,31,home_win,0,0.6708521460217778,0.2005321681135477,0.12861568586467445,0.7159716758457907,0.17387883556254918,0.11014948859166013,0.06244015221445486,0.04640249937942643,-0.016037652835028435,0.10490702291994583,0.04246687070549097
2017/18,True,0.15,2017/18|2018-03-18|RB Leipzig|Bayern Munich,2018-03-18,RB Leipzig,Bayern Munich,2,1,243,30,home_win,0,0.20111459809203114,0.24494708660426262,0.5539383153037064,0.1796933902990701,0.22786294713914718,0.5924436625617827,0.47253277127158266,0.5119462136143267,0.03941344234274402,0.33992486213413975,-0.13260790913744291
2017/18,True,0.15,2017/18|2018-03-18|FC Koln|Leverkusen,2018-03-18,FC Koln,Leverkusen,2,0,242,29,home_win,0,0.20694415438330774,0.23580427097961673,0.5572515746370753,0.19730733519034352,0.22934076137418755,0.5733519034354688,0.4697334458511535,0.4865239596561515,0.016790513804997964,0.32071997925952506,-0.14901346659162845
2017/18,True,0.15,2017/18|2018-03-18|Dortmund|Hannover,2018-03-18,Dortmund,Hannover,1,0,241,28,home_win,0,0.6565882131884488,0.19871317445857814,0.1446986123529733,0.663820533668979,0.19874056710659857,0.1374388992244224,0.0694346718689891,0.06595304230131552,-0.0034816295676735887,0.12692669242554167,0.05749202055655256
2017/18,True,0.15,2017/18|2018-03-17|Wolfsburg|Schalke 04,2018-03-17,Wolfsburg,Schalke 04,0,1,240,27,away_win,2,0.27064268792525176,0.31486385518685833,0.41449345688789013,0.24364383257466413,0.2900521816365049,0.4663039857888309,0.2080326882772492,0.17209687636827967,-0.03593581190896952,0.2662843362760057,0.058251647998756484
2017/18,True,0.15,2017/18|2018-03-17|M'gladbach|Hoffenheim,2018-03-17,M'gladbach,Hoffenheim,3,3,239,26,draw,1,0.46496350988036406,0.2550917354866946,0.27994475463294094,0.3038883005165669,0.25670564333109996,0.43940605615233325,0.14728006558338258,0.14271289068709733,-0.004567174896285248,0.13363340595985843,-0.013646659623524154
2017/18,True,0.15,2017/18|2018-03-17|Hamburg|Hertha,2018-03-17,Hamburg,Hertha,1,2,238,25,away_win,2,0.3024683115406244,0.34873345402637296,0.3487982344330025,0.3363097893336333,0.3115969294145484,0.35209328125181827,0.2577754094819054,0.2664436953003341,0.008668285818428711,0.2843467398868019,0.02657133040489651
2017/18,True,0.15,2017/18|2018-03-31|Hoffenheim|FC Koln,2018-03-31,Hoffenheim,FC Koln,6,0,247,34,home_win,0,0.5853225133491957,0.22710449360819138,0.18757299304261277,0.6102800748417369,0.20513615961066786,0.18458376554759529,0.10357052282699604,0.09297639328454593,-0.010594129542450106,0.13488222780567166,0.03131170497867562
2018/19,True,0.15,2018/19|2019-04-27|Hannover|Mainz,2019-04-27,Hannover,Mainz,1,0,275,61,home_win,0,0.34222174497741775,0.267346240713593,0.3904320143089893,0.3144896439987739,0.2579147874064019,0.42759556859482417,0.292554695288964,0.32638120923342945,0.03382651394446545,0.3349184258161588,0.04236373052719483
2018/19,True,0.15,2018/19|2019-04-27|RB Leipzig|Freiburg,2019-04-27,RB Leipzig,Freiburg,2,1,276,62,home_win,0,0.7487822639384785,0.151108365521805,0.10010937053971661,0.7552799020841833,0.161665263322367,0.08305483459344971,0.03656611849086727,0.033393015936636114,-0.003173102554231158,0.05534522415755545,0.01877910566668818
2018/19,True,0.15,2018/19|2019-04-27|Stuttgart|M'gladbach,2019-04-27,Stuttgart,M'gladbach,1,0,277,63,home_win,0,0.28644372738021623,0.25276385915326577,0.4607924134665178,0.26891466791720436,0.2515429193437415,0.47954241273905407,0.3607461012516688,0.3822233442011025,0.021477242949433706,0.3301421052091511,-0.030603996042517678
2018/19,True,0.15,2018/19|2019-05-04|Bayern Munich|Hannover,2019-05-04,Bayern Munich,Hannover,3,1,281,67,home_win,0,0.8608211714918536,0.07537032154283992,0.06380850696530642,0.9264906247972491,0.045442159216246024,0.028067215986504898,0.011721135933020802,0.0030956984279659626,-0.00862543750505484,0.026265452958595597,0.014544317025574795
2018/19,True,0.15,2018/19|2019-04-28|Nurnberg|Bayern Munich,2019-04-28,Nurnberg,Bayern Munich,1,1,279,65,draw,1,0.12089876096516072,0.1592362870656644,0.719864951969175,0.04367657841549877,0.09709303381765376,0.8592303877668475,0.26641102973824676,0.3700922513820261,0.10368122164377935,0.18307202590037783,-0.08333900383786894
2018/19,True,0.15,2018/19|2019-05-03|Mainz|RB Leipzig,2019-05-03,Mainz,RB Leipzig,3,3,280,66,draw,1,0.24117442012861773,0.22441055210190958,0.5344150277694728,0.20256011937572732,0.22669695603031165,0.5707429245939611,0.17188226141511062,0.18338904396778838,0.011506782552677758,0.15464868986263877,-0.01723357155247185
2018/19,True,0.15,2018/19|2019-04-27|Fortuna Dusseldorf|Werder Bremen,2019-04-27,Fortuna Dusseldorf,Werder Bremen,4,1,274,60,home_win,0,0.40819490427342514,0.25845418697385975,0.33335090875271495,0.32512901945216355,0.25803890432711396,0.41683207622072255,0.23067804984710066,0.3145999100760382,0.08392186022893755,0.2933318575878565,0.06265380774075585
2018/19,True,0.15,2018/19|2019-04-28|Hoffenheim|Wolfsburg,2019-04-28,Hoffenheim,Wolfsburg,1,4,278,64,away_win,2,0.645292641682382,0.1954177899103782,0.15928956840724004,0.6683241611347146,0.18529063740828605,0.1463852014569994,0.5615983115991561,0.5876577043240139,0.0260593927248578,0.4271422201045375,-0.13445609149461857
2018/19,True,0.15,2018/19|2019-04-27|Ein Frankfurt|Hertha,2019-04-27,Ein Frankfurt,Hertha,0,0,273,59,draw,1,0.6189697529099553,0.20814109895026964,0.17288914813977505,0.6963445722184837,0.17924425099698002,0.12441117678453627,0.2065071062809541,0.2501869520835281,0.043679845802574,0.18932509125414632,-0.017182015026807773
2018/19,True,0.15,2018/19|2019-04-21|Freiburg|Dortmund,2019-04-21,Freiburg,Dortmund,0,4,268,54,away_win,2,0.2653159943505709,0.25488252043019993,0.47980148521922894,0.15202590622763512,0.19803783694683755,0.6499362568255274,0.170499535819176,0.07282825022482843,-0.09767128559434758,0.21005429862957803,0.03955476281040202
2018/19,True,0.15,2018/19|2019-04-26|Augsburg|Leverkusen,2019-04-26,Augsburg,Leverkusen,1,4,271,57,away_win,2,0.2110185586587438,0.22220912777600726,0.5667723135652488,0.1993280674791808,0.22627685049501411,0.5743950820258051,0.11610753019601033,0.11043561234440302,-0.005671917851607311,0.21462394459482437,0.09851641439881403
2018/19,True,0.15,2018/19|2019-04-22|Wolfsburg|Ein Frankfurt,2019-04-22,Wolfsburg,Ein Frankfurt,1,1,270,56,draw,1,0.29711385148966274,0.2640524925891154,0.43883365592122203,0.32826998926330003,0.2586105750960216,0.4131194356406785,0.14042580915810332,0.1392144269774999,-0.001211382180603432,0.13304947711861712,-0.007376332039486205
2018/19,True,0.15,2018/19|2019-04-21|Hertha|Hannover,2019-04-21,Hertha,Hannover,0,0,269,55,draw,1,0.5880042688057674,0.227556200644029,0.18443953055020346,0.5775547445255474,0.22992700729927007,0.19251824817518245,0.1898834802816923,0.18531637940220577,-0.00456710087948653,0.17594017009490057,-0.013943310186791735
2018/19,True,0.15,2018/19|2019-04-20|Schalke 04|Hoffenheim,2019-04-20,Schalke 04,Hoffenheim,2,5,267,53,away_win,2,0.19909289417249554,0.19108532029330666,0.6098217855341975,0.2797346325282471,0.2477039494143257,0.4725614180574272,0.09593850977685103,0.17822146117865273,0.0822829514018017,0.16049086383722114,0.0645523540603701
2018/19,True,0.15,2018/19|2019-04-20|Mainz|Fortuna Dusseldorf,2019-04-20,Mainz,Fortuna Dusseldorf,3,1,266,52,home_win,0,0.39559726839738835,0.25562279119511094,0.34877994040750065,0.48416750400564873,0.24699915813486134,0.26883333785949,0.24347505439967923,0.1691772637342185,-0.07429779066546072,0.16986437575551486,-0.07361067864416437
2018/19,True,0.15,2018/19|2019-04-20|M'gladbach|RB Leipzig,2019-04-20,M'gladbach,RB Leipzig,1,2,265,51,away_win,2,0.28184078089327746,0.2674200635846506,0.4507391555220719,0.3272385891188698,0.2664401627252,0.40632124815593007,0.1905608505255696,0.22976977729982057,0.039208926774250974,0.2079475880555946,0.01738673753002501
2018/19,True,0.15,2018/19|2019-04-20|Leverkusen|Nurnberg,2019-04-20,Leverkusen,Nurnberg,2,0,264,50,home_win,0,0.6972722275371322,0.18706654564750322,0.11566122681536453,0.7564638523103002,0.15567101783877563,0.08786512985092416,0.05251081180438251,0.03351506813762951,-0.018995743666753002,0.11662074780472967,0.06410993600034716
2018/19,True,0.15,2018/19|2019-04-20|Bayern Munich|Werder Bremen,2019-04-20,Bayern Munich,Werder Bremen,1,0,263,49,home_win,0,0.8139860305795615,0.10886650742497998,0.07714746199545848,0.8510874534648291,0.09741362419175753,0.051498922343413224,0.020276463855944265,0.01241354275906119,-0.007862921096883075,0.09947780935298586,0.0792013454970416
2018/19,True,0.15,2018/19|2019-05-04|Hertha|Stuttgart,2019-05-04,Hertha,Stuttgart,3,1,282,68,home_win,0,0.523759802804324,0.24807681653585018,0.22816338065982567,0.42566473394118104,0.26488376106665884,0.3094515049921601,0.13943162684954846,0.21281061589038366,0.0733789890408352,0.15180881074487523,0.012377183895326771
2018/19,True,0.15,2018/19|2019-04-27|Dortmund|Schalke 04,2019-04-27,Dortmund,Schalke 04,2,4,272,58,away_win,2,0.6676614273732067,0.1924191754206421,0.1399193972061514,0.6547810546902119,0.2093036632703053,0.13591528203948297,0.592755212452129,0.5876903146970662,-0.005064897755062803,0.568832595258907,-0.023922617193222084
2018/19,True,0.15,2018/19|2019-05-04|Werder Bremen|Dortmund,2019-05-04,Werder Bremen,Dortmund,2,2,284,70,draw,1,0.3156220954463776,0.2694443232411646,0.41493358131245767,0.2521586318884497,0.2217157902253795,0.5261255778861706,0.13589359201737217,0.17019604967095592,0.03430245765358375,0.14117284671203392,0.005279254694661756
2018/19,True,0.15,2018/19|2019-05-11|RB Leipzig|Bayern Munich,2019-05-11,RB Leipzig,Bayern Munich,0,0,295,81,draw,1,0.25942310129470814,0.24408613621768435,0.49649076248760754,0.1952166501548148,0.209552214097069,0.5952311357481163,0.15690171136044512,0.19620482273082981,0.0393031113703847,0.1361263090200655,-0.020775402340379612
2018/19,True,0.15,2018/19|2019-05-05|Freiburg|Fortuna Dusseldorf,2019-05-05,Freiburg,Fortuna Dusseldorf,1,1,286,72,draw,1,0.37335360449391225,0.25249354726640333,0.37415284823968453,0.4262077127057294,0.2609667545711551,0.3128255327231154,0.1396916339172325,0.13975641414667528,6.478022944278461e-05,0.14380448445439933,0.00411285053716684
2018/19,True,0.15,2018/19|2019-05-18|Wolfsburg|Augsburg,2019-05-18,Wolfsburg,Augsburg,8,1,306,92,home_win,0,0.5319266822276064,0.2574547043093633,0.21061861346303024,0.7322453122058618,0.1566553990456625,0.11109928874847559,0.13172641557377276,0.042017812398076816,-0.08970860317569596,0.06699786686599454,-0.06472854870777822
2018/19,True,0.15,2018/19|2019-05-18|Werder Bremen|RB Leipzig,2019-05-18,Werder Bremen,RB Leipzig,2,1,305,91,home_win,0,0.26265838171967976,0.2566926069041288,0.4806490113761915,0.43922392724496306,0.2431613761805033,0.3176146965745336,0.3873480670925759,0.20767444962734777,-0.17967361746522814,0.27806841928591924,-0.10927964780665667
2018/19,True,0.15,2018/19|2019-05-18|Schalke 04|Stuttgart,2019-05-18,Schalke 04,Stuttgart,0,0,304,90,draw,1,0.5229986635453804,0.25443308355922856,0.2225682528953909,0.5881359024599202,0.214221686326461,0.19764241121361878,0.1615321146335804,0.19248318123633898,0.030951066602758592,0.14026006125168217,-0.02127205338189822
2018/19,True,0.15,2018/19|2019-05-18|Mainz|Hoffenheim,2019-05-18,Mainz,Hoffenheim,4,2,303,89,home_win,0,0.27602387966756636,0.20268881206730865,0.521287308265125,0.23499899209353373,0.19936389903017002,0.5656371088762963,0.397940940284951,0.4525859405179222,0.05464500023297125,0.2345303674286357,-0.16341057285631527
2018/19,True,0.15,2018/19|2019-05-18|M'gladbach|Dortmund,2019-05-18,M'gladbach,Dortmund,0,2,302,88,away_win,2,0.32317651206275705,0.25825525007933503,0.41856823785790764,0.33769415436744077,0.22855646513393532,0.4337493804986239,0.22125297598835386,0.21733855298981658,-0.003914422998537281,0.2827651659385646,0.06151218995021074
2018/19,True,0.15,2018/19|2019-05-18|Hertha|Leverkusen,2019-05-18,Hertha,Leverkusen,1,5,301,87,away_win,2,0.2243581892725875,0.2343464881578147,0.5412953225695977,0.1595807868937956,0.18592233712962367,0.6544968759765807,0.1303732890951018,0.07241921812779262,-0.057954070967309174,0.2696785362460277,0.13930524715092593
2018/19,True,0.15,2018/19|2019-05-18|Freiburg|Nurnberg,2019-05-18,Freiburg,Nurnberg,5,1,300,86,home_win,0,0.44154866616098276,0.3017428590589658,0.25670847478005127,0.5593411436126071,0.22954094101083403,0.21111791537655886,0.18888356664523887,0.11937550095279442,-0.06950806569244444,0.17429921476795734,-0.01458435187728152
2018/19,True,0.15,2018/19|2019-05-18|Fortuna Dusseldorf|Hannover,2019-05-18,Fortuna Dusseldorf,Hannover,2,1,299,85,home_win,0,0.5643093236903564,0.2222434066819014,0.2134472696277423,0.709961787656506,0.15649076680921364,0.1335474455342805,0.1176930511673464,0.05097854241407067,-0.06671450875327573,0.09460178913570766,-0.023091262031638735
2018/19,True,0.15,2018/19|2019-05-18|Bayern Munich|Ein Frankfurt,2019-05-18,Bayern Munich,Ein Frankfurt,5,1,298,84,home_win,0,0.77582680666442,0.13239691573246906,0.09177627760311062,0.7371859859728751,0.16795019854338547,0.09486381548373936,0.02933825287047729,0.03903517472859139,0.009696921858114098,0.10530698961305032,0.07596873674257304
2018/19,True,0.15,2018/19|2019-05-04|Wolfsburg|Nurnberg,2019-05-04,Wolfsburg,Nurnberg,2,0,285,71,home_win,0,0.4994647734924468,0.2873416913678875,0.21319353513966577,0.5959518502006241,0.22382523406152474,0.1802229157378511,0.14799349820015772,0.09786760335667573,-0.050125894843482,0.10930970011850782,-0.0386837980816499
2018/19,True,0.15,2018/19|2019-05-12|Ein Frankfurt|Mainz,2019-05-12,Ein Frankfurt,Mainz,0,2,297,83,away_win,2,0.5778011015419672,0.21446958586885798,0.2077293125891749,0.6331363203050525,0.20350810295519545,0.16335557673975215,0.480773477536766,0.5504177455309475,0.06964426799418144,0.47123980233077045,-0.009533675205995573
2018/19,True,0.15,2018/19|2019-04-20|Augsburg|Stuttgart,2019-04-20,Augsburg,Stuttgart,6,0,262,48,home_win,0,0.4344074247609334,0.26773726029463163,0.29785531494443485,0.4002454246373211,0.2847226927449164,0.3150318826177624,0.20430637490310388,0.2294753188670795,0.02516894396397562,0.16622351433727892,-0.038082860565824966
2018/19,True,0.15,2018/19|2019-05-11|Nurnberg|M'gladbach,2019-05-11,Nurnberg,M'gladbach,0,4,294,80,away_win,2,0.3297575186897815,0.29961482803300676,0.3706276532772117,0.2270003546035352,0.2302278477969504,0.5427717975995143,0.2524247859758956,0.13029339503025508,-0.12213139094564054,0.26823509090032516,0.01581030492442953
2018/19,True,0.15,2018/19|2019-05-11|Leverkusen|Schalke 04,2019-05-11,Leverkusen,Schalke 04,1,1,293,79,draw,1,0.6642757919990853,0.20323351027761166,0.13249069772330271,0.7055193454444598,0.17573845513798364,0.1187421994175565,0.22940805640960985,0.2559286283594489,0.02652057194983906,0.18450207234305124,-0.0449059840665586
2018/19,True,0.15,2018/19|2019-05-11|Hoffenheim|Werder Bremen,2019-05-11,Hoffenheim,Werder Bremen,0,1,292,78,away_win,2,0.6829186045696951,0.17071086593372872,0.14637052949657642,0.6807436292468616,0.1732358339660472,0.14602053678709112,0.5975305466896876,0.5963464061747982,-0.0011841405148894646,0.41965309538401296,-0.17787745130567467
2018/19,True,0.15,2018/19|2019-05-11|Hannover|Freiburg,2019-05-11,Hannover,Freiburg,3,0,291,77,home_win,0,0.3590143551611934,0.27812541277454117,0.3628602320642654,0.3102860985629285,0.26050758007689717,0.4292063213601742,0.27126507245157666,0.3299616660655398,0.05869659361396312,0.2934428242602106,0.02217775180863396
2018/19,True,0.15,2018/19|2019-05-11|Dortmund|Fortuna Dusseldorf,2019-05-11,Dortmund,Fortuna Dusseldorf,3,2,290,76,home_win,0,0.7043096301660432,0.16556744917165223,0.13012292066230444,0.7053687615511935,0.1674792380112886,0.1271520004375178,0.05218238464711528,0.05148759894256999,-0.0006947857045452935,0.10625492517308727,0.054072540525971984
2018/19,True,0.15,2018/19|2019-05-11|Augsburg|Hertha,2019-05-11,Augsburg,Hertha,3,4,289,75,away_win,2,0.34428330479646646,0.26715643011547274,0.38856026508806063,0.3799608464621982,0.25970728069357696,0.36033187284422485,0.2461947716953795,0.27677277887162355,0.030578007176244038,0.30564731058580386,0.059452538890424345
2018/19,True,0.15,2018/19|2019-05-05|Schalke 04|Augsburg,2019-05-05,Schalke 04,Augsburg,0,0,288,74,draw,1,0.4908715845628394,0.2563196264733994,0.25280878896376147,0.57905163599182,0.23843302658486704,0.18251533742331286,0.15243359815427815,0.1843063227697745,0.03187272461549634,0.1554556964289971,0.003022098274718943
2018/19,True,0.15,2018/19|2019-05-05|Leverkusen|Ein Frankfurt,2019-05-05,Leverkusen,Ein Frankfurt,6,1,287,73,home_win,0,0.5662849085716296,0.23279620004206036,0.20091889138631022,0.5707892539168603,0.23158513882068316,0.1976256072624567,0.11423859072431176,0.11163887259955005,-0.0025997181247617157,0.21621363702949825,0.10197504630518649
2018/19,True,0.15,2018/19|2019-05-11|Stuttgart|Wolfsburg,2019-05-11,Stuttgart,Wolfsburg,3,0,296,82,home_win,0,0.31244226124437285,0.2673897813840882,0.42016795737153895,0.3186923268159284,0.2573083166376625,0.42399935654640913,0.3246383782622612,0.3219777999456313,-0.0026605783166299135,0.40587870323425534,0.08124032497199413
2018/19,True,0.15,2018/19|2019-04-14|Hoffenheim|Hertha,2019-04-14,Hoffenheim,Hertha,2,0,261,47,home_win,0,0.695983373019658,0.15746296572244733,0.14655366125789493,0.7381409341151938,0.14876378826013906,0.11309527762466712,0.05695204255429909,0.04068035610353192,-0.016271686450767167,0.07926095455341838,0.022308911999119288
2018/19,True,0.15,2018/19|2019-05-04|M'gladbach|Hoffenheim,2019-05-04,M'gladbach,Hoffenheim,2,2,283,69,draw,1,0.3360897881931521,0.22489587419874588,0.4390143376081021,0.420910058253828,0.24351903619672843,0.33557090554944363,0.15284496717659923,0.14488655489525723,-0.007958412281342003,0.1356067748121817,-0.017238192364417537
2018/19,True,0.15,2018/19|2019-04-14|Ein Frankfurt|Augsburg,2019-04-14,Ein Frankfurt,Augsburg,1,3,259,45,away_win,2,0.6901388837545229,0.18062944599584213,0.12923167024963506,0.6630414789371881,0.20042247603484362,0.13653604502796823,0.6172645814830896,0.5925970021635782,-0.024667579319511357,0.5625774599541865,-0.05468712152890309
2018/19,True,0.15,2018/19|2019-03-29|Hoffenheim|Leverkusen,2019-03-29,Hoffenheim,Leverkusen,4,1,235,21,home_win,0,0.4862286750276926,0.2290250335508248,0.2847462914214824,0.4168625647006835,0.2432564592018951,0.33988097609742135,0.17252071242104408,0.22778417318020022,0.05526346075915614,0.20309343412917086,0.030572721708126777
2018/19,True,0.15,2018/19|2019-03-17|Leverkusen|Werder Bremen,2019-03-17,Leverkusen,Werder Bremen,1,3,234,20,away_win,2,0.6243106190422505,0.2099668945401494,0.16572248641759993,0.6082568008283897,0.2221942651427908,0.16954893402881943,0.5428913593590747,0.5298126543633288,-0.013078704995745927,0.385758248788983,-0.15713311057009172
2018/19,True,0.15,2018/19|2019-03-17|Ein Frankfurt|Nurnberg,2019-03-17,Ein Frankfurt,Nurnberg,1,0,233,19,home_win,0,0.6796882776802006,0.1987902697572416,0.12152145256255792,0.7214424609679717,0.1723231546697116,0.10623438436231672,0.05868353144419515,0.0444400234862102,-0.01424350795798495,0.09862659663435368,0.03994306519015853
2018/19,True,0.15,2018/19|2019-03-17|Bayern Munich|Mainz,2019-03-17,Bayern Munich,Mainz,6,0,232,18,home_win,0,0.8458856583361867,0.08677186446436981,0.0673424771994434,0.8616450166320563,0.10031625973263027,0.038038723635313486,0.014143119770914078,0.010294522959273869,-0.003848596811640209,0.06302399864346708,0.048880878872553005
2018/19,True,0.15,2018/19|2019-03-16|Wolfsburg|Fortuna Dusseldorf,2019-03-16,Wolfsburg,Fortuna Dusseldorf,5,2,231,17,home_win,0,0.47506941267193203,0.28355262380261304,0.24137796352545524,0.5096969619180861,0.26598939815943834,0.2243136399224757,0.16690772139414312,0.14535683910381236,-0.021550882290330753,0.15919610884785945,-0.007711612546283664
2018/19,True,0.15,2018/19|2019-03-16|Stuttgart|Hoffenheim,2019-03-16,Stuttgart,Hoffenheim,1,1,230,16,draw,1,0.24804573651182132,0.21078380353597667,0.5411704599522021,0.2527917296532891,0.24030818744818844,0.5069000828985225,0.17719607706328488,0.16042567631181526,-0.016770400751469627,0.16057666556354608,-0.016619411499738806
2018/19,True,0.15,2018/19|2019-03-16|Schalke 04|RB Leipzig,2019-03-16,Schalke 04,RB Leipzig,0,1,229,15,away_win,2,0.25076886772494805,0.25618711293406915,0.4930440193409826,0.24788140634507325,0.2698542733895119,0.48226432026541477,0.15994469567299913,0.1647477128409221,0.004803017167922974,0.18244664557168355,0.022501949898684426
2018/19,True,0.15,2018/19|2019-03-16|Hertha|Dortmund,2019-03-16,Hertha,Dortmund,2,3,228,14,away_win,2,0.33193470931051744,0.27882683764237587,0.38923845304710647,0.26638707401988343,0.2671169016199379,0.46649602436017873,0.2416051592406745,0.17779428261418495,-0.06381087662648954,0.24622591689904055,0.004620757658366059
2018/19,True,0.15,2018/19|2019-03-16|Augsburg|Hannover,2019-03-16,Augsburg,Hannover,3,1,227,13,home_win,0,0.5800008372355976,0.23839577016579044,0.18160339259861188,0.5924267798473596,0.23188064891400229,0.17569257123863827,0.1046895444630623,0.09849190468701832,-0.006197639776043984,0.10635566029569607,0.0016661158326337633
2018/19,True,0.15,2018/19|2019-03-30|Dortmund|Wolfsburg,2019-03-30,Dortmund,Wolfsburg,2,0,236,22,home_win,0,0.5872727325750027,0.23218487367960997,0.1805423937453875,0.6480716129148694,0.21747369560901658,0.13445469147611397,0.10146967660770988,0.07096582684813928,-0.0305038497595706,0.1551959991966941,0.05372632258898423
2018/19,True,0.15,2018/19|2019-03-15|M'gladbach|Freiburg,2019-03-15,M'gladbach,Freiburg,1,1,226,12,draw,1,0.5591746908855123,0.2400009325326716,0.20082437658181626,0.593034733402487,0.24014245994569847,0.16682280665181454,0.17650338257819165,0.18976002192047375,0.013256639342282106,0.15753616401868759,-0.018967218559504062
2018/19,True,0.15,2018/19|2019-03-10|Hoffenheim|Nurnberg,2019-03-10,Hoffenheim,Nurnberg,2,1,224,10,home_win,0,0.7467235109881756,0.15253912318461804,0.10073736582720631,0.7495157655225052,0.15202442413899872,0.09845981033849611,0.03714849837998062,0.0362183429868346,-0.0009301553931460177,0.08767567843853454,0.05052718005855392
2018/19,True,0.15,2018/19|2019-03-10|Hannover|Leverkusen,2019-03-10,Hannover,Leverkusen,2,3,223,9,away_win,2,0.1571518210211401,0.18494678904059303,0.6579013899382672,0.12632804540823753,0.18337942075389316,0.6902925338378693,0.0708640769282151,0.055938744826616524,-0.014925332101598576,0.1114594343581717,0.0405953574299566
2018/19,True,0.15,2018/19|2019-03-09|RB Leipzig|Augsburg,2019-03-09,RB Leipzig,Augsburg,0,0,222,8,draw,1,0.623301723532154,0.2188896533002011,0.15780862316764485,0.7342571518390444,0.17245897516504247,0.09328387299591323,0.20670430005211074,0.27391772299395156,0.06721342294184082,0.17689035721103047,-0.02981394284108027
2018/19,True,0.15,2018/19|2019-03-09|Mainz|M'gladbach,2019-03-09,Mainz,M'gladbach,0,1,221,7,away_win,2,0.3857084136172046,0.2526242126528081,0.3616673737299872,0.3285219334379126,0.27484792741143677,0.3966301391506506,0.2781197610479361,0.23599092486557377,-0.04212883618236235,0.2385437518722657,-0.03957600917567042
2018/19,True,0.15,2018/19|2019-03-09|Freiburg|Hertha,2019-03-09,Freiburg,Hertha,2,1,220,6,home_win,0,0.31656795946386135,0.26173775989745107,0.4216942806386876,0.3887839958059651,0.28701406749205066,0.32420193670198416,0.3224527101773853,0.23934594977211993,-0.08310676040526538,0.23318588189557685,-0.08926682828180846
2018/19,True,0.15,2018/19|2019-03-09|Dortmund|Stuttgart,2019-03-09,Dortmund,Stuttgart,3,1,219,5,home_win,0,0.6895768429801526,0.18747312679395509,0.12295003022589225,0.7385369420042313,0.16151642638155977,0.099946631614209,0.05573962317335831,0.03917612993376257,-0.016563493239595738,0.058369261033081425,0.0026296378597231163
2018/19,True,0.15,2018/19|2019-03-09|Bayern Munich|Wolfsburg,2019-03-09,Bayern Munich,Wolfsburg,6,0,218,4,home_win,0,0.7165219096829312,0.17354422205387615,0.10993386826319278,0.789910649944685,0.13806461216798216,0.07202473788733299,0.04622264154056062,0.024662548937201854,-0.021560092603358765,0.14157000612542583,0.09534736458486522
2018/19,True,0.15,2018/19|2019-03-08|Werder Bremen|Schalke 04,2019-03-08,Werder Bremen,Schalke 04,4,2,217,3,home_win,0,0.46798301146825805,0.2587532264698593,0.27326376206188246,0.4412116294401902,0.2801947416847185,0.2785936288750915,0.17885757987129844,0.1949294265613397,0.016071846690041275,0.13530427946695173,-0.04355330040434671
2018/19,True,0.15,2018/19|2019-03-03|Wolfsburg|Werder Bremen,2019-03-03,Wolfsburg,Werder Bremen,1,1,216,2,draw,1,0.4957858710160342,0.26314700381279843,0.2410671251711673,0.42798160419635906,0.27721535726355073,0.2948030385400902,0.15195849436870948,0.1350385425314794,-0.01691995183723008,0.1379917170404783,-0.013966777328231178
2018/19,True,0.15,2018/19|2019-03-11|Fortuna Dusseldorf|Ein Frankfurt,2019-03-11,Fortuna Dusseldorf,Ein Frankfurt,0,3,225,11,away_win,2,0.34709553046700903,0.274658642330535,0.3782458272024563,0.35599442871633385,0.2717060542291796,0.37229951705448655,0.25352677933066625,0.2603699647835499,0.006843185452883649,0.283826697600207,0.03029991826954076
2018/19,True,0.15,2018/19|2019-03-30|Fortuna Dusseldorf|M'gladbach,2019-03-30,Fortuna Dusseldorf,M'gladbach,3,1,237,23,home_win,0,0.3595059326343866,0.2815794767735292,0.35891459059208425,0.25506417090649,0.25776326266211425,0.48717256643139584,0.2695261668352152,0.39613324947529394,0.12660708264007875,0.23532215055742564,-0.034204016277789545
2018/19,True,0.15,2018/19|2019-03-03|Stuttgart|Hannover,2019-03-03,Stuttgart,Hannover,5,1,215,1,home_win,0,0.490907085675948,0.2708948054778031,0.23819810884624903,0.5655687536522479,0.24627297627389017,0.18815827007386196,0.157956967236443,0.11206702120022484,-0.04588994603621817,0.20197071156338497,0.04401374432694197
2018/19,True,0.15,2018/19|2019-03-30|Freiburg|Bayern Munich,2019-03-30,Freiburg,Bayern Munich,1,1,238,24,draw,1,0.12811748124683364,0.15505292395444004,0.7168295947987262,0.07266478898980767,0.13278743631836087,0.7945477746918315,0.2651293784901695,0.3182931689133373,0.05316379042316782,0.1497880249352433,-0.1153413535549262
2018/19,True,0.15,2018/19|2019-04-13|Werder Bremen|Freiburg,2019-04-13,Werder Bremen,Freiburg,2,1,258,44,home_win,0,0.5254899710085306,0.2467224681856142,0.2277875608058552,0.5917835916916856,0.2361374915752711,0.17207891673304335,0.13852347023568318,0.09812589479807907,-0.04039757543760411,0.11172923930174912,-0.026794230933934057
2018/19,True,0.15,2018/19|2019-04-13|Stuttgart|Leverkusen,2019-04-13,Stuttgart,Leverkusen,0,1,257,43,away_win,2,0.22377520242538304,0.22366347557252728,0.5525613220020896,0.22599896603953842,0.23584879991051103,0.5381522340499506,0.1251383558945194,0.13218944578199604,0.00705108988747663,0.2477891837771251,0.1226508278826057
2018/19,True,0.15,2018/19|2019-04-13|RB Leipzig|Wolfsburg,2019-04-13,RB Leipzig,Wolfsburg,2,0,256,42,home_win,0,0.6572858701782351,0.2067127936802342,0.13600133614153073,0.6504091626268159,0.20707471203289654,0.1425161253402876,0.06797466910588555,0.0712622997786463,0.0032876306727607496,0.11228845818489012,0.04431378907900457
2018/19,True,0.15,2018/19|2019-04-13|Hannover|M'gladbach,2019-04-13,Hannover,M'gladbach,0,1,255,41,away_win,2,0.24486358607830208,0.2629975799459679,0.49213883397572983,0.16844388712438105,0.20262601484627427,0.6289300980293449,0.1589405698713286,0.08303310762904148,-0.07590746224228712,0.1363879371072151,-0.022552632764113484
2018/19,True,0.15,2018/19|2019-04-13|Dortmund|Mainz,2019-04-13,Dortmund,Mainz,2,1,254,40,home_win,0,0.6811771861247922,0.18916665006927377,0.12965616380593406,0.7544175745377063,0.1552499188759267,0.0903325065863671,0.05922935373008831,0.03423534472105953,-0.024994009009028775,0.11123798459049644,0.052008630860408134
2018/19,True,0.15,2018/19|2019-04-14|Fortuna Dusseldorf|Bayern Munich,2019-04-14,Fortuna Dusseldorf,Bayern Munich,1,4,260,46,away_win,2,0.1345902075040734,0.15394871497144588,0.7114610775244807,0.05398999209902554,0.10282717477184504,0.8431828331291294,0.05068461686966162,0.013753271536129654,-0.03693134533353197,0.16556724962664995,0.11488263275698833
2018/19,True,0.15,2018/19|2019-04-07|M'gladbach|Werder Bremen,2019-04-07,M'gladbach,Werder Bremen,1,1,252,38,draw,1,0.4734382330781977,0.2618918351391706,0.2646699317826316,0.4820071269032071,0.25555233499855073,0.2624405380982421,0.1470969666650144,0.15060295321138964,0.0035059865463752393,0.1325502259424982,-0.014546740722516188
2018/19,True,0.15,2018/19|2019-04-07|Augsburg|Hoffenheim,2019-04-07,Augsburg,Hoffenheim,0,4,251,37,away_win,2,0.23831746294990108,0.20555574268180923,0.5561267943682898,0.23989942038868056,0.22494033412887826,0.5351602454824411,0.12690931791232402,0.13681386464138462,0.009904546729060604,0.19662786161271636,0.06971854370039235
2018/19,True,0.15,2018/19|2019-04-06|Wolfsburg|Hannover,2019-04-06,Wolfsburg,Hannover,3,1,250,36,home_win,0,0.5645819034609614,0.2609726489576117,0.17444544758142702,0.6668244310938418,0.19813430841927676,0.13504126048688136,0.11001006648778197,0.06462105087491395,-0.045389015612868025,0.04736604472129709,-0.06264402176648488
2018/19,True,0.15,2018/19|2019-04-06|Stuttgart|Nurnberg,2019-04-06,Stuttgart,Nurnberg,1,1,249,35,draw,1,0.47298874686033815,0.2883982255983433,0.23861302754131894,0.5426242385617525,0.2562789939381364,0.20109676750011116,0.14032726578447355,0.16744048708685771,0.027113221302384166,0.13997158749606395,-0.0003556782884095999
2018/19,True,0.15,2018/19|2019-04-12|Nurnberg|Schalke 04,2019-04-12,Nurnberg,Schalke 04,1,1,253,39,draw,1,0.377962180272206,0.2935568291095131,0.32848099061828095,0.2848711578885475,0.284040629731438,0.43108821238001443,0.12537758545684335,0.13349431172487913,0.008116726268035779,0.13179127403789298,0.006413688581049626
2018/19,True,0.15,2018/19|2019-04-06|Leverkusen|RB Leipzig,2019-04-06,Leverkusen,RB Leipzig,2,4,247,33,away_win,2,0.3683176691181461,0.2700388610367215,0.3616434698451325,0.3809893848974326,0.26942895727553245,0.34958165782703493,0.27157848248799327,0.28409846561977614,0.012519983131782875,0.2249703067368411,-0.04660817575115217
2018/19,True,0.15,2018/19|2019-04-06|Hertha|Fortuna Dusseldorf,2019-04-06,Hertha,Fortuna Dusseldorf,1,2,246,32,away_win,2,0.4996152937624858,0.2529040681385015,0.24748063809901266,0.4919782160730056,0.2550044156608773,0.25301736826611715,0.4079504158986221,0.4000128086012274,-0.007937607297394678,0.33659180686997886,-0.07135860902864322
2018/19,True,0.15,2018/19|2019-04-06|Bayern Munich|Dortmund,2019-04-06,Bayern Munich,Dortmund,5,0,245,31,home_win,0,0.6614481314042154,0.20539424693584754,0.1331576216599373,0.6699819168173599,0.19067711472774768,0.13934096845489252,0.06617415996791416,0.06416392035874567,-0.0020102396091684904,0.13163119415363256,0.0654570341857184
2018/19,True,0.15,2018/19|2019-04-05|Mainz|Freiburg,2019-04-05,Mainz,Freiburg,5,0,244,30,home_win,0,0.4527037129074518,0.26935711851611305,0.2779391685764352,0.4510309278350515,0.2706185567010309,0.2783505154639175,0.1883917036471245,0.18942302582633658,0.0010313221792120908,0.26935222873750564,0.08096052509038115
2018/19,True,0.15,2018/19|2019-03-31|Hannover|Schalke 04,2019-03-31,Hannover,Schalke 04,0,1,243,29,away_win,2,0.26419368034227736,0.25876729180807173,0.47703902784965097,0.22771909132864981,0.26199938464694117,0.510281524024409,0.17164323956261782,0.14584008513370073,-0.02580315442891709,0.25615279631138155,0.08450955674876373
2018/19,True,0.15,2018/19|2019-03-31|Ein Frankfurt|Stuttgart,2019-03-31,Ein Frankfurt,Stuttgart,3,0,242,28,home_win,0,0.6861308359436246,0.18040001798413113,0.1334691460722443,0.6378918683187931,0.2094159049340314,0.15269222674717564,0.05816393254935101,0.07721860756933259,0.01905467501998158,0.07018155970006965,0.012017627150718635
2018/19,True,0.15,2018/19|2019-03-30|Werder Bremen|Mainz,2019-03-30,Werder Bremen,Mainz,3,1,241,27,home_win,0,0.5466307136941313,0.24050661935291295,0.21286266695295597,0.5898957941377484,0.23567265383227234,0.17443155202997937,0.12542711237390886,0.0993059130047477,-0.026121199369161158,0.10196516162974201,-0.02346195074416685
2018/19,True,0.15,2018/19|2019-03-30|RB Leipzig|Hertha,2019-03-30,RB Leipzig,Hertha,5,0,240,26,home_win,0,0.5842968032458294,0.24055621153947385,0.17514698521469674,0.6074282583643474,0.23879243572062794,0.15377930591502464,0.10174280711071693,0.08888032362927814,-0.012862483481438786,0.13647174474689736,0.03472893763618043
2018/19,True,0.15,2018/19|2019-03-30|Nurnberg|Augsburg,2019-03-30,Nurnberg,Augsburg,3,0,239,25,home_win,0,0.37329518774697734,0.30464242994214596,0.32206238231087686,0.3076383361561994,0.28938086813506,0.40298079570874057,0.24824154990042685,0.3208790976353028,0.07263754773487596,0.2443738860913761,-0.0038676638090507365
2018/19,True,0.15,2018/19|2019-04-06|Schalke 04|Ein Frankfurt,2019-04-06,Schalke 04,Ein Frankfurt,1,2,248,34,away_win,2,0.2882848856491756,0.25072659434651945,0.4609885200043053,0.2994755787819541,0.27044055036819126,0.4300838708498548,0.18682077543045394,0.20724500827613576,0.020424232845681817,0.1854055147561981,-0.0014152606742558471
2019/20,True,0.15,2019/20|2020-06-13|Hertha|Ein Frankfurt,2020-06-13,Hertha,Ein Frankfurt,1,4,275,61,away_win,2,0.2610780594096474,0.23788087997053248,0.5010410606198203,0.4498504486540379,0.2596211365902293,0.29052841475573277,0.1585608881462507,0.3528576782116264,0.1942967900653757,0.32150705890081244,0.16294617075456175
2019/20,True,0.15,2019/20|2020-06-13|Paderborn|Werder Bremen,2020-06-13,Paderborn,Werder Bremen,1,5,276,62,away_win,2,0.4044562177204652,0.31828010606590035,0.2772636762136344,0.25531255648222256,0.2367218363500219,0.5079656071677554,0.34296631288648727,0.1536411726136418,-0.18932514027284547,0.3626274566177752,0.01966114373128791
2019/20,True,0.15,2019/20|2020-06-13|Wolfsburg|Freiburg,2020-06-13,Wolfsburg,Freiburg,2,2,277,63,draw,1,0.5944976224603492,0.22858143254632796,0.17692094499332311,0.6141359000143657,0.21562993822726617,0.17023416175836803,0.19236422194416913,0.20307128675801459,0.010707064813845452,0.13257461910626145,-0.059789602837907685
2019/20,True,0.15,2019/20|2020-06-16|Union Berlin|Paderborn,2020-06-16,Union Berlin,Paderborn,1,0,282,68,home_win,0,0.49648036280506647,0.26396608766606994,0.23955354952886393,0.5312528932149095,0.2394563533456366,0.22929075343945388,0.15545896406639761,0.1361490498661127,-0.01930991420028491,0.27369444819503125,0.11823548412863363
2019/20,True,0.15,2019/20|2020-06-14|Schalke 04|Leverkusen,2020-06-14,Schalke 04,Leverkusen,1,1,279,65,draw,1,0.19254994062859704,0.23385199024103565,0.5735980691303673,0.13063882839780883,0.19530110563294156,0.6740600659692496,0.1830451122730809,0.23571173800981066,0.052666625736729755,0.19736616395486736,0.014321051681786462
2019/20,True,0.15,2019/20|2020-06-16|Freiburg|Hertha,2020-06-16,Freiburg,Hertha,2,1,280,66,home_win,0,0.44954527481490275,0.27475430256878175,0.2757004226163156,0.37968898138949847,0.27181077497799755,0.348500243632504,0.189505563754708,0.25311908981075626,0.06361352605604825,0.25331998003102857,0.06381441627632056
2019/20,True,0.15,2019/20|2020-06-16|M'gladbach|Wolfsburg,2020-06-16,M'gladbach,Wolfsburg,3,0,281,67,home_win,0,0.42006376993786143,0.24536531337740625,0.3345709166847323,0.4068352618394369,0.2719790051294286,0.3211857330311344,0.22413186461497392,0.22750234084991833,0.0033704762349444084,0.2408647643851042,0.01673289977013029
2019/20,True,0.15,2019/20|2020-06-14|Mainz|Augsburg,2020-06-14,Mainz,Augsburg,0,1,278,64,away_win,2,0.2929238030323434,0.25575801301430734,0.4513181839533495,0.4733545343977507,0.2746789692561596,0.25196649634608953,0.19342804482159084,0.39180931891182796,0.19838127409023712,0.2851382566666607,0.09171021184506986
2019/20,True,0.15,2019/20|2020-06-13|Fortuna Dusseldorf|Dortmund,2020-06-13,Fortuna Dusseldorf,Dortmund,0,1,274,60,away_win,2,0.15809980954158018,0.22311794867532372,0.6187822417830963,0.1332747699847427,0.19575569836793194,0.6709695316473253,0.08516126447850286,0.06301160670943325,-0.022149657769069617,0.06903311983543664,-0.016128144643066222
2019/20,True,0.15,2019/20|2020-06-06|Dortmund|Hertha,2020-06-06,Dortmund,Hertha,1,0,263,49,home_win,0,0.657573704627037,0.19677975200646972,0.14564654336649316,0.679345652981887,0.19546565065676022,0.12518869636135288,0.06923434167872976,0.05924570997913371,-0.009988631699596046,0.0932052078911992,0.02397086621246944
2019/20,True,0.15,2019/20|2020-06-13|Bayern Munich|M'gladbach,2020-06-13,Bayern Munich,M'gladbach,2,1,272,58,home_win,0,0.6229708876019716,0.19364062904090493,0.18338848335712357,0.6572073422875992,0.20263893053867643,0.14015372717372435,0.08789114371183553,0.06857493671110895,-0.019316207000726573,0.0868460719172171,-0.0010450717946184213
2019/20,True,0.15,2019/20|2020-06-12|Hoffenheim|RB Leipzig,2020-06-12,Hoffenheim,RB Leipzig,0,2,271,57,away_win,2,0.12710005652183443,0.14384327465468863,0.729056668823477,0.1298883086041954,0.16607940997596268,0.704032281419842,0.04478235653844227,0.052233931576801174,0.007451575038358901,0.13373692284705327,0.088954566308611
2019/20,True,0.15,2019/20|2020-06-07|Werder Bremen|Wolfsburg,2020-06-07,Werder Bremen,Wolfsburg,0,1,270,56,away_win,2,0.1950246382369427,0.28139936072160665,0.5235760010414506,0.24277831451858675,0.2515383567950306,0.5056833286863828,0.1325072181515531,0.1516451407695303,0.0191379226179772,0.1768769200036142,0.0443697018520611
2019/20,True,0.15,2019/20|2020-06-07|Union Berlin|Schalke 04,2020-06-07,Union Berlin,Schalke 04,1,1,269,55,draw,1,0.39887654268545153,0.3207260676750518,0.280397389639497,0.4044084078192266,0.30552484728662577,0.29006674489414763,0.11886259621067127,0.12384243840418421,0.00497984219351294,0.1377993134653232,0.01893671725465193
2019/20,True,0.15,2019/20|2020-06-07|Augsburg|FC Koln,2020-06-07,Augsburg,FC Koln,1,1,268,54,draw,1,0.2995275713715839,0.2486831021368118,0.45178932649160436,0.3284140301223087,0.2701910441726474,0.4013949257050439,0.14691518077174837,0.13448683078146723,-0.01242834999028114,0.14553394125857363,-0.0013812395131747313
2019/20,True,0.15,2019/20|2020-06-06|RB Leipzig|Paderborn,2020-06-06,RB Leipzig,Paderborn,1,1,267,53,draw,1,0.8153555616282634,0.10318916023946716,0.08145527813226942,0.8686631923468306,0.09126667686946063,0.04007013078370882,0.3357198271068731,0.3780906785596052,0.04237085145273212,0.22980690156767716,-0.10591292553919593
2019/20,True,0.15,2019/20|2020-06-06|Leverkusen|Bayern Munich,2020-06-06,Leverkusen,Bayern Munich,2,4,266,52,away_win,2,0.27836746846844446,0.21479030774387342,0.5068422237876821,0.12108738837088606,0.16307246273064052,0.7158401488984734,0.1603465198701045,0.04770448830026178,-0.11264203156984273,0.17829341942018712,0.017946899550082607
2019/20,True,0.15,2019/20|2020-06-06|Fortuna Dusseldorf|Hoffenheim,2020-06-06,Fortuna Dusseldorf,Hoffenheim,2,2,265,51,draw,1,0.28384647967650223,0.25344875759296687,0.4627047627305309,0.38404472312457505,0.2724786583062627,0.34347661856916223,0.14733226073912997,0.13273326843176864,-0.014598992307361336,0.13912824087857845,-0.008204019860551526
2019/20,True,0.15,2019/20|2020-06-06|Ein Frankfurt|Mainz,2020-06-06,Ein Frankfurt,Mainz,0,2,264,50,away_win,2,0.6135571944353346,0.20961471192510994,0.1768280936395555,0.49211463795380855,0.24238482167874154,0.26550054036744986,0.5270322091322237,0.39083313654445806,-0.13619907258776565,0.39284799418589433,-0.13418421494632937
2019/20,True,0.15,2019/20|2020-06-16|Werder Bremen|Bayern Munich,2020-06-16,Werder Bremen,Bayern Munich,0,1,283,69,away_win,2,0.11906288372923433,0.1728202610952173,0.7081168551755483,0.057008581937065796,0.11953412341642827,0.823457294646506,0.0496858702572665,0.01720865261400288,-0.03247721764326362,0.0483432574797676,-0.0013426127774988986
2019/20,True,0.15,2019/20|2020-06-13|FC Koln|Union Berlin,2020-06-13,FC Koln,Union Berlin,1,2,273,59,away_win,2,0.5044202140628179,0.26361822069959817,0.23196156523758404,0.4826575906027553,0.2754147833382954,0.2419276260589493,0.42216139481374054,0.4038160369495385,-0.01834535786420205,0.4547609814387893,0.03259958662504875
2019/20,True,0.15,2019/20|2020-06-17|Augsburg|Hoffenheim,2020-06-17,Augsburg,Hoffenheim,1,3,284,70,away_win,2,0.39276725542332497,0.2424244563009245,0.3648082882757504,0.2928839004155232,0.25136685267620934,0.45574924690826735,0.27886731378797674,0.19099493068176407,-0.08787238310621268,0.2869034763316573,0.008036162543680558
2019/20,True,0.15,2019/20|2020-06-20|Paderborn|M'gladbach,2020-06-20,Paderborn,M'gladbach,1,3,295,81,away_win,2,0.17005181441025385,0.18782742538749664,0.6421207602022497,0.07339482307561808,0.11803887604132252,0.8085663008830594,0.07849758493121761,0.02101683060594831,-0.057480754325269307,0.15495407050072899,0.07645648556951137
2019/20,True,0.15,2019/20|2020-06-17|Ein Frankfurt|Schalke 04,2020-06-17,Ein Frankfurt,Schalke 04,2,1,286,72,home_win,0,0.6296880047965749,0.2183920017785852,0.15191999342483997,0.6153055013328296,0.22661601214589064,0.15807848652127982,0.08010532909687246,0.086489332602822,0.006384003505949545,0.13340193001931516,0.053296600922442705
2019/20,True,0.15,2019/20|2020-06-05|Freiburg|M'gladbach,2020-06-05,Freiburg,M'gladbach,1,0,262,48,home_win,0,0.21967479564459788,0.22497950178621692,0.5553457025691855,0.19191185890592305,0.2277832344023573,0.5803049066917197,0.45865813695718105,0.49488011425368317,0.03622197729650212,0.35986695601304153,-0.09879118094413952
2019/20,True,0.15,2019/20|2020-06-27|Wolfsburg|Bayern Munich,2020-06-27,Wolfsburg,Bayern Munich,0,4,306,92,away_win,2,0.2337985607117973,0.23229020458430122,0.5339112347039016,0.19521176814147898,0.19719160351816747,0.6075966283403534,0.13595025206307482,0.09604402025539059,-0.039906231807684225,0.08681162652915768,-0.04913862553391714
2019/20,True,0.15,2019/20|2020-06-27|Werder Bremen|FC Koln,2020-06-27,Werder Bremen,FC Koln,6,1,305,91,home_win,0,0.2013402859807913,0.3007293785866419,0.49793033543256665,0.6084486982142814,0.21026304905893092,0.18128825272678775,0.4428959788706163,0.09308892625341128,-0.349807052617205,0.2885519744257869,-0.15434400444482943
2019/20,True,0.15,2019/20|2020-06-27|Union Berlin|Fortuna Dusseldorf,2020-06-27,Union Berlin,Fortuna Dusseldorf,3,0,304,90,home_win,0,0.42514820433486505,0.3187201260960479,0.25613166956908706,0.25008436682696367,0.2920146798278917,0.4579009533451447,0.19802900956783898,0.3860233699758541,0.18799436040801515,0.22584520813867873,0.02781619857083975
2019/20,True,0.15,2019/20|2020-06-27|M'gladbach|Hertha,2020-06-27,M'gladbach,Hertha,2,1,303,89,home_win,0,0.6189821124246421,0.20256235951273938,0.1784555280626188,0.6775907883082375,0.195748449955713,0.1266607617360496,0.08851050307424807,0.05999532417363002,-0.028515178900618048,0.13278553927763687,0.044275036203388796
2019/20,True,0.15,2019/20|2020-06-27|Leverkusen|Mainz,2020-06-27,Leverkusen,Mainz,1,0,302,88,home_win,0,0.6187902740498262,0.19597229476260636,0.1852374311875672,0.6945331892302758,0.16793548616966944,0.1375313246000546,0.08981688053598769,0.056112418864036034,-0.03370446167195165,0.13214819915215867,0.04233131861617098
2019/20,True,0.15,2019/20|2020-06-27|Freiburg|Schalke 04,2020-06-27,Freiburg,Schalke 04,4,0,301,87,home_win,0,0.5053923585765119,0.26872261002120257,0.22588503140228597,0.4417177914110429,0.27116564417177913,0.28711656441717787,0.14783038318305866,0.19705747299484372,0.04922708981178506,0.12945359593176403,-0.01837678725129463
2019/20,True,0.15,2019/20|2020-06-27|Ein Frankfurt|Paderborn,2020-06-27,Ein Frankfurt,Paderborn,3,2,300,86,home_win,0,0.6281199091293318,0.2031566285324947,0.16872346233817329,0.7644464428308887,0.14599202742785394,0.08956152974125726,0.08338120436467875,0.03175337295230796,-0.05162783141237079,0.14688725149074183,0.06350604712606309
2019/20,True,0.15,2019/20|2020-06-27|Dortmund|Hoffenheim,2020-06-27,Dortmund,Hoffenheim,0,4,299,85,away_win,2,0.6092270869596136,0.21679275947157503,0.17398015356881133,0.514913357458273,0.22898499896379665,0.25610164357793047,0.5267332150917505,0.40926026518820396,-0.11747294990354656,0.49214145409561944,-0.03459176099613109
2019/20,True,0.15,2019/20|2020-06-17|Dortmund|Mainz,2020-06-17,Dortmund,Mainz,0,2,285,71,away_win,2,0.673065239628944,0.20496441576877922,0.12197034460227671,0.7365662061376697,0.16340628438684435,0.100027509475486,0.6119764462773063,0.6762401298624683,0.06426368358516199,0.5547317991217215,-0.05724464715558475
2019/20,True,0.15,2019/20|2020-06-27|Augsburg|RB Leipzig,2020-06-27,Augsburg,RB Leipzig,1,2,298,84,away_win,2,0.1527689856794252,0.18781537956772942,0.659415634752845,0.14556218505580118,0.18844096825053328,0.6659968466936655,0.06966803641816383,0.06637322806839703,-0.003294808349766795,0.11011596653075514,0.04044793011259132
2019/20,True,0.15,2019/20|2020-06-20|RB Leipzig|Dortmund,2020-06-20,RB Leipzig,Dortmund,0,2,296,82,away_win,2,0.4466413585056125,0.3105777352602215,0.24278090623416573,0.43019057646557346,0.2646429833541604,0.3051664401802662,0.38643462954564495,0.3339288039657731,-0.05250582557987182,0.26589495108703687,-0.12053967845860808
2019/20,True,0.15,2019/20|2020-06-20|Mainz|Werder Bremen,2020-06-20,Mainz,Werder Bremen,3,1,294,80,home_win,0,0.4382457901706274,0.3112837585261577,0.25047045130321505,0.4029390170728344,0.2642581087577939,0.3328028741693717,0.1891516196185295,0.23361978519467388,0.044468165576144386,0.20235395469201994,0.013202335073490445
2019/20,True,0.15,2019/20|2020-06-20|Hoffenheim|Union Berlin,2020-06-20,Hoffenheim,Union Berlin,4,0,293,79,home_win,0,0.43302083524830465,0.2645819211615074,0.30239724359018816,0.6650883496198101,0.19190296253852232,0.1430086878416676,0.20645473309673676,0.06630864917928903,-0.14014608391744773,0.1669484143039349,-0.039506318792801864
2019/20,True,0.15,2019/20|2020-06-20|Hertha|Leverkusen,2020-06-20,Hertha,Leverkusen,2,0,292,78,home_win,0,0.21284550792412954,0.21407556525293736,0.5730789268229329,0.16151395362558263,0.1902767124904124,0.6482093338840049,0.4740158253818731,0.5616170952494735,0.08760126986760036,0.3602515554643287,-0.1137642699175444
2019/20,True,0.15,2019/20|2020-06-20|Fortuna Dusseldorf|Augsburg,2020-06-20,Fortuna Dusseldorf,Augsburg,1,1,291,77,draw,1,0.3669339116951974,0.300315278296726,0.3327508100080767,0.5651542325248766,0.24120726549448826,0.19363850198063504,0.122681798556485,0.17844758799504337,0.055765789438558366,0.13667338267842688,0.013991584121941875
2019/20,True,0.15,2019/20|2020-06-20|FC Koln|Ein Frankfurt,2020-06-20,FC Koln,Ein Frankfurt,1,1,290,76,draw,1,0.401105468573313,0.25117239396547214,0.3477221374612147,0.33977624740790047,0.24876475256649858,0.411459000025601,0.14089814090000652,0.14237320350233115,0.0014750626023246338,0.15523380169164347,0.01433566079163695
2019/20,True,0.15,2019/20|2020-06-20|Bayern Munich|Freiburg,2020-06-20,Bayern Munich,Freiburg,3,1,289,75,home_win,0,0.7613141027572398,0.1361091040284464,0.10257679321431375,0.7297189102633459,0.1678099236145673,0.10247116612208687,0.03374647802435679,0.04177610367782678,0.008029625653469992,0.07366384674989017,0.03991736872553338
2019/20,True,0.15,2019/20|2020-06-17|RB Leipzig|Fortuna Dusseldorf,2020-06-17,RB Leipzig,Fortuna Dusseldorf,2,2,288,74,draw,1,0.7510961084871911,0.15047504895873232,0.09842884255407655,0.7409625583749311,0.16177682524519327,0.09726061637987571,0.2869168006155688,0.27924257020605825,-0.007674230409510541,0.2446782316928647,-0.042238568922704084
2019/20,True,0.15,2019/20|2020-06-17|Leverkusen|FC Koln,2020-06-17,Leverkusen,FC Koln,3,1,287,73,home_win,0,0.45479948390830005,0.23121807697103602,0.3139824391206637,0.622895622895623,0.20202020202020204,0.17508417508417512,0.1979142874114087,0.08643108979809312,-0.11148319761331558,0.12295758351240658,-0.07495670389900212
2019/20,True,0.15,2019/20|2020-06-20|Schalke 04|Wolfsburg,2020-06-20,Schalke 04,Wolfsburg,1,4,297,83,away_win,2,0.20985452783770414,0.252524656065964,0.5376208160963316,0.14453829752337216,0.20696654092176484,0.6484951615548631,0.12891671628070397,0.07222348545064837,-0.056693230830055605,0.17832375912861362,0.049407042847909644
2019/20,True,0.15,2019/20|2020-06-03|Werder Bremen|Ein Frankfurt,2020-06-03,Werder Bremen,Ein Frankfurt,0,3,261,47,away_win,2,0.24638323509285706,0.2792045762678538,0.4744121886392892,0.32623261124297687,0.27399873809452274,0.3997686506625004,0.16847362299288213,0.23335269468296335,0.06487907169008122,0.2505487825264188,0.0820751595335367
2019/20,True,0.15,2019/20|2020-06-01|FC Koln|RB Leipzig,2020-06-01,FC Koln,RB Leipzig,2,4,260,46,away_win,2,0.2171924265508578,0.24212488635301102,0.5406826870961309,0.1616189979541899,0.20458101006859483,0.6337999919772154,0.12907247204214012,0.08011157318780202,-0.0489608988543381,0.15070071606353508,0.02162824402139496
2019/20,True,0.15,2019/20|2020-05-31|Paderborn|Dortmund,2020-05-31,Paderborn,Dortmund,1,6,259,45,away_win,2,0.16450737430563445,0.24441973593076177,0.591072889763604,0.09894991062402841,0.16081411676873608,0.7402359726072355,0.09714202884361192,0.038634217369906056,-0.058507811473705866,0.08425418236677097,-0.01288784647684095
2019/20,True,0.15,2019/20|2020-05-22|Hertha|Union Berlin,2020-05-22,Hertha,Union Berlin,4,0,234,20,home_win,0,0.34671227492490114,0.26806368189255014,0.38522404318254894,0.41237481851010754,0.2841070697293474,0.303518111760545,0.287591207589854,0.2187132990438579,-0.06887790854599612,0.20229564052929394,-0.08529556706056007
2019/20,True,0.15,2019/20|2020-05-18|Werder Bremen|Leverkusen,2020-05-18,Werder Bremen,Leverkusen,1,4,233,19,away_win,2,0.2095946438986262,0.23657292943280514,0.5538324266685687,0.23847860538827256,0.24690966719492866,0.5146117274167986,0.12149770912172503,0.14623691019461973,0.024739201072894706,0.11770529496538762,-0.003792414156337409
2019/20,True,0.15,2019/20|2020-05-17|Union Berlin|Bayern Munich,2020-05-17,Union Berlin,Bayern Munich,0,2,232,18,away_win,2,0.163573727151937,0.16219278197046932,0.6742334908775937,0.05288738106354804,0.11447538885905463,0.8326372300773974,0.06644009134008759,0.01540368591596349,-0.051036405424124104,0.1151023568999693,0.04866226555988171
2019/20,True,0.15,2019/20|2020-05-17|FC Koln|Mainz,2020-05-17,FC Koln,Mainz,2,2,231,17,draw,1,0.5860372563382954,0.22495191022107952,0.18901083344062516,0.5334597398335444,0.24466950473568583,0.22187075543076965,0.18958238048721834,0.16690296306934668,-0.02267941741787166,0.155040144035488,-0.03454223645173035
2019/20,True,0.15,2019/20|2020-05-16|RB Leipzig|Freiburg,2020-05-16,RB Leipzig,Freiburg,1,1,230,16,draw,1,0.7446931824995694,0.14731282081426303,0.1079939966861674,0.7148071456147124,0.1742182290387113,0.11097462534657637,0.28311531969079445,0.2616323114463328,-0.021483008244461643,0.2000665535745719,-0.08304876611622256
2019/20,True,0.15,2019/20|2020-05-16|Hoffenheim|Hertha,2020-05-16,Hoffenheim,Hertha,0,3,229,15,away_win,2,0.47654215997713895,0.23645834746834782,0.28699949255451324,0.44022876874932554,0.26271716844717813,0.2970540628034963,0.36773107692659945,0.343967179727809,-0.023763897198790462,0.4440295789595161,0.07629850203291666
2019/20,True,0.15,2019/20|2020-05-16|Fortuna Dusseldorf|Paderborn,2020-05-16,Fortuna Dusseldorf,Paderborn,0,0,228,14,draw,1,0.354664876639176,0.28816479177100524,0.35717033158981876,0.4419612871710326,0.26115894241924653,0.29687977040972097,0.1266789102447315,0.14173368871820224,0.015054778473470753,0.14016790266013912,0.01348899241540763
2019/20,True,0.15,2019/20|2020-05-16|Ein Frankfurt|M'gladbach,2020-05-16,Ein Frankfurt,M'gladbach,1,3,227,13,away_win,2,0.3056584804593399,0.2510824686619662,0.44325905087869394,0.3294464219958267,0.26954707254204,0.40100650546213334,0.20169379555260272,0.23366407573226886,0.03197028017966613,0.20502284828867628,0.0033290527360735622
2019/20,True,0.15,2019/20|2020-05-16|Augsburg|Wolfsburg,2020-05-16,Augsburg,Wolfsburg,1,2,225,11,away_win,2,0.322879018967514,0.2748373719150377,0.4022836091174483,0.2836725116259226,0.2673962199752549,0.44893126839882247,0.2307578724095438,0.19207342040034492,-0.03868445200919887,0.19506217210818738,-0.03569570030135641
2019/20,True,0.15,2019/20|2020-03-11|M'gladbach|FC Koln,2020-03-11,M'gladbach,FC Koln,2,1,224,10,home_win,0,0.5311168045588596,0.22567313915307993,0.24321005628806025,0.48481469064935245,0.2538296809682474,0.26135562838240023,0.13950129122336813,0.16686133372894082,0.027360042505572696,0.15924857999508749,0.019747288771719357
2019/20,True,0.15,2019/20|2020-03-08|Mainz|Fortuna Dusseldorf,2020-03-08,Mainz,Fortuna Dusseldorf,1,1,223,9,draw,1,0.5634718600484862,0.2400703695193583,0.1964577704321558,0.4851924554066741,0.2587693095502262,0.2560382350430998,0.17804809631483715,0.15048364829377148,-0.02756444802106567,0.15821234405046986,-0.01983575226436729
2019/20,True,0.15,2019/20|2020-03-08|Bayern Munich|Augsburg,2020-03-08,Bayern Munich,Augsburg,2,0,222,8,home_win,0,0.7375818673478619,0.14488592289966368,0.11753220975247436,0.8601210619969992,0.09398395994503797,0.045894978057962804,0.0413385483369674,0.010836233153894113,-0.030502315183073288,0.06324261462088121,0.02190406628391381
2019/20,True,0.15,2019/20|2020-03-07|Wolfsburg|RB Leipzig,2020-03-07,Wolfsburg,RB Leipzig,0,0,221,7,draw,1,0.23543781342581613,0.24400443427646876,0.5205577522977148,0.27559455091202956,0.2593396444239206,0.46506580466404984,0.1632056687339894,0.14611927958011173,-0.017086389153877668,0.14842659852857454,-0.014779070205414857
2019/20,True,0.15,2019/20|2020-03-07|Schalke 04|Hoffenheim,2020-03-07,Schalke 04,Hoffenheim,1,1,220,6,draw,1,0.34220432044655436,0.2662795427043982,0.39151613684904757,0.35301693856841776,0.28873624229178046,0.35824681913980166,0.13519434117274504,0.12648087117000195,-0.008713470002743084,0.13258669287873467,-0.002607648294010362
2019/20,True,0.15,2019/20|2020-03-07|M'gladbach|Dortmund,2020-03-07,M'gladbach,Dortmund,1,2,219,5,away_win,2,0.3606189918091867,0.25856201781005866,0.3808189903807544,0.27921830179881024,0.25497039664259774,0.465811301558592,0.25671558996329114,0.18166021280096847,-0.07505537716232266,0.1997858586640622,-0.05692973129922893
2019/20,True,0.15,2019/20|2020-03-07|Leverkusen|Ein Frankfurt,2020-03-07,Leverkusen,Ein Frankfurt,4,0,218,4,home_win,0,0.48628939335387394,0.25391097713871624,0.25979962950740987,0.5337008642362806,0.2379306808541054,0.2283684549096141,0.16569721743645915,0.134793517605898,-0.030903699830561154,0.20268225663536277,0.03698503919890361
2019/20,True,0.15,2019/20|2020-03-07|Hertha|Werder Bremen,2020-03-07,Hertha,Werder Bremen,2,2,217,3,draw,1,0.4263178772574006,0.29877552807188495,0.2749065946707146,0.4226292384866388,0.27109830704044896,0.30627245447291224,0.12866028413135228,0.13620914479632917,0.0075488606649768974,0.14321976637445213,0.014559482243099858
2019/20,True,0.15,2019/20|2020-03-07|Freiburg|Union Berlin,2020-03-07,Freiburg,Union Berlin,3,1,216,2,home_win,0,0.40451042055905995,0.2457344004210023,0.3497551790199374,0.40334183732101414,0.3006274563883335,0.29603070629065253,0.23846826223700818,0.22181757107920286,-0.01665069115780532,0.2607637087732518,0.0222954465362436
2019/20,True,0.15,2019/20|2020-03-06|Paderborn|FC Koln,2020-03-06,Paderborn,FC Koln,1,2,215,1,away_win,2,0.23724475395860067,0.24368282722159443,0.5190724188198047,0.2990052579224102,0.24402444223390654,0.4569702998436834,0.14378820581035504,0.19214269975855314,0.0483544939481981,0.18203172457061392,0.03824351876025889
2019/20,True,0.15,2019/20|2020-05-23|Bayern Munich|Ein Frankfurt,2020-05-23,Bayern Munich,Ein Frankfurt,5,2,235,21,home_win,0,0.6973325894215732,0.1692449921146273,0.13342241846379962,0.8436942704226638,0.1015640410012499,0.054741688576086314,0.05470455158748962,0.013714066783432292,-0.04099048480405733,0.07528010107688428,0.020575549489394662
2019/20,True,0.15,2019/20|2020-05-23|Freiburg|Werder Bremen,2020-05-23,Freiburg,Werder Bremen,0,1,236,22,away_win,2,0.46718557019344537,0.28186312458958857,0.25095130521696607,0.45240057249425336,0.26451836752396235,0.28308105998178423,0.3896681520765707,0.35931952227498504,-0.030348629801585647,0.4298840238580318,0.04021587178146113
2019/20,True,0.15,2019/20|2020-05-16|Dortmund|Schalke 04,2020-05-16,Dortmund,Schalke 04,4,0,226,12,home_win,0,0.6569201085114256,0.21347280117073728,0.12960709031783732,0.624131583635176,0.21305148150347364,0.16281693486135027,0.067250904902234,0.08389321034912298,0.01664230544688898,0.0488041328562732,-0.018446772045960798
2019/20,True,0.15,2019/20|2020-05-23|Paderborn|Hoffenheim,2020-05-23,Paderborn,Hoffenheim,1,1,238,24,draw,1,0.29403877603838097,0.24138490977558147,0.4645763141860375,0.30503295711060946,0.24730293453724606,0.4476641083521444,0.15114497675841648,0.1467241294151817,-0.0044208473432347795,0.12925584129784348,-0.021889135460573
2019/20,True,0.15,2019/20|2020-05-23|M'gladbach|Leverkusen,2020-05-23,M'gladbach,Leverkusen,1,3,237,23,away_win,2,0.5267159265554421,0.2161167870559316,0.25716728638862624,0.39017775528242166,0.2566686559948026,0.3531535887227758,0.4146150538491975,0.2853244802497267,-0.12929057359947083,0.31247339345743,-0.10214166039176747
2019/20,True,0.15,2019/20|2020-05-30|Wolfsburg|Ein Frankfurt,2020-05-30,Wolfsburg,Ein Frankfurt,1,2,257,43,away_win,2,0.4613402454751974,0.26148801081893425,0.2771717437058685,0.4801518741848031,0.2606171937420187,0.2592309320731782,0.36765775509616516,0.3896423171401756,0.021984562044010447,0.41428566089286456,0.0466279057966994
2019/20,True,0.15,2019/20|2020-05-30|Schalke 04|Werder Bremen,2020-05-30,Schalke 04,Werder Bremen,0,1,256,42,away_win,2,0.35028997193421657,0.3549369598563021,0.2947730682094815,0.3551797040169133,0.29598308668076106,0.34883720930232553,0.31002404488017155,0.2750828010673627,-0.03494124381280883,0.29272870941073725,-0.017295335469434292
2019/20,True,0.15,2019/20|2020-05-30|Mainz|Hoffenheim,2020-05-30,Mainz,Hoffenheim,0,1,255,41,away_win,2,0.3115232395013592,0.23222265541235113,0.45625410508628966,0.4027867079457228,0.2599316888609731,0.3372816031933042,0.19635316349246645,0.3007164027818951,0.10436323928942864,0.25315744917423605,0.056804285681769595
2019/20,True,0.15,2019/20|2020-05-30|Hertha|Augsburg,2020-05-30,Hertha,Augsburg,2,0,254,40,home_win,0,0.34658157413957563,0.2653507545040947,0.38806767135632947,0.5473590770465725,0.24665801446655666,0.2059829084868708,0.2887760784029196,0.12365638186042066,-0.16511969654249892,0.22173688879922132,-0.06703918960369826
2019/20,True,0.15,2019/20|2020-05-30|Bayern Munich|Fortuna Dusseldorf,2020-05-30,Bayern Munich,Fortuna Dusseldorf,5,0,253,39,home_win,0,0.7879541959911204,0.12157658324377034,0.09046922076510916,0.8924293121764326,0.07593660813991504,0.031634079683652415,0.026574051451809137,0.006286083938133525,-0.020287967513675613,0.050798503944236045,0.02422445249242691
2019/20,True,0.15,2019/20|2020-05-29|Freiburg|Leverkusen,2020-05-29,Freiburg,Leverkusen,0,1,252,38,away_win,2,0.20523047957747015,0.19229853124526888,0.6024709891772608,0.20231184438333844,0.23726109243982757,0.5604270631768341,0.1000744320966519,0.11707722458256561,0.017002792485913715,0.1703066046108785,0.07023217251422659
2019/20,True,0.15,2019/20|2020-05-27|Union Berlin|Mainz,2020-05-27,Union Berlin,Mainz,1,1,251,37,draw,1,0.42818194800764864,0.2581954763486517,0.3136225756436994,0.4046880748410154,0.27865664581909916,0.31665527933988546,0.14084945027650642,0.13202150192617407,-0.008827948350332349,0.13708356227251728,-0.0037658880039891374
2019/20,True,0.15,2019/20|2020-05-27|RB Leipzig|Hertha,2020-05-27,RB Leipzig,Hertha,2,2,250,36,draw,1,0.7466797266579008,0.1502920067167034,0.10302826662539578,0.7375190956309197,0.16064772380079437,0.10183318056828597,0.28407271896287556,0.2771522065424514,-0.006920512420424185,0.2336624388609333,-0.05041028010194226
2019/20,True,0.15,2019/20|2020-05-27|Hoffenheim|FC Koln,2020-05-27,Hoffenheim,FC Koln,3,1,249,35,home_win,0,0.2939373780450921,0.23286917903569326,0.4731934429192145,0.4048920778207815,0.25746435555358405,0.3376435666256344,0.36121823027178956,0.234078308562073,-0.12713992170971655,0.26214283240658703,-0.09907539786520253
2019/20,True,0.15,2019/20|2020-05-31|M'gladbach|Union Berlin,2020-05-31,M'gladbach,Union Berlin,4,1,258,44,home_win,0,0.6527565530210179,0.1915828835946436,0.1556605633843384,0.6525081517631561,0.21557364659137532,0.13191820164546847,0.07240411123148742,0.06907649825821612,-0.0033276129732713045,0.11079542431552254,0.03839131308403512
2019/20,True,0.15,2019/20|2020-05-23|Wolfsburg|Dortmund,2020-05-23,Wolfsburg,Dortmund,0,2,239,25,away_win,2,0.3018832437805641,0.29084266143600507,0.4072740947834304,0.2628587315807359,0.25457971641283866,0.4825615520064256,0.2212287457951384,0.16841863011511624,-0.05281011568002217,0.15249281263262945,-0.06873593316250895
2019/20,True,0.15,2019/20|2020-05-27|Augsburg|Paderborn,2020-05-27,Augsburg,Paderborn,0,0,247,33,draw,1,0.5801316756802792,0.2351805766120482,0.1846877477076727,0.49966898214479816,0.2485598253016215,0.2517711925535804,0.1853311626404708,0.15652891255873533,-0.02880225008173548,0.14890251803233662,-0.03642864460813419
2019/20,True,0.15,2019/20|2020-05-26|Werder Bremen|M'gladbach,2020-05-26,Werder Bremen,M'gladbach,0,0,246,32,draw,1,0.182553541435811,0.2153784520556199,0.6020680065085692,0.21019491759275516,0.22068083184908308,0.5691242505581616,0.19790583997597935,0.1840421579776072,-0.013863681998372152,0.17181180851432518,-0.026094031461654177
2019/20,True,0.15,2019/20|2020-05-26|Leverkusen|Wolfsburg,2020-05-26,Leverkusen,Wolfsburg,1,4,245,31,away_win,2,0.5201349417711923,0.23567864029639282,0.244186417932415,0.5695983360346955,0.23080880441216337,0.19959285955314127,0.420897264244578,0.48254692744590566,0.06164966320132764,0.4300052933806826,0.00910802913610459
2019/20,True,0.15,2019/20|2020-05-26|Ein Frankfurt|Freiburg,2020-05-26,Ein Frankfurt,Freiburg,3,3,244,30,draw,1,0.4725447586547754,0.26885978554975615,0.2585954557954685,0.4687026938616425,0.267096329652662,0.2642009764856955,0.145085079345083,0.1447421856045778,-0.0003428937405051957,0.12980731325294134,-0.015277766092141654
2019/20,True,0.15,2019/20|2020-05-26|Dortmund|Bayern Munich,2020-05-26,Dortmund,Bayern Munich,0,1,243,29,away_win,2,0.3865530162035199,0.2699013415867728,0.34354564220970696,0.2629894344313238,0.21385954008701058,0.5231510254816656,0.29017777909895215,0.1482741935608473,-0.14190358553810484,0.35540175548015784,0.0652239763812057
2019/20,True,0.15,2019/20|2020-05-24|Schalke 04|Augsburg,2020-05-24,Schalke 04,Augsburg,0,3,242,28,away_win,2,0.3399232709578634,0.29789081090794445,0.3621859181341919,0.4752060862005574,0.2775420161570207,0.24725189764242195,0.2611773165825082,0.39622526498249316,0.13504794839998496,0.315868027466335,0.05469071088382682
2019/20,True,0.15,2019/20|2020-05-24|Mainz|RB Leipzig,2020-05-24,Mainz,RB Leipzig,0,5,241,27,away_win,2,0.15634800239760333,0.1929043930237312,0.6507476045786653,0.1206506235570266,0.1797493578317254,0.6996000186112479,0.07321096678063059,0.052398360891530944,-0.020812605889099646,0.18709172300429566,0.11388075622366507
2019/20,True,0.15,2019/20|2020-05-24|FC Koln|Fortuna Dusseldorf,2020-05-24,FC Koln,Fortuna Dusseldorf,2,2,240,26,draw,1,0.6233878362813519,0.21482464107167282,0.16178752264697524,0.5322042926811348,0.24594289282991838,0.22185281448894686,0.20739379845389558,0.16623004022244703,-0.04116375823144855,0.18033386008782945,-0.027059938366066127
2019/20,True,0.15,2019/20|2020-05-27|Fortuna Dusseldorf|Schalke 04,2020-05-27,Fortuna Dusseldorf,Schalke 04,2,1,248,34,home_win,0,0.31582885033626307,0.32499063894406616,0.3591805107196708,0.3890165388902792,0.28550629023818735,0.32547717087153355,0.29855040065652155,0.23961808925407552,-0.058932311402446036,0.245279910406293,-0.053270490250228564
2020/21,True,0.15,2020/21|2021-04-25|RB Leipzig|Stuttgart,2021-04-25,RB Leipzig,Stuttgart,2,0,276,63,home_win,0,0.6260369202778328,0.22492021999496026,0.14904285972720704,0.6974240370045458,0.18422521732195551,0.1183507456734987,0.08103107951547596,0.05277955619204982,-0.02825152332342614,0.1229912152659202,0.041960135750444244
2020/21,True,0.15,2020/21|2021-05-03|Mainz|Hertha,2021-05-03,Mainz,Hertha,1,1,277,64,draw,1,0.3895597889000621,0.2960709593408697,0.3143692517590685,0.39594215150508744,0.29457141994505004,0.30948642854986264,0.12529242778970867,0.1262760183975134,0.0009835906078047296,0.12962124503767755,0.00432881724796888
2020/21,True,0.15,2020/21|2021-05-06|Hertha|Freiburg,2021-05-06,Hertha,Freiburg,3,0,278,65,home_win,0,0.43755768605888584,0.28987878533127903,0.27256352860983546,0.4111321948134092,0.30107526881720426,0.28779253636938645,0.19531611681983957,0.21479491798759864,0.019478801167759074,0.2681578681827052,0.07284175136286564
2020/21,True,0.15,2020/21|2021-05-08|Werder Bremen|Leverkusen,2021-05-08,Werder Bremen,Leverkusen,0,0,283,70,draw,1,0.22028629081985013,0.29249760152525583,0.487216107654894,0.25186824025809457,0.27373915187714476,0.4743926078647606,0.1429527927407764,0.14424297842371891,0.0012901856829425074,0.12919126801682088,-0.013761524723955532
2020/21,True,0.15,2020/21|2021-05-08|Bayern Munich|M'gladbach,2021-05-08,Bayern Munich,M'gladbach,6,0,280,67,home_win,0,0.5614656819742959,0.23270560572937096,0.205828712296333,0.6724074580039758,0.17759395521052182,0.1499985867855023,0.11733890344591803,0.06490822480453237,-0.05243067864138566,0.11758202580362787,0.00024312235770983237
2020/21,True,0.15,2020/21|2021-05-08|Dortmund|RB Leipzig,2021-05-08,Dortmund,RB Leipzig,3,2,281,68,home_win,0,0.31567390669585993,0.2965209848157399,0.38780510848839955,0.4196656173078468,0.2586827746897574,0.32165160800239573,0.30934750207330325,0.22012387633260472,-0.08922362574069853,0.20760585983376953,-0.10174164223953372
2020/21,True,0.15,2020/21|2021-05-08|Hoffenheim|Schalke 04,2021-05-08,Hoffenheim,Schalke 04,4,2,282,69,home_win,0,0.6339675075459095,0.23096138254256984,0.1350711099115203,0.7465837071335552,0.16478078425698164,0.08863550860946319,0.07611199513244198,0.03603803543831499,-0.040073959694126984,0.07592210517877769,-0.00018988995366428507
2020/21,True,0.15,2020/21|2021-04-25|M'gladbach|Bielefeld,2021-04-25,M'gladbach,Bielefeld,5,0,275,62,home_win,0,0.5718731563661392,0.26464397309198334,0.1634828705418776,0.5852543689912086,0.2468118172260905,0.16793381378270075,0.10500962160025226,0.10010785212624168,-0.004901769474010581,0.13284472158198765,0.02783509998173539
2020/21,True,0.15,2020/21|2021-05-07|Stuttgart|Augsburg,2021-05-07,Stuttgart,Augsburg,2,1,279,66,home_win,0,0.4994837530888221,0.2551102419979592,0.2454060049132186,0.44842623652844193,0.2785097423453001,0.27306402112625794,0.15537031033475898,0.18939878809190985,0.03402847775715087,0.15073667341523328,-0.004633636919525702
2020/21,True,0.15,2020/21|2021-04-24|Wolfsburg|Dortmund,2021-04-24,Wolfsburg,Dortmund,0,2,274,61,away_win,2,0.3097441329830258,0.2617442737015296,0.4285115933154447,0.2995478786691116,0.24413152111532593,0.4563206002155625,0.21127021344612903,0.19265811068256555,-0.01861210276356348,0.38146421542759584,0.1701940019814668
2020/21,True,0.15,2020/21|2021-04-21|Werder Bremen|Mainz,2021-04-21,Werder Bremen,Mainz,0,1,268,55,away_win,2,0.252079541719064,0.2746278990929602,0.47329255918797575,0.2913050743608311,0.295705453127611,0.41298947251155793,0.17048241178002266,0.21472000286531415,0.04423759108529149,0.3030208287025985,0.13253841692257584
2020/21,True,0.15,2020/21|2021-04-24|Mainz|Bayern Munich,2021-04-24,Mainz,Bayern Munich,2,1,272,59,home_win,0,0.23637294116817964,0.2317411973376118,0.5318858614942087,0.09254930162039433,0.1422793070298888,0.7651713913497169,0.4330144273187864,0.7044770140648479,0.27146258674606144,0.4652404478831268,0.032226020564340374
2020/21,True,0.15,2020/21|2021-04-24|Leverkusen|Ein Frankfurt,2021-04-24,Leverkusen,Ein Frankfurt,3,1,271,58,home_win,0,0.37324754351058265,0.2949755594370451,0.331776897052372,0.4444128720608084,0.25005327839738584,0.3055338495418058,0.25144727556660973,0.20101399497377725,-0.050433280592832475,0.2300520067548208,-0.021395268811788937
2020/21,True,0.15,2020/21|2021-04-24|Freiburg|Hoffenheim,2021-04-24,Freiburg,Hoffenheim,1,1,270,57,draw,1,0.3452002530315659,0.28256305557939787,0.3722366913890363,0.3038025686225132,0.25948123898262404,0.4367161923948627,0.12886168455465685,0.14150851670075185,0.012646832146094994,0.13925635921284443,0.01039467465818758
2020/21,True,0.15,2020/21|2021-04-23|Augsburg|FC Koln,2021-04-23,Augsburg,FC Koln,2,3,269,56,away_win,2,0.32431078917441436,0.29499982876188824,0.38068938206369785,0.32516357313892663,0.298397059496393,0.37643936736468037,0.2443615647317882,0.24727960593451703,0.002918041202728844,0.3612200127070554,0.1168584479752672
2020/21,True,0.15,2020/21|2021-04-21|Stuttgart|Wolfsburg,2021-04-21,Stuttgart,Wolfsburg,1,3,267,54,away_win,2,0.3094194620770531,0.274686077912026,0.4158944600109211,0.23799802197602782,0.22748183030731964,0.5345201477166527,0.21845984267899332,0.13665727567311436,-0.08180256700587896,0.21249202595783398,-0.005967816721159341
2020/21,True,0.15,2020/21|2021-04-21|Hoffenheim|M'gladbach,2021-04-21,Hoffenheim,M'gladbach,3,2,266,53,home_win,0,0.29872129817302445,0.2922529147723057,0.4090257870546702,0.3592797131415709,0.26340722904179864,0.3773130578166305,0.32954695605591006,0.2764438147954418,-0.05310314126046828,0.2692185375539605,-0.06032841850194953
2020/21,True,0.15,2020/21|2021-04-21|Dortmund|Union Berlin,2021-04-21,Dortmund,Union Berlin,2,0,265,52,home_win,0,0.4980431766886233,0.269534688936936,0.23242213437444076,0.6546084748097729,0.20110652112712613,0.14428500406310082,0.1529903505080096,0.07005673403536017,-0.08293361647264944,0.1614372825947758,0.008446932086766196
2020/21,True,0.15,2020/21|2021-04-20|FC Koln|RB Leipzig,2021-04-20,FC Koln,RB Leipzig,2,1,264,51,home_win,0,0.14644210418817236,0.22356708555121807,0.6299908102606097,0.15619986062266017,0.227898157301914,0.6159019820754258,0.5627247512577671,0.545666963368828,-0.01705778788893908,0.42664920241920146,-0.13607554883856565
2020/21,True,0.15,2020/21|2021-04-20|Ein Frankfurt|Augsburg,2021-04-20,Ein Frankfurt,Augsburg,2,0,263,50,home_win,0,0.6391705009306665,0.20544328257029645,0.1553862164990369,0.732813357476332,0.16395146302860308,0.10323517949506492,0.07717140183825587,0.0410231021142243,-0.036148299724031566,0.11262632218687503,0.03545492034861916
2020/21,True,0.15,2020/21|2021-04-24|Union Berlin|Werder Bremen,2021-04-24,Union Berlin,Werder Bremen,3,1,273,60,home_win,0,0.45207387534207355,0.3050792214789601,0.24284690317896648,0.4656617863131148,0.2867711880520648,0.2475670256348205,0.17959882823313392,0.17340337939388165,-0.006195448839252271,0.14178963446494144,-0.03780919376819247
2020/21,True,0.15,2020/21|2021-05-08|Wolfsburg|Union Berlin,2021-05-08,Wolfsburg,Union Berlin,3,0,284,71,home_win,0,0.4888090919137338,0.2844932512480787,0.2266976568381878,0.5250739895727389,0.26757195085076557,0.20735405957649564,0.15635398606299306,0.1342752107016039,-0.022078775361389164,0.16522903582860252,0.00887504976560946
2020/21,True,0.15,2020/21|2021-05-22|Wolfsburg|Mainz,2021-05-22,Wolfsburg,Mainz,2,3,306,93,away_win,2,0.46910017220023514,0.27992921914336366,0.25097060865640125,0.5167789520738211,0.24911395638430353,0.23410709154187553,0.39055000032742615,0.426826216266481,0.036276215939054834,0.5226270679689754,0.13207706764154925
2020/21,True,0.15,2020/21|2021-05-09|FC Koln|Freiburg,2021-05-09,FC Koln,Freiburg,1,4,286,73,away_win,2,0.3814292101559882,0.2744208376352077,0.3441499522088039,0.5013015191448743,0.25792558372889307,0.2407728971262327,0.2878137637739675,0.41386450341752645,0.12605073964355895,0.2504635113715704,-0.03735025240239709
2020/21,True,0.15,2020/21|2021-04-20|Bielefeld|Schalke 04,2021-04-20,Bielefeld,Schalke 04,1,0,262,49,home_win,0,0.35004812187100315,0.3519271290734166,0.2980247490555803,0.5012530033327305,0.27456274058955743,0.224184256077712,0.255628097466526,0.14950357367886927,-0.10612452378765672,0.13852353721037264,-0.11710456025615334
2020/21,True,0.15,2020/21|2021-05-22|Werder Bremen|M'gladbach,2021-05-22,Werder Bremen,M'gladbach,2,4,305,92,away_win,2,0.21654729147327403,0.27689082246858415,0.5065618860581419,0.3027637787692999,0.24729560555965718,0.4499406156710429,0.14518695086745467,0.19711561601150845,0.05192866514405378,0.16879188630723016,0.023604935439775487
2020/21,True,0.15,2020/21|2021-05-22|Union Berlin|RB Leipzig,2021-05-22,Union Berlin,RB Leipzig,2,1,304,91,home_win,0,0.19547573940264695,0.27746369335885745,0.5270605672384957,0.260573261174584,0.24233313289236316,0.4970936059330527,0.46252606371374116,0.3969269775747576,-0.06559908613898358,0.3105750276621972,-0.15195103605154398
2020/21,True,0.15,2020/21|2021-05-22|Stuttgart|Bielefeld,2021-05-22,Stuttgart,Bielefeld,0,2,303,90,away_win,2,0.49805010878613104,0.27939660968092755,0.22255328153294152,0.4223157894736842,0.24842105263157893,0.3292631578947368,0.42623865545853745,0.3141192686980609,-0.11211938676047656,0.47991197294581095,0.0536733174872735
2020/21,True,0.15,2020/21|2021-05-22|Hoffenheim|Hertha,2021-05-22,Hoffenheim,Hertha,2,1,302,89,home_win,0,0.4103353923590357,0.30551184572096574,0.2841527619199989,0.5708914635710979,0.21858456938533025,0.21052396704357187,0.21422357080556786,0.11422723836795869,-0.09999633243760918,0.1775308514548409,-0.03669271935072696
2020/21,True,0.15,2020/21|2021-05-22|FC Koln|Schalke 04,2021-05-22,FC Koln,Schalke 04,1,0,301,88,home_win,0,0.5449028396291158,0.2543452730280981,0.2007518873427863,0.6987353382669751,0.16371048672469027,0.1375541750083346,0.12370737282466648,0.05484077373566874,-0.06886659908899775,0.12703314328448323,0.003325770459816746
2020/21,True,0.15,2020/21|2021-05-22|Ein Frankfurt|Freiburg,2021-05-22,Ein Frankfurt,Freiburg,3,1,300,87,home_win,0,0.5543636321014886,0.2287983126575976,0.21683805524091365,0.458443372094631,0.22497684000940224,0.31657978789596675,0.12280525729721946,0.19675317166624476,0.0739479143690253,0.16997041280444286,0.0471651555072234
2020/21,True,0.15,2020/21|2021-05-22|Dortmund|Leverkusen,2021-05-22,Dortmund,Leverkusen,3,1,299,86,home_win,0,0.6060519370058283,0.21919481501233626,0.17475324798183556,0.6148457899351557,0.2032335456271017,0.18192066443774274,0.09286688700853038,0.09071944684007198,-0.0021474401684584005,0.17496074935096848,0.0820938623424381
2020/21,True,0.15,2020/21|2021-05-22|Bayern Munich|Augsburg,2021-05-22,Bayern Munich,Augsburg,5,2,298,85,home_win,0,0.7165438495430568,0.16613767834145088,0.1173184721154923,0.8438072685775824,0.10062136884711755,0.05557136257530005,0.047055506565691366,0.013742172843835472,-0.033313333721855895,0.061491260927990746,0.01443575436229938
2020/21,True,0.15,2020/21|2021-05-09|Ein Frankfurt|Mainz,2021-05-09,Ein Frankfurt,Mainz,1,1,285,72,draw,1,0.4683452106370604,0.2443447289169256,0.287310060446014,0.506565733095615,0.2408058780479155,0.25262838885646943,0.15094715358008234,0.1602149724014567,0.009267818821374368,0.16920558798216498,0.018258434402082635
2020/21,True,0.15,2020/21|2021-05-16|RB Leipzig|Wolfsburg,2021-05-16,RB Leipzig,Wolfsburg,2,2,297,84,draw,1,0.55719058704709,0.2717374029757563,0.17107200997715366,0.4916185938323189,0.2644110815476526,0.2439703246200286,0.16986349144575208,0.1506051805484343,-0.019258310897317776,0.1287387551648596,-0.04112473628089247
2020/21,True,0.15,2020/21|2021-05-15|Schalke 04|Ein Frankfurt,2021-05-15,Schalke 04,Ein Frankfurt,4,3,295,82,home_win,0,0.177156310821826,0.22820154588334934,0.5946421432948248,0.07957852254881563,0.1408107484160394,0.779610729035145,0.5153355077013051,0.7274842924900657,0.21214878478876065,0.560669417814041,0.04533391011273591
2020/21,True,0.15,2020/21|2021-05-15|M'gladbach|Stuttgart,2021-05-15,M'gladbach,Stuttgart,1,2,294,81,away_win,2,0.5540086540089195,0.22759014686665888,0.21840119912442155,0.6328601132860113,0.1918512941851294,0.17528859252885926,0.45891113712345843,0.5403304143007065,0.08141927717724806,0.4474994817689463,-0.011411655354512162
2020/21,True,0.15,2020/21|2021-05-15|Leverkusen|Union Berlin,2021-05-15,Leverkusen,Union Berlin,1,1,293,80,draw,1,0.45500989264476543,0.3075587500294233,0.23743135732581164,0.47856058232302545,0.2691074742702885,0.2523319434066861,0.13170382592308902,0.1463458203083741,0.014641994385285073,0.1390708559929192,0.007367030069830194
2020/21,True,0.15,2020/21|2021-05-15|Hertha|FC Koln,2021-05-15,Hertha,FC Koln,0,0,292,79,draw,1,0.4808528726766805,0.2694532680319596,0.24969385929135973,0.3116860420940658,0.30300129169516,0.38531266621077426,0.14678325426461467,0.12280701978935962,-0.023976234475255043,0.159800306930317,0.013017052665702328
2020/21,True,0.15,2020/21|2021-05-15|Freiburg|Bayern Munich,2021-05-15,Freiburg,Bayern Munich,2,2,291,78,draw,1,0.20839625451096416,0.21738446380009424,0.5742192816889415,0.10662209394228575,0.13443008775986934,0.758947818297845,0.18657839117878128,0.2936850309078481,0.10710663972906681,0.15822019556995917,-0.028358195608822107
2020/21,True,0.15,2020/21|2021-05-15|Bielefeld|Hoffenheim,2021-05-15,Bielefeld,Hoffenheim,1,1,290,77,draw,1,0.21887696828793687,0.29861882131306505,0.48250421039899843,0.37170600471909615,0.2493843858191895,0.37890960946171426,0.14035872014983955,0.14086892304333082,0.0005102028934912683,0.12629911576552677,-0.01405960438431278
2020/21,True,0.15,2020/21|2021-05-15|Augsburg|Werder Bremen,2021-05-15,Augsburg,Werder Bremen,2,0,289,76,home_win,0,0.36867510965703865,0.3129965541838273,0.31832833615913414,0.3792400866126177,0.3024469226567917,0.31831299073059066,0.24995202338419742,0.2433330150682817,-0.00661900831591572,0.2093621060356987,-0.04058991734849873
2020/21,True,0.15,2020/21|2021-05-12|Schalke 04|Hertha,2021-05-12,Schalke 04,Hertha,1,2,288,75,away_win,2,0.18436005313559506,0.2711239019678457,0.5445160448965594,0.15735066720119123,0.22928240077887863,0.6133669320199301,0.12072713127441634,0.08712218086217069,-0.03360495041224565,0.16304747738543435,0.04232034611101801
2020/21,True,0.15,2020/21|2021-05-09|Hertha|Bielefeld,2021-05-09,Hertha,Bielefeld,0,0,287,74,draw,1,0.5713535632710168,0.2658162165780192,0.1628302201509641,0.5115089514066496,0.2713839158851947,0.21710713270815574,0.17647928742844962,0.1543884572209435,-0.02209083020750613,0.15992296908015102,-0.0165563183482986
2020/21,True,0.15,2020/21|2021-05-16|Mainz|Dortmund,2021-05-16,Mainz,Dortmund,1,3,296,83,away_win,2,0.22715267579805115,0.22869187164076402,0.5441554525611849,0.1388081779731143,0.16911984248717396,0.6920719795397118,0.12969629477595637,0.057043688028403726,-0.07265260674755264,0.22658187131901833,0.09688557654306196
2020/21,True,0.15,2020/21|2021-04-20|Bayern Munich|Leverkusen,2021-04-20,Bayern Munich,Leverkusen,2,0,261,48,home_win,0,0.48876469977694764,0.27459307327481774,0.23664222694823447,0.6202133223745657,0.20895599058542239,0.17083068704001197,0.1586805378845871,0.08671052206816401,-0.0719700158164231,0.12153869371048777,-0.03714184417409934
2020/21,True,0.15,2020/21|2021-03-07|Bielefeld|Union Berlin,2021-03-07,Bielefeld,Union Berlin,0,0,214,1,draw,1,0.20450922042305272,0.2998315462769687,0.49565923329997885,0.24056603773584911,0.2806603773584906,0.4787735849056604,0.1437510483967837,0.14354808205767172,-0.00020296633911198736,0.13607360424261117,-0.007677444154172541
2020/21,True,0.15,2020/21|2021-04-17|Wolfsburg|Bayern Munich,2021-04-17,Wolfsburg,Bayern Munich,2,3,259,46,away_win,2,0.3282434058189975,0.2689775669501776,0.4027790272308251,0.25240490689259554,0.2466684317359457,0.5009266613714589,0.2322083118895074,0.15639121717664917,-0.07581709471285825,0.2642936789765918,0.03208536708708437
2020/21,True,0.15,2020/21|2021-03-21|Hoffenheim|Mainz,2021-03-21,Hoffenheim,Mainz,1,2,234,21,away_win,2,0.497095113688812,0.2656516050190962,0.23725328129209192,0.5063683571447025,0.24930891053297854,0.24432273232231896,0.4144430544764869,0.4137285230011153,-0.0007145314753715937,0.4127651994957231,-0.0016778549807637821
2020/21,True,0.15,2020/21|2021-03-21|Hertha|Leverkusen,2021-03-21,Hertha,Leverkusen,3,0,233,20,home_win,0,0.28568650020094744,0.31608358364205075,0.3982299161570021,0.2844963822293405,0.26450474455917056,0.450998873211489,0.3344154210587919,0.35767270534046736,0.02325728428167545,0.347021055821918,0.012605634763126095
2020/21,True,0.15,2020/21|2021-03-21|Freiburg|Augsburg,2021-03-21,Freiburg,Augsburg,2,0,232,19,home_win,0,0.4407313175808168,0.2882529374834937,0.27101574493568964,0.5328723128259721,0.2701264078868502,0.19700127928717762,0.193115496568968,0.1285088900826705,-0.06460660648629751,0.20408572810027725,0.010970231531309244
2020/21,True,0.15,2020/21|2021-03-20|Werder Bremen|Wolfsburg,2021-03-20,Werder Bremen,Wolfsburg,1,2,231,18,away_win,2,0.18774522859782536,0.2631780796416307,0.5490766917605436,0.19573755904096554,0.26759737523682686,0.5366650657222077,0.1192900503874326,0.12649622667076083,0.007206176283328231,0.19603708958140453,0.07674703919397194
2020/21,True,0.15,2020/21|2021-03-20|Schalke 04|M'gladbach,2021-03-20,Schalke 04,M'gladbach,0,3,230,17,away_win,2,0.1713635294508768,0.25183594895471106,0.5768005215944119,0.12833480751797466,0.20362098896380113,0.6680442035182242,0.10423162887431156,0.06333223681926287,-0.040899392055048694,0.12730594203875237,0.023074313164440807
2020/21,True,0.15,2020/21|2021-03-20|FC Koln|Dortmund,2021-03-20,FC Koln,Dortmund,2,2,229,16,draw,1,0.16350172140475497,0.22333101245687498,0.61316726613837,0.14553331706126432,0.20441786673175497,0.6500488162069807,0.2013534545829604,0.22187170491347574,0.020518250330515353,0.15498962810301264,-0.046363826479947745
2020/21,True,0.15,2020/21|2021-03-20|Ein Frankfurt|Union Berlin,2021-03-20,Ein Frankfurt,Union Berlin,5,2,228,15,home_win,0,0.48755818010369295,0.2821877863087558,0.23025403358755106,0.49780002634698983,0.2594915030957713,0.24270847055723885,0.15780676938098817,0.15555610760865912,-0.002250661772329049,0.20142371241004095,0.04361694302905278
2020/21,True,0.15,2020/21|2021-03-20|Bayern Munich|Stuttgart,2021-03-20,Bayern Munich,Stuttgart,4,0,227,14,home_win,0,0.6443470679829686,0.17754883467508786,0.1781040973419436,0.7631318566395408,0.1446533519301816,0.09221479143027754,0.07910503877114983,0.03230504254878035,-0.04679999622236948,0.14020005069775202,0.06109501192660219
2020/21,True,0.15,2020/21|2021-03-14|Stuttgart|Hoffenheim,2021-03-14,Stuttgart,Hoffenheim,2,0,225,12,home_win,0,0.34596626044925394,0.22923381921853525,0.4247999203322104,0.3705345111543644,0.26581823626291357,0.36364725258272196,0.3041075523924929,0.2642330629793185,-0.0398744894131744,0.20388760126179972,-0.10021995113069315
2020/21,True,0.15,2020/21|2021-04-03|Augsburg|Hoffenheim,2021-04-03,Augsburg,Hoffenheim,2,1,235,22,home_win,0,0.24499506283969907,0.2383162327237419,0.5166887044365587,0.2468971039636995,0.2642466301881756,0.4888562658481249,0.4184998362143799,0.40307221033861773,-0.015427625875762185,0.28271057326122373,-0.1357892629531562
2020/21,True,0.15,2020/21|2021-03-14|RB Leipzig|Ein Frankfurt,2021-03-14,RB Leipzig,Ein Frankfurt,1,1,224,11,draw,1,0.5210501002909799,0.2674236751087289,0.21152622460029125,0.580672085741171,0.22953625977533348,0.18979165448349558,0.15811827535344652,0.1866004716352922,0.028482196281845673,0.144447077325421,-0.013671198028025522
2020/21,True,0.15,2020/21|2021-03-13|Wolfsburg|Schalke 04,2021-03-13,Wolfsburg,Schalke 04,5,0,222,9,home_win,0,0.6477197822315534,0.21874096255197592,0.1335392552164706,0.6760382173665451,0.2019699238605446,0.1219918587729104,0.07096704225737695,0.05991662510695778,-0.01105041715041917,0.07418053233933936,0.0032134900819624085
2020/21,True,0.15,2020/21|2021-03-13|Werder Bremen|Bayern Munich,2021-03-13,Werder Bremen,Bayern Munich,1,3,221,8,away_win,2,0.18069800821110496,0.22244409035429072,0.5968579014346046,0.07669264223504618,0.1345578258354139,0.78874953192954,0.09758766090358588,0.025254260816490633,-0.07233340008709524,0.13582643717556006,0.03823877627197418
2020/21,True,0.15,2020/21|2021-03-13|Union Berlin|FC Koln,2021-03-13,Union Berlin,FC Koln,2,1,220,7,home_win,0,0.5315172082205926,0.28085130484671755,0.18763148693269008,0.47459439764381217,0.29536690608648125,0.23003869626970658,0.1273408505409999,0.16448442438436742,0.03714357384336753,0.16161914992889326,0.03427829938789337
2020/21,True,0.15,2020/21|2021-03-13|Mainz|Freiburg,2021-03-13,Mainz,Freiburg,1,0,219,6,home_win,0,0.3548082086542285,0.30948579035530416,0.33570600099046705,0.4094850877814092,0.2983748048163317,0.2921401074022591,0.26448548336048855,0.2170268519527668,-0.047458631407721746,0.31751153917461694,0.05302605581412839
2020/21,True,0.15,2020/21|2021-03-13|Dortmund|Hertha,2021-03-13,Dortmund,Hertha,2,0,218,5,home_win,0,0.5013209578059562,0.27266674859499157,0.22601229359905206,0.640623628130997,0.21638842550202567,0.14298794636697731,0.14988117199073656,0.07479846473198673,-0.07508270725874983,0.11297438928353709,-0.036906782707199465
2020/21,True,0.15,2020/21|2021-03-12|Augsburg|M'gladbach,2021-03-12,Augsburg,M'gladbach,3,1,217,4,home_win,0,0.24888065662346393,0.28093325802697966,0.47018608534955625,0.20367843969481078,0.2344500025264009,0.5618715577787883,0.3926276114253695,0.47491383742382665,0.08228622599845714,0.3380372883444811,-0.0545903230808884
2020/21,True,0.15,2020/21|2021-03-10|Bielefeld|Werder Bremen,2021-03-10,Bielefeld,Werder Bremen,0,2,216,3,away_win,2,0.23475780818925235,0.33447040563561375,0.4307717861751336,0.2656723374504777,0.30552318806804935,0.42880447448147285,0.18956599396003462,0.19842305962939338,0.00885706566935876,0.2549243779051997,0.06535838394516505
2020/21,True,0.15,2020/21|2021-03-07|FC Koln|Werder Bremen,2021-03-07,FC Koln,Werder Bremen,1,1,215,2,draw,1,0.30879242024812736,0.3347412497768118,0.3564663299750609,0.30640858778843194,0.30261405419352877,0.3909773580180391,0.1112105016042925,0.12337475857663366,0.012164256972341164,0.12586396829048432,0.01465346668619183
2020/21,True,0.15,2020/21|2021-04-18|Dortmund|Werder Bremen,2021-04-18,Dortmund,Werder Bremen,4,1,260,47,home_win,0,0.6002671099069876,0.23852173389641695,0.1612111561965953,0.7322769888700038,0.1656340808158342,0.10208893031416197,0.0928877101521777,0.04104888019060095,-0.05183882996157675,0.13432749874662345,0.04143978859444575
2020/21,True,0.15,2020/21|2021-03-14|Leverkusen|Bielefeld,2021-03-14,Leverkusen,Bielefeld,1,2,223,10,away_win,2,0.6028560394788509,0.25283601640354886,0.14430794411760053,0.6761410103734738,0.19472861098756047,0.12913037863896584,0.5478221494181869,0.6077902816591867,0.05996813224099984,0.503106425620446,-0.0447157237977408
2020/21,True,0.15,2020/21|2021-04-03|Dortmund|Ein Frankfurt,2021-04-03,Dortmund,Ein Frankfurt,1,2,236,23,away_win,2,0.4672319082804219,0.2660147719449005,0.2667533197746778,0.5495075168481078,0.23068947641264903,0.21980300673924313,0.37797817508841036,0.4553329296828495,0.07735475459443913,0.2828369373827875,-0.09514123770562288
2020/21,True,0.15,2020/21|2021-03-19|Bielefeld|RB Leipzig,2021-03-19,Bielefeld,RB Leipzig,0,1,226,13,away_win,2,0.11243887333584646,0.1861198467650438,0.7014412798991096,0.11078998831057067,0.1936071565109177,0.6956028551785116,0.05088990479265812,0.052466021642665284,0.0015761168500071643,0.1472901965717427,0.09640029177908457
2020/21,True,0.15,2020/21|2021-04-03|M'gladbach|Freiburg,2021-04-03,M'gladbach,Freiburg,2,1,238,25,home_win,0,0.4673345473882008,0.29063075983094616,0.24203469278085313,0.5609875336103641,0.2410168662918602,0.19799560009777564,0.17115663845782741,0.11596710165179472,-0.055189536806032696,0.2270562419290572,0.0558996034712298
2020/21,True,0.15,2020/21|2021-04-03|Leverkusen|Schalke 04,2021-04-03,Leverkusen,Schalke 04,2,1,237,24,home_win,0,0.6459224077631941,0.22135493416822388,0.13272265806858194,0.7433455353334615,0.16731660675031523,0.08933785791622335,0.07149312264450176,0.03692638354516338,-0.034566739099338384,0.06531633531556305,-0.006176787328938713
2020/21,True,0.15,2020/21|2021-04-17|M'gladbach|Ein Frankfurt,2021-04-17,M'gladbach,Ein Frankfurt,4,0,257,44,home_win,0,0.3388976032454864,0.27030567984881076,0.3907967169057028,0.41682318844743566,0.24306066820135824,0.34011614335120616,0.2948892264694191,0.2278870922503567,-0.06700213421906243,0.28754686997043927,-0.007342356498979852
2020/21,True,0.15,2020/21|2021-04-17|Leverkusen|FC Koln,2021-04-17,Leverkusen,FC Koln,3,0,256,43,home_win,0,0.5045865793345204,0.2796207574313604,0.21579266323411925,0.5907156565516092,0.2394793202236253,0.16980502322476568,0.14600046544057269,0.09817370985217175,-0.04782675558840094,0.12673650298072817,-0.01926396245984452
2020/21,True,0.15,2020/21|2021-04-17|Freiburg|Schalke 04,2021-04-17,Freiburg,Schalke 04,4,0,255,42,home_win,0,0.5332107968441268,0.2744260207056247,0.19236318245024872,0.5918435979642624,0.24292087976145105,0.16523552227428648,0.12744787707264135,0.09694721317200743,-0.030500663900633926,0.09400200977480704,-0.03344586729783432
2020/21,True,0.15,2020/21|2021-04-17|Augsburg|Bielefeld,2021-04-17,Augsburg,Bielefeld,0,0,254,41,draw,1,0.42636030129299635,0.3176853379119153,0.25595436079508815,0.4094674820835616,0.29125811969634297,0.2992743982200955,0.12364787066433844,0.12861439215692605,0.004966521492587611,0.12517253516017296,0.0015246644958345212
2020/21,True,0.15,2020/21|2021-04-16|RB Leipzig|Hoffenheim,2021-04-16,RB Leipzig,Hoffenheim,0,0,253,40,draw,1,0.5943932705345135,0.24552885738003286,0.1600778720854539,0.6975425330812854,0.18321942707575975,0.11923803984295478,0.1894641425940611,0.2503916478015231,0.06092750520746201,0.1736835099990222,-0.015780632595038896
2020/21,True,0.15,2020/21|2021-04-12|Hoffenheim|Leverkusen,2021-04-12,Hoffenheim,Leverkusen,0,0,252,39,draw,1,0.3416122250665279,0.2760187917350223,0.38236898319845003,0.34065419344765674,0.26352494210101746,0.39582086445132586,0.13145247581356026,0.1363597181242342,0.004907242310673937,0.13630152783144095,0.0048490520178806895
2020/21,True,0.15,2020/21|2021-04-11|Schalke 04|Augsburg,2021-04-11,Schalke 04,Augsburg,1,0,251,38,home_win,0,0.2606372851356222,0.30949693826625796,0.4298657765981198,0.3408631268638809,0.2885773374924302,0.37055953564368876,0.36572090501096394,0.28588789349206334,-0.0798330115189006,0.42062839683485165,0.05490749182388771
2020/21,True,0.15,2020/21|2021-04-11|FC Koln|Mainz,2021-04-11,FC Koln,Mainz,2,3,250,37,away_win,2,0.2836253388087865,0.2729949991649557,0.44337966202625784,0.3273276817017324,0.2947920988819819,0.37788021941628563,0.19513476673020097,0.24708821630087965,0.051953449570678684,0.2928602795277219,0.09772551279752095
2020/21,True,0.15,2020/21|2021-04-10|Werder Bremen|RB Leipzig,2021-04-10,Werder Bremen,RB Leipzig,1,4,249,36,away_win,2,0.13856310101509728,0.23245395643617733,0.6289829425487256,0.10376231647193318,0.1835344733084382,0.7127032102196287,0.07842669494136123,0.046653031868864256,-0.031773663072496974,0.22063201504029914,0.1422053200989379
2020/21,True,0.15,2020/21|2021-04-17|Union Berlin|Stuttgart,2021-04-17,Union Berlin,Stuttgart,2,1,258,45,home_win,0,0.4149026720901066,0.2828002427664679,0.3022970851434252,0.4467723750124881,0.2844277619992293,0.2687998629882826,0.2168612054067544,0.1891570856959213,-0.027704119710833114,0.22699618267087063,0.010134977264116218
2020/21,True,0.15,2020/21|2021-04-10|Hertha|M'gladbach,2021-04-10,Hertha,M'gladbach,2,2,247,34,draw,1,0.3365683243669546,0.3133780121349997,0.35005366349804545,0.30102422726525846,0.27175798294780273,0.4272177897869388,0.11790790214779129,0.1365653126555415,0.018657410507750216,0.13224996610715048,0.014342063959359191
2020/21,True,0.15,2020/21|2021-04-10|Stuttgart|Dortmund,2021-04-10,Stuttgart,Dortmund,2,3,248,35,away_win,2,0.2551448949574839,0.23661415370581715,0.5082409513366986,0.23111903485577648,0.23002885072909826,0.5388521144151253,0.15346293968255018,0.13303669032603316,-0.020426249356517018,0.3191543861976986,0.16569144651514842
2020/21,True,0.15,2020/21|2021-04-03|RB Leipzig|Bayern Munich,2021-04-03,RB Leipzig,Bayern Munich,0,1,240,27,away_win,2,0.49940169770267856,0.25644789909755955,0.24415040319976197,0.3733089771136382,0.2657797608798185,0.3609112620065433,0.41035533432570004,0.27389700371185,-0.13645833061385004,0.26768740873281327,-0.14266792559288677
2020/21,True,0.15,2020/21|2021-04-03|Wolfsburg|FC Koln,2021-04-03,Wolfsburg,FC Koln,1,0,241,28,home_win,0,0.5648758892561802,0.24801982429989886,0.18710428644392102,0.5837235153434164,0.24189038973287968,0.174386094923704,0.11217050287814442,0.10184831089039098,-0.010322191987753443,0.07116071946805089,-0.04100978341009354
2020/21,True,0.15,2020/21|2021-04-04|Stuttgart|Werder Bremen,2021-04-04,Stuttgart,Werder Bremen,1,0,242,29,home_win,0,0.5012582766177839,0.2574787043433669,0.24126301903884903,0.5074276052657702,0.25771981004287803,0.2348525846913517,0.15347557549900154,0.1488916502952112,-0.004583925203790334,0.20011510702818902,0.04663953152918748
2020/21,True,0.15,2020/21|2021-04-03|Mainz|Bielefeld,2021-04-03,Mainz,Bielefeld,1,1,239,26,draw,1,0.5224887460116899,0.2803392400745327,0.19717201391377734,0.5204823002009584,0.26446127685886534,0.2150564229401762,0.15593564638984153,0.15857554493515227,0.0026398985453107426,0.12880134240466784,-0.02713430398517369
2020/21,True,0.15,2020/21|2021-04-09|Bielefeld|Freiburg,2021-04-09,Bielefeld,Freiburg,1,0,244,31,home_win,0,0.18742973209520283,0.2725923132535853,0.5399779546512116,0.3572668079486471,0.30400964403083636,0.33872354802051663,0.47592331589609005,0.26391979907406415,-0.2120035168220259,0.31851573917892745,-0.1574075767171626
2020/21,True,0.15,2020/21|2021-04-10|Bayern Munich|Union Berlin,2021-04-10,Bayern Munich,Union Berlin,1,1,245,32,draw,1,0.5636434387756972,0.23542856275258855,0.20092799847171425,0.5162019450530397,0.26156077108585657,0.22223728386110367,0.1790329933223712,0.15792692920725113,-0.02110606411512006,0.20305205119300537,0.024019057870634186
2020/21,True,0.15,2020/21|2021-04-10|Ein Frankfurt|Wolfsburg,2021-04-10,Ein Frankfurt,Wolfsburg,4,3,246,33,home_win,0,0.439944453738084,0.27486136040793685,0.2851941858539791,0.37947621592731157,0.2757883484767504,0.344735435595938,0.1974989692718236,0.25194614357770484,0.05444717430588125,0.2509411440132519,0.05344217474142832
2020/21,True,0.15,2020/21|2021-04-04|Union Berlin|Hertha,2021-04-04,Union Berlin,Hertha,1,1,243,30,draw,1,0.4333580596679143,0.30133459650810485,0.2653073438239812,0.368841927627668,0.2998254933169694,0.33133257905536273,0.12909359728303776,0.12291282275978599,-0.006180774523251775,0.15812192164798095,0.02902832436494318
2021/22,True,0.15,2021/22|2022-04-23|FC Koln|Bielefeld,2022-04-23,FC Koln,Bielefeld,3,1,274,60,home_win,0,0.6528082530964363,0.21973902433972534,0.12745272256383852,0.6924492844408038,0.19295523538765483,0.11459548017154146,0.06839315280344149,0.05385978335835988,-0.014533369445081615,0.09605704987189115,0.027663897068449655
2021/22,True,0.15,2021/22|2022-04-30|Augsburg|FC Koln,2022-04-30,Augsburg,FC Koln,1,4,281,67,away_win,2,0.3133487146730164,0.2815016654436465,0.40514961988333686,0.3066610655513141,0.26801336961881966,0.42532556482986605,0.2260171958560849,0.21214585778158984,-0.01387133807449506,0.3678783067672111,0.14186111091112621
2021/22,True,0.15,2021/22|2022-04-29|Union Berlin|Greuther Furth,2022-04-29,Union Berlin,Greuther Furth,1,1,280,66,draw,1,0.674374525570673,0.21121811684981787,0.11440735757950898,0.7714062150681869,0.16118935837245696,0.06740442655935613,0.23393502210349798,0.2998054526828107,0.06587043057931274,0.1706025629520557,-0.06333245915144228
2021/22,True,0.15,2021/22|2022-04-24|Hertha|Stuttgart,2022-04-24,Hertha,Stuttgart,2,0,279,65,home_win,0,0.33850064291748944,0.2748282486114254,0.3866711084710848,0.29542645241038323,0.29542645241038323,0.40914709517923364,0.29354797277341627,0.33191261472831135,0.038364641954895085,0.2126736700535657,-0.08087430271985058
2021/22,True,0.15,2021/22|2022-04-24|Bochum|Augsburg,2022-04-24,Bochum,Augsburg,0,2,278,64,away_win,2,0.5480681199563231,0.259527723451263,0.19240415659241414,0.42708958171789735,0.29818144577255634,0.27472897250954637,0.47629485520083437,0.3542117870645135,-0.12208306813632086,0.32772684475951447,-0.1485680104413199
2021/22,True,0.15,2021/22|2022-04-23|RB Leipzig|Union Berlin,2022-04-23,RB Leipzig,Union Berlin,1,2,277,63,away_win,2,0.5042945513471483,0.28550930103269806,0.21019614762015373,0.5905072126570499,0.2591321544904607,0.15036063285248955,0.43905155987623384,0.5352929112034103,0.09624135132717643,0.46758820405955914,0.0285366441833253
2021/22,True,0.15,2021/22|2022-04-30|Bielefeld|Hertha,2022-04-30,Bielefeld,Hertha,1,1,282,68,draw,1,0.249769015443605,0.29476978581311747,0.4554611987432778,0.34735706580366776,0.29773462783171517,0.35490830636461707,0.13491473231816556,0.1233084185451672,-0.011606313772998353,0.130256780566216,-0.004657951751949552
2021/22,True,0.15,2021/22|2022-04-23|Greuther Furth|Leverkusen,2022-04-23,Greuther Furth,Leverkusen,1,4,276,62,away_win,2,0.1532743209283986,0.21071142020627148,0.6360142588653301,0.09964692036092586,0.15300117693213025,0.7473519027069438,0.07798931860270839,0.03688028490160912,-0.041109033701099265,0.18186300852705647,0.10387368992434809
2021/22,True,0.15,2021/22|2022-04-23|Freiburg|M'gladbach,2022-04-23,Freiburg,M'gladbach,3,3,275,61,draw,1,0.5477522728941537,0.22212948176387437,0.23011824534197187,0.5280568676626713,0.24422630129398554,0.22771683104334314,0.17649347964998974,0.16534950531306722,-0.011143974336922519,0.14675194911522368,-0.029741530534766053
2021/22,True,0.15,2021/22|2022-04-23|Ein Frankfurt|Hoffenheim,2022-04-23,Ein Frankfurt,Hoffenheim,2,2,273,59,draw,1,0.3698166802880162,0.27662342595637457,0.3535598937556097,0.4166813302833011,0.2539151856413866,0.32940348407531234,0.13088448774586325,0.141064993163808,0.01018050541794474,0.14248569279241585,0.011601205046552598
2021/22,True,0.15,2021/22|2022-04-17|Hoffenheim|Greuther Furth,2022-04-17,Hoffenheim,Greuther Furth,0,0,268,54,draw,1,0.6747025687656271,0.19652966356573717,0.12876776766863557,0.808133472367049,0.12930135557872782,0.06256517205422314,0.23590234714464975,0.3284970549570993,0.09259470781244955,0.18099990900285617,-0.054902438141793575
2021/22,True,0.15,2021/22|2022-04-22|Wolfsburg|Mainz,2022-04-22,Wolfsburg,Mainz,5,0,271,57,home_win,0,0.36078409630043806,0.2779417460382974,0.3612741576612648,0.37971391417425226,0.28478543563068925,0.33550065019505854,0.26955799426815197,0.24865775727516695,-0.020900236992985016,0.2882782271468685,0.018720232878716547
2021/22,True,0.15,2021/22|2022-04-17|Union Berlin|Ein Frankfurt,2022-04-17,Union Berlin,Ein Frankfurt,2,0,270,56,home_win,0,0.49731663021298655,0.27783717769138666,0.22484619209562653,0.4775572394742826,0.27269981641289115,0.24974294411282635,0.1516231901801654,0.16765898807993715,0.016035797899771748,0.20762489845100707,0.056001708270841666
2021/22,True,0.15,2021/22|2022-04-17|Leverkusen|RB Leipzig,2022-04-17,Leverkusen,RB Leipzig,0,1,269,55,away_win,2,0.35503293245522394,0.2762880659125758,0.36867900163220013,0.36904521155834696,0.29019875686338853,0.34075603157826456,0.2623072930539355,0.28539848903729165,0.023091195983356128,0.3705250601846577,0.10821776713072218
2021/22,True,0.15,2021/22|2022-04-17|Bielefeld|Bayern Munich,2022-04-17,Bielefeld,Bayern Munich,0,3,267,53,away_win,2,0.10052085809022553,0.0941606686396956,0.805318473270079,0.06082105390819235,0.11448668970953854,0.8246922563822692,0.024002669880544125,0.017216002785421652,-0.006786667095122472,0.10369143513211732,0.07968876525157319
2021/22,True,0.15,2021/22|2022-04-16|Mainz|Stuttgart,2022-04-16,Mainz,Stuttgart,0,0,266,52,draw,1,0.5397548346067668,0.2404769767084678,0.2197681886847654,0.4746948527146642,0.26864598807478246,0.2566591592105533,0.1698166691195804,0.14560456360023247,-0.024212105519347937,0.18335276503159914,0.013536095912018736
2021/22,True,0.15,2021/22|2022-04-16|M'gladbach|FC Koln,2022-04-16,M'gladbach,FC Koln,1,3,265,51,away_win,2,0.43935616421723117,0.2589112268263811,0.301732608956388,0.45692342841074846,0.25799898068575244,0.285077590903499,0.34030559421526585,0.3599465352294885,0.019640941014222646,0.39172048254269415,0.0514148883274283
2021/22,True,0.15,2021/22|2022-04-16|Freiburg|Bochum,2022-04-16,Freiburg,Bochum,3,0,264,50,home_win,0,0.4525031476224239,0.28080875710888287,0.2666880952686937,0.5848065113483721,0.24233917467786134,0.1728543139737666,0.18543767176069845,0.10113212343902545,-0.084305548321673,0.18788145710761556,0.00244378534691711
2021/22,True,0.15,2021/22|2022-04-16|Dortmund|Wolfsburg,2022-04-16,Dortmund,Wolfsburg,6,1,263,49,home_win,0,0.5808488333500248,0.2238217696573615,0.19532939699261348,0.6170519281846252,0.21427297725971603,0.1686750945556588,0.1069206369167667,0.08755025661523695,-0.019370380301529752,0.09195124555900025,-0.014969391357766454
2021/22,True,0.15,2021/22|2022-04-30|Dortmund|Bochum,2022-04-30,Dortmund,Bochum,3,4,283,69,away_win,2,0.5788633683255763,0.22917839476047008,0.19195823691395392,0.6782149148561362,0.180857310628303,0.1409277745155608,0.49400714504021903,0.5989902796660516,0.10498313462583253,0.516181903536024,0.02217475849580497
2021/22,True,0.15,2021/22|2022-04-23|Bayern Munich|Dortmund,2022-04-23,Bayern Munich,Dortmund,3,1,272,58,home_win,0,0.6799999212315243,0.16609029776894882,0.1539097809995267,0.7277956173471187,0.1548749073714669,0.11732947528141431,0.06304413554957648,0.04393071585262412,-0.019113419696952363,0.05832784487766709,-0.004716290671909394
2021/22,True,0.15,2021/22|2022-04-30|Hoffenheim|Freiburg,2022-04-30,Hoffenheim,Freiburg,3,4,284,70,away_win,2,0.3972911453938447,0.26568737730202957,0.3370214773041258,0.4132869664425112,0.25912436784887616,0.3275886657086126,0.29869038788217844,0.3114715595573886,0.012781171675210146,0.34167697941420316,0.04298659153202472
2021/22,True,0.15,2021/22|2022-04-16|Augsburg|Hertha,2022-04-16,Augsburg,Hertha,0,1,262,48,away_win,2,0.45546829261595895,0.2816611187558216,0.2628705886282197,0.49596536114938006,0.2714032670734108,0.23263137177720922,0.3754055673439023,0.41741812552028135,0.042012558176379056,0.47872398161084706,0.10331841426694477
2021/22,True,0.15,2021/22|2022-04-30|Stuttgart|Wolfsburg,2022-04-30,Stuttgart,Wolfsburg,1,1,286,72,draw,1,0.42155920764268595,0.26124400829906536,0.3171967840582487,0.5140741961450457,0.25771529622047146,0.2282105076344829,0.13916298268261224,0.15817615746848163,0.01901317478586939,0.13107577999337275,-0.008087202689239487
2021/22,True,0.15,2021/22|2022-05-14|Wolfsburg|Bayern Munich,2022-05-14,Wolfsburg,Bayern Munich,2,2,306,92,draw,1,0.24457296014801283,0.208439479846602,0.5469875600053853,0.15156250000000002,0.16640625,0.68203125,0.17950566181810315,0.2440689086914062,0.06456324687330306,0.15278793859586554,-0.026717723222237616
2021/22,True,0.15,2021/22|2022-05-14|Union Berlin|Bochum,2022-05-14,Union Berlin,Bochum,3,2,305,91,home_win,0,0.5673422585995935,0.24130594305803713,0.19135179834236934,0.736002675083723,0.166356769025773,0.09764055589050397,0.1119041159612799,0.03961413285877849,-0.07228998310250141,0.13980926148909992,0.027905145527820016
2021/22,True,0.15,2021/22|2022-05-14|Stuttgart|FC Koln,2022-05-14,Stuttgart,FC Koln,2,1,304,90,home_win,0,0.41165325223878924,0.2729639016601793,0.3153828461010314,0.43507690340818295,0.242908941108787,0.32201415548303014,0.22280911760799033,0.21141561069716824,-0.011393506910822082,0.299166227006414,0.07635710939842366
2021/22,True,0.15,2021/22|2022-05-14|Mainz|Ein Frankfurt,2022-05-14,Mainz,Ein Frankfurt,2,2,303,89,draw,1,0.5213310846951361,0.28103361196943794,0.19763530333542595,0.5197998928450279,0.23535733646978263,0.2448427706851895,0.15542290649694648,0.16506995547925138,0.009647048982304895,0.1401281270290964,-0.015294779467850073
2021/22,True,0.15,2021/22|2022-05-14|M'gladbach|Hoffenheim,2022-05-14,M'gladbach,Hoffenheim,5,1,302,88,home_win,0,0.46684166568752505,0.22081743123933223,0.31234090307314255,0.4693013408609739,0.22230063514467183,0.30839802399435423,0.19090732458969958,0.18837520400779129,-0.002532120581908298,0.14717358062633096,-0.043733743963368626
2021/22,True,0.15,2021/22|2022-05-14|Leverkusen|Freiburg,2022-05-14,Leverkusen,Freiburg,2,1,301,87,home_win,0,0.5595572821843624,0.2199386030965289,0.2205041147191084,0.43248669595535455,0.24206344922874326,0.3254498548159023,0.12130592614244161,0.21399447913368097,0.09268855299123936,0.09045871969553773,-0.030847206446903877
2021/22,True,0.15,2021/22|2022-05-14|Dortmund|Hertha,2022-05-14,Dortmund,Hertha,2,1,300,86,home_win,0,0.5874166941920367,0.22532816227670524,0.18725514353125822,0.6247378161628624,0.1947563232572486,0.18050586057988893,0.10264473650516971,0.086702036160952,-0.015942700344217714,0.07849275429184673,-0.024151982213322987
2021/22,True,0.15,2021/22|2022-05-14|Bielefeld|RB Leipzig,2022-05-14,Bielefeld,RB Leipzig,1,1,299,85,draw,1,0.12793096685873248,0.1908702694372958,0.6811987637039715,0.11185693190941084,0.18026014863468254,0.7078829194559065,0.2401990439766148,0.2568051004368021,0.016606056460187313,0.16257008951391863,-0.07762895446269616
2021/22,True,0.15,2021/22|2022-05-14|Augsburg|Greuther Furth,2022-05-14,Augsburg,Greuther Furth,2,1,298,84,home_win,0,0.44023203037137054,0.3064977836293963,0.25327018599923284,0.5697710265967882,0.22631092177909812,0.20391805162411367,0.18874298346912224,0.1133397706668781,-0.07540321280224414,0.15671992144126487,-0.032023062027857374
2021/22,True,0.15,2021/22|2022-04-30|Mainz|Bayern Munich,2022-04-30,Mainz,Bayern Munich,3,1,285,71,home_win,0,0.23806187752401886,0.22228555391724694,0.5396525685587343,0.2035488787868235,0.21383816276945414,0.5826129584437224,0.43588729861713127,0.4868861239141362,0.050998825297004946,0.44306164246968377,0.0071743438525525005
2021/22,True,0.15,2021/22|2022-05-08|RB Leipzig|Augsburg,2022-05-08,RB Leipzig,Augsburg,4,0,297,83,home_win,0,0.6620924916244624,0.20344671109491513,0.13446079728062277,0.7911224512648399,0.14523591269488853,0.06364163604027162,0.06613059511095233,0.023840044101745776,-0.042290551009206555,0.10622688630954363,0.0400962911985913
2021/22,True,0.15,2021/22|2022-05-08|Bayern Munich|Stuttgart,2022-05-08,Bayern Munich,Stuttgart,2,2,295,81,draw,1,0.7305386905790417,0.15313604624264132,0.11632526317831679,0.7513971563935348,0.14381340233644804,0.1047894412700173,0.27360917264322276,0.28778925681898626,0.014180084175763497,0.2826594248157603,0.00905025217253752
2021/22,True,0.15,2021/22|2022-05-07|Hoffenheim|Leverkusen,2022-05-07,Hoffenheim,Leverkusen,2,4,294,80,away_win,2,0.31192894783552516,0.24988723444256608,0.43818381772190873,0.33266980767302984,0.24209139469274946,0.42523879763422084,0.20646854558365363,0.2205098203410835,0.014041274757429861,0.2130524006190691,0.006583855035415476
2021/22,True,0.15,2021/22|2022-05-07|Hertha|Mainz,2022-05-07,Hertha,Mainz,1,2,293,79,away_win,2,0.32918252000779225,0.29223639488689757,0.3785810851053101,0.3351710273826567,0.29127958332064213,0.37354938929670134,0.24726129963378715,0.2523899926236408,0.0051286929898536615,0.2764378428870662,0.029176543253279036
2021/22,True,0.15,2021/22|2022-05-07|Greuther Furth|Dortmund,2022-05-07,Greuther Furth,Dortmund,1,3,292,78,away_win,2,0.18207717128508444,0.2315664763525072,0.5863563523624081,0.12923153673216844,0.16975710574225605,0.7010113575255755,0.10212658176705502,0.05304749920742852,-0.04907908255962651,0.18778708060204055,0.08566049883498553
2021/22,True,0.15,2021/22|2022-05-07|Freiburg|Union Berlin,2022-05-07,Freiburg,Union Berlin,1,4,291,77,away_win,2,0.37428448187010926,0.2825302992933087,0.3431852188365822,0.5392059751449582,0.2595645784607378,0.20122944639430398,0.2857472650617624,0.4643887404697876,0.17864147540802522,0.3494337727369885,0.0636865076752261
2021/22,True,0.15,2021/22|2022-05-07|FC Koln|Wolfsburg,2022-05-07,FC Koln,Wolfsburg,0,1,290,76,away_win,2,0.42724221878619,0.26507632634475764,0.30768145486905263,0.6466909805488943,0.19928640420996535,0.15402261524114041,0.33092044072278937,0.566943479923365,0.23602303920057566,0.43818871700769213,0.10726827628490276
2021/22,True,0.15,2021/22|2022-05-06|Bochum|Bielefeld,2022-05-06,Bochum,Bielefeld,2,1,289,75,home_win,0,0.671616738724701,0.20333901934837767,0.1250442419269217,0.44437677774354634,0.26638389946479624,0.2892393227916574,0.06173581436243987,0.19618827547981055,0.1344524611173707,0.14355849472963023,0.08182268036719036
2021/22,True,0.15,2021/22|2022-05-02|M'gladbach|RB Leipzig,2022-05-02,M'gladbach,RB Leipzig,3,1,288,74,home_win,0,0.24405888109741608,0.23417020410402056,0.5217709147985635,0.19272839809192485,0.22679202194073014,0.580479579967345,0.4218459313887102,0.4943219910031475,0.07247605961443732,0.29471850202763705,-0.12712742936107313
2021/22,True,0.15,2021/22|2022-05-02|Leverkusen|Ein Frankfurt,2022-05-02,Leverkusen,Ein Frankfurt,2,0,287,73,home_win,0,0.5397326094676469,0.25721916014196283,0.20304823039039052,0.6579722481320094,0.19515008561831138,0.14687766624967932,0.12653732732606532,0.06927801594541197,-0.05725931138065335,0.11401447688084562,-0.012522850445219696
2021/22,True,0.15,2021/22|2022-05-08|Ein Frankfurt|M'gladbach,2022-05-08,Ein Frankfurt,M'gladbach,1,1,296,82,draw,1,0.3899136167472844,0.2665286971950975,0.3435576860576178,0.36662480445942675,0.25099698151453065,0.3823782140260427,0.13503225608710656,0.14031342290332943,0.005281166816222871,0.1316065994090983,-0.00342565667800826
2021/22,True,0.15,2021/22|2022-04-10|RB Leipzig|Hoffenheim,2022-04-10,RB Leipzig,Hoffenheim,3,0,261,47,home_win,0,0.6074505511981431,0.2093022815242019,0.18324716727765505,0.6668799756218337,0.19241991391460025,0.14070011046356606,0.0938372970349633,0.06538273586308492,-0.028454561171878376,0.13844150327099974,0.04460420623603645
2021/22,True,0.15,2021/22|2022-02-27|Augsburg|Dortmund,2022-02-27,Augsburg,Dortmund,1,1,215,1,draw,1,0.216855077555034,0.20135701687478802,0.581787905570178,0.23132724683383352,0.25488276282996797,0.5137899903361987,0.19275164586456708,0.15874622464869614,-0.03400542121587094,0.15458332831550994,-0.03816831754905714
2021/22,True,0.15,2021/22|2022-04-10|Bochum|Leverkusen,2022-04-10,Bochum,Leverkusen,0,0,259,45,draw,1,0.3270633318377947,0.26887746211877533,0.4040592060434298,0.24792533818938609,0.24855619146722166,0.5035184703433924,0.13511713251064322,0.15749891164663551,0.02238177913599229,0.13827335469821345,0.0031562221875702234
2021/22,True,0.15,2021/22|2022-03-18|Bochum|M'gladbach,2022-03-18,Bochum,M'gladbach,0,2,234,20,away_win,2,0.46204227298406103,0.2529676237634736,0.28499010325246543,0.3363789479960054,0.2689183347990043,0.3947027172049902,0.3623611072355989,0.23976779860696057,-0.12259330862863832,0.36298600789693325,0.00062490066133436
2021/22,True,0.15,2021/22|2022-03-16|Mainz|Dortmund,2022-03-16,Mainz,Dortmund,0,1,233,19,away_win,2,0.39664404463957326,0.276432011290222,0.3269239440702048,0.3232811959999554,0.273615090469236,0.4031037135308086,0.3051789376070243,0.23039795424393625,-0.07478098336308805,0.310064628880676,0.004885691273651682
2021/22,True,0.15,2021/22|2022-03-13|Leverkusen|FC Koln,2022-03-13,Leverkusen,FC Koln,0,1,232,18,away_win,2,0.5960120531356463,0.21683451379018395,0.18715343307416984,0.5736822695422945,0.2252332236078292,0.20108450684987642,0.5079749544230383,0.4836886557912516,-0.024286298631786718,0.5147436052413101,0.006768650818271826
2021/22,True,0.15,2021/22|2022-03-13|Greuther Furth|RB Leipzig,2022-03-13,Greuther Furth,RB Leipzig,1,6,231,17,away_win,2,0.17692819381458746,0.21641757003739767,0.6066542361480147,0.10072600955506804,0.17239301104380672,0.7268809794011253,0.09301223785339695,0.04236986420688812,-0.05064237364650883,0.19379452589403826,0.10078228804064131
2021/22,True,0.15,2021/22|2022-03-13|Ein Frankfurt|Bochum,2022-03-13,Ein Frankfurt,Bochum,2,1,230,16,home_win,0,0.3796408813384809,0.2858084143534954,0.3345507043080236,0.6166499959449596,0.23705766267470466,0.14629234138033578,0.24838480492974574,0.08417933737777009,-0.16420546755197565,0.15549991205448027,-0.09288489287526547
2021/22,True,0.15,2021/22|2022-03-13|Dortmund|Bielefeld,2022-03-13,Dortmund,Bielefeld,1,0,229,15,home_win,0,0.70109915011214,0.18660111208373,0.11229973780413004,0.7222463543282656,0.17257213775985106,0.10518150791188334,0.05097647458728069,0.0441051186452785,-0.006871355942002187,0.0911032427129159,0.040126768125635204
2021/22,True,0.15,2021/22|2022-03-12|Union Berlin|Stuttgart,2022-03-12,Union Berlin,Stuttgart,1,1,228,14,draw,1,0.5729736686984048,0.24032175631519948,0.18670457498639587,0.45743401082684054,0.2896179831862245,0.25294800598693506,0.18157871167128,0.13661428399694825,-0.04496442767433176,0.16238412630367893,-0.019194585367601075
2021/22,True,0.15,2021/22|2022-03-12|M'gladbach|Hertha,2022-03-12,M'gladbach,Hertha,2,0,227,13,home_win,0,0.5744636326415744,0.2175745020765277,0.207961865281898,0.6378433279680493,0.20675853639642278,0.15539813563552793,0.1121646686780656,0.07765301782812789,-0.03451165084993771,0.11515995080342026,0.002995282125354659
2021/22,True,0.15,2021/22|2022-03-12|Freiburg|Wolfsburg,2022-03-12,Freiburg,Wolfsburg,3,2,225,11,home_win,0,0.52588011465229,0.24841115839038191,0.22570872695732788,0.4864887459161938,0.2708704651777145,0.24264078890609164,0.13786704755341167,0.161284180255847,0.02341713270243534,0.15304836336683672,0.01518131581342505
2021/22,True,0.15,2021/22|2022-03-06|FC Koln|Hoffenheim,2022-03-06,FC Koln,Hoffenheim,0,1,224,10,away_win,2,0.43012176869403607,0.26075947975903896,0.3091187515469249,0.33302497687326543,0.2590194264569843,0.40795559666975023,0.33116081768428274,0.23071110536805517,-0.10044971231622757,0.3244362829938824,-0.006724534690400352
2021/22,True,0.15,2021/22|2022-03-05|Wolfsburg|Union Berlin,2022-03-05,Wolfsburg,Union Berlin,1,0,223,9,home_win,0,0.3937557250148921,0.2715179357536521,0.33472633923145556,0.4167464355886946,0.3014761448939493,0.281777419517356,0.23978692156375542,0.20979161727417642,-0.029995304289579,0.2590305737021342,0.01924365213837881
2021/22,True,0.15,2021/22|2022-03-05|Stuttgart|M'gladbach,2022-03-05,Stuttgart,M'gladbach,3,2,222,8,home_win,0,0.37461022849931264,0.251212848792621,0.37417692270806663,0.3410474756779832,0.2782483654256634,0.38070415889635334,0.26556036789248005,0.289577042955669,0.02401667506318894,0.2554950222302868,-0.010065345662193248
2021/22,True,0.15,2021/22|2022-03-05|RB Leipzig|Freiburg,2022-03-05,RB Leipzig,Freiburg,1,1,221,7,draw,1,0.5651108152432084,0.21376177058272575,0.22112741417406553,0.6259249655942718,0.2277426518007327,0.14633238260499565,0.18412378340207625,0.20659761437652258,0.02247383097444633,0.14323932078050566,-0.04088446262157058
2021/22,True,0.15,2021/22|2022-03-05|Hertha|Ein Frankfurt,2022-03-05,Hertha,Ein Frankfurt,1,4,220,6,away_win,2,0.3437410992561386,0.2615061425646492,0.3947527581792122,0.2911165043353683,0.2622389958624229,0.4466444998022089,0.24224108352474488,0.19547556434779612,-0.04676551917694877,0.27736254709697,0.03512146357222512
2021/22,True,0.15,2021/22|2022-03-05|Bochum|Greuther Furth,2022-03-05,Bochum,Greuther Furth,2,1,219,5,home_win,0,0.5439939167931674,0.2736739501185454,0.18233213308828686,0.5581921283467961,0.25176191355847766,0.19004595809472632,0.12059327733908079,0.11565583082143815,-0.004937446517642635,0.11906044504499791,-0.001532832294082881
2021/22,True,0.15,2021/22|2022-03-05|Bayern Munich|Leverkusen,2022-03-05,Bayern Munich,Leverkusen,1,1,218,4,draw,1,0.6206469216056014,0.18650823243298661,0.1928448459614119,0.7031634686779475,0.16336120989487665,0.13347532142717575,0.2111958679561951,0.2561272625566454,0.044931394600450314,0.21867136455099756,0.007475496594802455
2021/22,True,0.15,2021/22|2022-03-04|Bielefeld|Augsburg,2022-03-04,Bielefeld,Augsburg,0,1,217,3,away_win,2,0.32478915436530087,0.2909642688681608,0.38424657676653823,0.4086217933120459,0.2880843911551002,0.30329381553285395,0.24232013650852685,0.32618563872216066,0.08386550221363381,0.36395730846778107,0.12163717195925422
2021/22,True,0.15,2021/22|2022-02-27|Bochum|RB Leipzig,2022-02-27,Bochum,RB Leipzig,0,1,216,2,away_win,2,0.2868579791724372,0.24232224089879414,0.47081977992876883,0.20816067269592575,0.26299869937388465,0.5288406279301896,0.18115960276476561,0.13266100977321918,-0.048498592991546435,0.3077518513053023,0.1265922485405367
2021/22,True,0.15,2021/22|2022-04-10|Ein Frankfurt|Freiburg,2022-04-10,Ein Frankfurt,Freiburg,1,2,260,46,away_win,2,0.3739424667218223,0.2873313925146312,0.33872614076354657,0.3995953085772098,0.2845954959343501,0.31580919548844005,0.2885580426637371,0.31389673380754557,0.02533869114380849,0.39598228734919894,0.10742424468546186
2021/22,True,0.15,2021/22|2022-03-19|Bayern Munich|Union Berlin,2022-03-19,Bayern Munich,Union Berlin,4,0,235,21,home_win,0,0.6687562248461127,0.17727375596040476,0.15397001919348272,0.8507853403141362,0.09947643979057591,0.049738219895287955,0.0667146026943202,0.012369452591760075,-0.05434515010256012,0.057328298433652794,-0.009386304260667402
2021/22,True,0.15,2021/22|2022-03-19|Greuther Furth|Freiburg,2022-03-19,Greuther Furth,Freiburg,0,0,236,22,draw,1,0.21880136910507267,0.26789702960062306,0.5133016012943045,0.1933808417478331,0.24537016352426058,0.5612489947279063,0.15567628650677556,0.17619829201909296,0.020522005512317393,0.13715159274851887,-0.01852469375825669
2021/22,True,0.15,2021/22|2022-03-12|Hoffenheim|Bayern Munich,2022-03-12,Hoffenheim,Bayern Munich,1,1,226,12,draw,1,0.27609054236780767,0.20048921431398142,0.523420243318211,0.15342413139988928,0.17362588535645834,0.6729499832436523,0.17509736935012266,0.23820032202172126,0.0631029526715986,0.14514540240918647,-0.029951966940936187
2021/22,True,0.15,2021/22|2022-03-19|Mainz|Bielefeld,2022-03-19,Mainz,Bielefeld,4,0,238,24,home_win,0,0.6135553140018472,0.24931687831350915,0.1371278076846436,0.6549219768853711,0.22279309259342536,0.12228493052120337,0.0840717654883038,0.06701622313463795,-0.017055542353665853,0.14628900933421313,0.06221724384590932
2021/22,True,0.15,2021/22|2022-03-19|Hertha|Hoffenheim,2022-03-19,Hertha,Hoffenheim,3,0,237,23,home_win,0,0.22517959793060793,0.2228971481938274,0.5519232538755644,0.27254812529811745,0.2637325525121945,0.463719322189688,0.4524829668157827,0.37211091988967354,-0.08037204692610916,0.3524276351374643,-0.10005533167831843
2021/22,True,0.15,2021/22|2022-04-09|Hertha|Union Berlin,2022-04-09,Hertha,Union Berlin,1,4,257,43,away_win,2,0.2392109357391692,0.268521087617673,0.492267976643158,0.2693284936479129,0.3074410163339383,0.4232304900181488,0.15750683965962095,0.20260045256767928,0.04509361290805833,0.3170074067573577,0.15950056709773677
2021/22,True,0.15,2021/22|2022-04-09|Greuther Furth|M'gladbach,2022-04-09,Greuther Furth,M'gladbach,0,2,256,42,away_win,2,0.2764136527272316,0.27448708929355653,0.449099257979212,0.2040914533519403,0.23728108290189176,0.558627463746168,0.18994806748653276,0.11823151854522375,-0.07171654894130901,0.23038902011269777,0.04044095262616501
2021/22,True,0.15,2021/22|2022-04-09|FC Koln|Mainz,2022-04-09,FC Koln,Mainz,3,2,255,41,home_win,0,0.34120003022129364,0.2922676223058334,0.3665323474728732,0.35426606523354043,0.2927468083965783,0.3529871263698814,0.28418168096219965,0.2707861129459204,-0.013395568016279225,0.25297757128299764,-0.031204109679202008
2021/22,True,0.15,2021/22|2022-04-09|Bayern Munich|Augsburg,2022-04-09,Bayern Munich,Augsburg,1,0,254,40,home_win,0,0.8162645724147026,0.10065452902532836,0.08308089855996882,0.8370965965414693,0.10221390020927414,0.060689503249256524,0.02033057152774196,0.015110367331507182,-0.0052202041962347775,0.04930620059197708,0.02897562906423512
2021/22,True,0.15,2021/22|2022-04-08|Stuttgart|Dortmund,2022-04-08,Stuttgart,Dortmund,0,2,253,39,away_win,2,0.31440100344328875,0.252913739509237,0.43268525704747474,0.2556695966221419,0.2510688583795841,0.49326154499827385,0.21034700426871866,0.1610754022072325,-0.049271602061486175,0.2104071555570294,6.015128831074468e-05
2021/22,True,0.15,2021/22|2022-04-06|Augsburg|Mainz,2022-04-06,Augsburg,Mainz,2,1,252,38,home_win,0,0.27990469874877094,0.2753185978615184,0.44477670338971026,0.2958041983737089,0.28216481170518054,0.4220309899211106,0.35818177938115847,0.3370009417409436,-0.02118083764021489,0.2614724995945138,-0.09670927978664468
2021/22,True,0.15,2021/22|2022-04-03|M'gladbach|Mainz,2022-04-03,M'gladbach,Mainz,1,1,251,37,draw,1,0.33204890611836074,0.25728520116024145,0.41066589272139775,0.4017630965650015,0.27814368223730873,0.3200932211976898,0.13945147574953126,0.13193662800910594,-0.007514847740425323,0.13796715150107108,-0.0014843242484601782
2021/22,True,0.15,2021/22|2022-04-03|Augsburg|Wolfsburg,2022-04-03,Augsburg,Wolfsburg,3,0,250,36,home_win,0,0.34448572212019724,0.2771345466455306,0.37837973123427243,0.36369315389918827,0.2869016375333772,0.3494052085674344,0.2864350947565997,0.2634852010844072,-0.022949893672192467,0.16846697396526472,-0.11796812079133495
2021/22,True,0.15,2021/22|2022-04-02|Leverkusen|Hertha,2022-04-02,Leverkusen,Hertha,2,1,249,35,home_win,0,0.7183643665880131,0.16725323863552324,0.1143823947764636,0.6665555160215272,0.20316723452848218,0.13027724944999058,0.04620098112108494,0.06407869280996255,0.017877711688877605,0.04076154700432724,-0.005439434116757701
2021/22,True,0.15,2021/22|2022-04-09|Wolfsburg|Bielefeld,2022-04-09,Wolfsburg,Bielefeld,4,0,258,44,home_win,0,0.6141498808511805,0.23474922711252888,0.15110089203629068,0.5802490782043679,0.25254364025475085,0.1672072815408813,0.08585589701066049,0.10207455567428719,0.016218658663626706,0.2135951069270942,0.12773920991643373
2021/22,True,0.15,2021/22|2022-03-19|Stuttgart|Augsburg,2022-03-19,Stuttgart,Augsburg,3,2,239,25,home_win,0,0.4803672332323732,0.2665061836732451,0.2531265830943817,0.5196940395796134,0.2706439873711006,0.2096619730492861,0.1670456396838079,0.13732597927913479,-0.02971966040467311,0.21418564404493343,0.04714000436112553
2021/22,True,0.15,2021/22|2022-04-02|Freiburg|Bayern Munich,2022-04-02,Freiburg,Bayern Munich,1,4,247,33,away_win,2,0.27242683437808224,0.21437356859394144,0.5131995970279765,0.15503693537402924,0.19812022167472298,0.6468428429512478,0.15559550621149384,0.07437821445246398,-0.08121729175902986,0.19350034392384086,0.03790483771234701
2021/22,True,0.15,2021/22|2022-04-02|Ein Frankfurt|Greuther Furth,2022-04-02,Ein Frankfurt,Greuther Furth,0,0,246,32,draw,1,0.5227484758711382,0.28152356443546067,0.19572795969340137,0.7490924185047957,0.1654673321697237,0.08544024932548067,0.1557877016156698,0.2842197438330822,0.1284320422174124,0.200157434567947,0.0443697329522772
2021/22,True,0.15,2021/22|2022-04-02|Dortmund|RB Leipzig,2022-04-02,Dortmund,RB Leipzig,1,4,245,31,away_win,2,0.38300304218689574,0.2588076702339085,0.3581892875791957,0.4160796296635134,0.25799132710006767,0.3259290432364188,0.27930616045125867,0.31374695648654805,0.03444079603528938,0.4071174403565565,0.12781127990529784
2021/22,True,0.15,2021/22|2022-04-02|Bielefeld|Stuttgart,2022-04-02,Bielefeld,Stuttgart,1,1,244,30,draw,1,0.23259932954649024,0.26798944024838,0.49941123020512984,0.2782508899788745,0.29590426970563083,0.42584484031549485,0.15175701248023896,0.12938369289868243,-0.022373319581556528,0.1333754980435316,-0.018381514436707352
2021/22,True,0.15,2021/22|2022-04-01|Union Berlin|FC Koln,2022-04-01,Union Berlin,FC Koln,1,0,243,29,home_win,0,0.4891175021693053,0.2709171467294442,0.23996535110125056,0.42089225489616,0.29770427785338144,0.28140346725045856,0.1592921481594381,0.20727684590991702,0.04798469775047892,0.19949270634861868,0.040200558189180585
2021/22,True,0.15,2021/22|2022-03-20|Wolfsburg|Leverkusen,2022-03-20,Wolfsburg,Leverkusen,0,2,242,28,away_win,2,0.2576423525917696,0.23716160167718306,0.5051960457310477,0.30396136258541845,0.2741612289986127,0.4218774084159687,0.15560526750460674,0.21330912042231032,0.05770385291770358,0.24403047075091822,0.08842520324631148
2021/22,True,0.15,2021/22|2022-03-20|RB Leipzig|Ein Frankfurt,2022-03-20,RB Leipzig,Ein Frankfurt,0,0,241,27,draw,1,0.6651724271600411,0.19002795268514808,0.14479962015481104,0.6831499473956107,0.19192621311900263,0.12492383948538661,0.23171064392547885,0.24114990814919818,0.009439264223719324,0.16648872870567347,-0.06522191521980539
2021/22,True,0.15,2021/22|2022-03-20|FC Koln|Dortmund,2022-03-20,FC Koln,Dortmund,1,1,240,26,draw,1,0.31004795051689893,0.26002461906641144,0.42992743041668957,0.26493779859826894,0.24379563013157413,0.4912665712701568,0.14048366352221342,0.15576744058681655,0.015283777064603127,0.14101955337870456,0.0005358898564911396
2021/22,True,0.15,2021/22|2022-04-02|Hoffenheim|Bochum,2022-04-02,Hoffenheim,Bochum,1,2,248,34,away_win,2,0.5235329113900596,0.23828112461844486,0.23818596399149536,0.6595261827458706,0.20043095492071633,0.14004286233341298,0.42722366738405954,0.5872505321755243,0.16002686479146472,0.43891191910629296,0.011688251722233423
2022/23,True,0.15,2022/23|2023-05-06|Hoffenheim|Ein Frankfurt,2023-05-06,Hoffenheim,Ein Frankfurt,3,1,276,63,home_win,0,0.3627558725775167,0.3085189639334279,0.32872516348905517,0.38673424416042307,0.250881445570736,0.3623843102688408,0.2570701555226742,0.2537086378072555,-0.003361517715418705,0.22148120701298582,-0.035588948509688384
2022/23,True,0.15,2022/23|2023-05-06|M'gladbach|Bochum,2023-05-06,M'gladbach,Bochum,2,0,277,64,home_win,0,0.5468587595674107,0.22342591789259508,0.2297153225399944,0.45970209662843725,0.2556567795870943,0.28464112378446843,0.12905305659521962,0.18647119686849575,0.05741814027327613,0.1298420258882751,0.0007889692930554693
2022/23,True,0.15,2022/23|2023-05-06|Werder Bremen|Bayern Munich,2023-05-06,Werder Bremen,Bayern Munich,1,2,278,65,away_win,2,0.14378921715476775,0.16704284521988516,0.6891679376253469,0.09257283804865708,0.1389256651347135,0.7685014968166294,0.05864595498503053,0.03108064366026196,-0.02756531132476857,0.23163777997020157,0.17299182498517104
2022/23,True,0.15,2022/23|2023-05-13|Dortmund|M'gladbach,2023-05-13,Dortmund,M'gladbach,5,2,283,70,home_win,0,0.7601952516724632,0.1403319732897998,0.09947277503773723,0.7873232752436345,0.12511726467050005,0.08755946008586533,0.03370057514707077,0.02644902415181154,-0.007251550995259228,0.0691562198699186,0.03545564472284783
2022/23,True,0.15,2022/23|2023-05-12|FC Koln|Hertha,2023-05-12,FC Koln,Hertha,5,2,280,67,home_win,0,0.6154276978508442,0.23699907006208504,0.14757323208707063,0.5051137121678041,0.24932722876825109,0.245559059063945,0.08483685720446305,0.1526058446863505,0.06776898748188745,0.11601055486496552,0.031173697660502472
2022/23,True,0.15,2022/23|2023-05-13|Bayern Munich|Schalke 04,2023-05-13,Bayern Munich,Schalke 04,6,0,281,68,home_win,0,0.8241141713672686,0.10418547447672084,0.07170035415601049,0.8462946020128088,0.10155535224153704,0.05215004574565416,0.018038382749959943,0.01317248832083733,-0.004865894429122613,0.06948705981158906,0.05144867706162912
2022/23,True,0.15,2022/23|2023-05-13|Bochum|Augsburg,2023-05-13,Bochum,Augsburg,3,2,282,69,home_win,0,0.4425940200794557,0.2633327935883578,0.2940731863321867,0.4220056319943972,0.263186308125538,0.31480805988006483,0.19859023268537357,0.2165908020058233,0.018000569320449744,0.23600356960219543,0.03741333691682186
2022/23,True,0.15,2022/23|2023-05-06|Hertha|Stuttgart,2023-05-06,Hertha,Stuttgart,2,1,275,62,home_win,0,0.2805641015278043,0.2739013107885758,0.44553458768362003,0.3239576980857045,0.2717645133941188,0.4042777885201767,0.3580445404164543,0.3102368621341721,-0.04780767828228216,0.23065941868219092,-0.12738512173426336
2022/23,True,0.15,2022/23|2023-05-07|Dortmund|Wolfsburg,2023-05-07,Dortmund,Wolfsburg,6,0,279,66,home_win,0,0.6610139937683245,0.1882415050548485,0.15074450117682678,0.6306112398081096,0.18820568009776914,0.18118308009412104,0.06881770852797597,0.08463768233424732,0.015819973806271342,0.1428598657106519,0.07404215718267593
2022/23,True,0.15,2022/23|2023-05-06|Freiburg|RB Leipzig,2023-05-06,Freiburg,RB Leipzig,0,1,274,61,away_win,2,0.20414344949333108,0.23893109206866375,0.5569254584380051,0.23242338719748248,0.24709658083368718,0.5204800319688304,0.11899479867570406,0.14198001532848242,0.022985216652778362,0.37051130877853294,0.2515165101028289
2022/23,True,0.15,2022/23|2023-04-29|Union Berlin|Leverkusen,2023-04-29,Union Berlin,Leverkusen,0,0,268,55,draw,1,0.2913901147553681,0.2960102733962627,0.41259961184836974,0.331939432128468,0.2985430868228599,0.36951748104867194,0.12757331933728577,0.12336347770116278,-0.0042098416361229934,0.1247389188877405,-0.002834400449545277
2022/23,True,0.15,2022/23|2023-05-05|Mainz|Schalke 04,2023-05-05,Mainz,Schalke 04,2,3,272,59,away_win,2,0.6320463626651036,0.20921484908864205,0.15873878824625426,0.5777472549496419,0.23302932240212285,0.18922342264823538,0.5536015154797841,0.49557527449204425,-0.05802624098773984,0.5149338901644563,-0.03866762531532775
2022/23,True,0.15,2022/23|2023-05-05|Leverkusen|FC Koln,2023-05-05,Leverkusen,FC Koln,1,2,271,58,away_win,2,0.4913898047579319,0.27469267314901225,0.233917522093056,0.6019675618186653,0.22573783568199945,0.17229460249933531,0.414173151588041,0.523730585266821,0.10955743367878001,0.49657086314460774,0.08239771155656672
2022/23,True,0.15,2022/23|2023-04-30|Wolfsburg|Mainz,2023-04-30,Wolfsburg,Mainz,3,0,270,57,home_win,0,0.4555735900634846,0.24521894886074744,0.2992074610757681,0.429091925199865,0.26228675320527944,0.30862132159485556,0.192962610299885,0.21059157500747588,0.017628964707590872,0.19254326197611712,-0.00041934832376788744
2022/23,True,0.15,2022/23|2023-04-30|Bayern Munich|Hertha,2023-04-30,Bayern Munich,Hertha,2,0,269,56,home_win,0,0.799028692917115,0.11940623616035624,0.08156507092252864,0.8939096267190569,0.06895874263261297,0.03713163064833006,0.023521163532600205,0.006316962648746924,-0.01720420088385328,0.034470520600522955,0.01094935706792275
2022/23,True,0.15,2022/23|2023-04-29|Stuttgart|M'gladbach,2023-04-29,Stuttgart,M'gladbach,2,1,267,54,home_win,0,0.5049370479196065,0.2701414859300891,0.2249214661503045,0.5676811120286875,0.22974388533866885,0.20257500263264366,0.1478384962288783,0.11396812629418389,-0.0338703699346944,0.19056043600458483,0.04272193977570654
2022/23,True,0.15,2022/23|2023-04-29|Schalke 04|Werder Bremen,2023-04-29,Schalke 04,Werder Bremen,2,1,266,53,home_win,0,0.4049464107569741,0.2804087624134396,0.3146448268295861,0.39150699119627136,0.25893319523562924,0.3495598135680994,0.2265450705608141,0.24622790251238946,0.019682831951575358,0.281725890626882,0.05518082006606792
2022/23,True,0.15,2022/23|2023-04-29|RB Leipzig|Hoffenheim,2023-04-29,RB Leipzig,Hoffenheim,1,0,265,52,home_win,0,0.7545295813822268,0.1553243323764388,0.09014608624133433,0.695400538245399,0.17962375526633922,0.1249757064882617,0.034191021640507455,0.054199879656716375,0.02000885801620892,0.09474748585573191,0.060556464215224454
2022/23,True,0.15,2022/23|2023-04-29|FC Koln|Freiburg,2023-04-29,FC Koln,Freiburg,0,1,264,51,away_win,2,0.5431253226265806,0.2695883300235607,0.18728634734985872,0.3868069708439047,0.2869858170777357,0.32620721207835957,0.4777442986410809,0.301808176874327,-0.17593612176675394,0.28774213217270983,-0.1900021664683711
2022/23,True,0.15,2022/23|2023-04-29|Ein Frankfurt|Augsburg,2023-04-29,Ein Frankfurt,Augsburg,1,1,263,50,draw,1,0.6276322029637844,0.21963238352225398,0.1527354135139615,0.6068309260832626,0.2180798640611725,0.17508920985556503,0.20862514436922694,0.19945000212945807,-0.009175142239768869,0.17109947625261857,-0.037525668116608374
2022/23,True,0.15,2022/23|2023-05-06|Augsburg|Union Berlin,2023-05-06,Augsburg,Union Berlin,1,0,273,60,home_win,0,0.2992000022526027,0.33039130032032543,0.3704086974270721,0.2921401074022591,0.2983748048163317,0.4094850877814092,0.3141616199861861,0.33437183233191675,0.02021021234573067,0.31296697826115816,-0.0011946417250279229
2022/23,True,0.15,2022/23|2023-05-13|Ein Frankfurt|Mainz,2023-05-13,Ein Frankfurt,Mainz,3,0,284,71,home_win,0,0.4749944921354436,0.2770743134695345,0.24793119439502156,0.46351759424055505,0.25942231401792337,0.2770600917415216,0.16855033022113147,0.18228783306263102,0.01373750284149955,0.2369381402598725,0.06838781003874103
2022/23,True,0.15,2022/23|2023-05-27|Wolfsburg|Hertha,2023-05-27,Wolfsburg,Hertha,1,2,306,93,away_win,2,0.5639500472847367,0.2344562312057682,0.20159372150949487,0.7762765240453531,0.13731567615067586,0.08640779980397108,0.47774612068275724,0.7186279750214783,0.2408818543387211,0.6179967061763312,0.14025058549357394
2022/23,True,0.15,2022/23|2023-05-13|Wolfsburg|Hoffenheim,2023-05-13,Wolfsburg,Hoffenheim,2,1,286,73,home_win,0,0.4679200108535572,0.2673440843252091,0.2647359048212338,0.4934167411379208,0.24182305630026807,0.26476020256181115,0.17659710707579795,0.16336228150994783,-0.013234825565850122,0.08519970502284738,-0.09139740205295058
2022/23,True,0.15,2022/23|2023-04-28|Bochum|Dortmund,2023-04-28,Bochum,Dortmund,1,1,262,49,draw,1,0.2112912243208163,0.1898270316650113,0.5988817440141725,0.15532506497670112,0.18897382179950678,0.655701113223792,0.20165166239422308,0.22703491284646832,0.025383250452245237,0.1825845263871485,-0.019067136007074575
2022/23,True,0.15,2022/23|2023-05-27|Union Berlin|Werder Bremen,2023-05-27,Union Berlin,Werder Bremen,1,0,305,92,home_win,0,0.4273697124116329,0.31699565071877756,0.2556346368695891,0.6472201446023435,0.2056843679880329,0.14709548740962353,0.19662725691549146,0.0730453543953331,-0.12358190252015835,0.12162286137290046,-0.075004395542591
2022/23,True,0.15,2022/23|2023-05-27|Stuttgart|Hoffenheim,2023-05-27,Stuttgart,Hoffenheim,1,1,304,91,draw,1,0.43497626522926036,0.2922431761261079,0.27278055864463197,0.6296362961379667,0.2012239709306904,0.16913973293134288,0.13180679224363662,0.21252505733521165,0.08071826509157504,0.15968082947355633,0.027874037229919713
2022/23,True,0.15,2022/23|2023-05-27|RB Leipzig|Schalke 04,2023-05-27,RB Leipzig,Schalke 04,4,2,303,90,home_win,0,0.8343241470057611,0.09883401954180926,0.06684183345242946,0.6183952285674719,0.19417610177018618,0.18742866966234187,0.015958159482325505,0.09037585389573367,0.07441769441340818,0.0947464680855515,0.078788308603226
2022/23,True,0.15,2022/23|2023-05-27|M'gladbach|Augsburg,2023-05-27,M'gladbach,Augsburg,2,0,302,89,home_win,0,0.5694864571749365,0.2378386636318818,0.19267487919318146,0.4902623694226254,0.24451372580775774,0.265223904769617,0.11123275981394748,0.16508808584393944,0.05385532602999196,0.11703345701291953,0.005800697198972055
2022/23,True,0.15,2022/23|2023-05-27|FC Koln|Bayern Munich,2023-05-27,FC Koln,Bayern Munich,1,2,301,88,away_win,2,0.2560382726813224,0.2452654451467761,0.49869628217190143,0.16451457079184406,0.17963539531315326,0.6558500338950026,0.1584305072929545,0.07275212158644774,-0.08567838570650675,0.2484382421957024,0.09000773490274791
2022/23,True,0.15,2022/23|2023-05-27|Ein Frankfurt|Freiburg,2023-05-27,Ein Frankfurt,Freiburg,2,1,300,87,home_win,0,0.4938779494384285,0.2832499099312872,0.22287214063028435,0.4887607453681456,0.2456084147578621,0.26563083987399216,0.1529157605668876,0.16596265928434828,0.013046898717460675,0.19563978814060462,0.042724027573717016
2022/23,True,0.15,2022/23|2023-05-27|Dortmund|Mainz,2023-05-27,Dortmund,Mainz,2,2,299,86,draw,1,0.7515885235046247,0.13868819532155047,0.10972328117382461,0.794226909774115,0.12502668773218326,0.08074640249370169,0.288462253547706,0.3186581828625076,0.030195929314801584,0.27054973611042704,-0.017912517437278952
2022/23,True,0.15,2022/23|2023-05-27|Bochum|Leverkusen,2023-05-27,Bochum,Leverkusen,3,0,298,85,home_win,0,0.2509873008141751,0.23054591024428162,0.5184667889415432,0.21788486041932117,0.21128228889146297,0.5708328506892157,0.4149139173884949,0.46877711749364065,0.053863200105145725,0.3247531003965954,-0.09016081699189954
2022/23,True,0.15,2022/23|2023-05-13|Union Berlin|Freiburg,2023-05-13,Union Berlin,Freiburg,4,2,285,72,home_win,0,0.41452914855950274,0.33629387493823687,0.24917697650226028,0.4612868047982552,0.3075245365321701,0.2311886586695747,0.20243264175263445,0.17183005129095513,-0.03060259046167932,0.21923190849045682,0.016799266737822366
2022/23,True,0.15,2022/23|2023-05-21|Mainz|Stuttgart,2023-05-21,Mainz,Stuttgart,1,4,297,84,away_win,2,0.4595743668877745,0.26166690201462567,0.27875873109759963,0.35210659148268575,0.28128055296605353,0.3666128555512608,0.3656987833341215,0.2625791632592416,-0.1031196200748799,0.48409809913498314,0.11839931580086166
2022/23,True,0.15,2022/23|2023-05-21|Augsburg|Dortmund,2023-05-21,Augsburg,Dortmund,0,3,295,82,away_win,2,0.18571880666477683,0.19743477658120312,0.6168464167540201,0.15190101507598056,0.172983362364106,0.6751156225599135,0.09064907175161141,0.06431188854287295,-0.026337183208738457,0.18262942405208585,0.09198035230047444
2022/23,True,0.15,2022/23|2023-05-20|Werder Bremen|FC Koln,2023-05-20,Werder Bremen,FC Koln,1,1,294,81,draw,1,0.2871192743425047,0.27251256531353446,0.4403681603439609,0.3879544221378187,0.2539338035811177,0.35811177428106344,0.13818079717184545,0.13937633826751014,0.0011955410956646928,0.14757266363842744,0.009391866466581994
2022/23,True,0.15,2022/23|2023-05-20|Schalke 04|Ein Frankfurt,2023-05-20,Schalke 04,Ein Frankfurt,2,2,293,80,draw,1,0.2652888172086406,0.2797355350765926,0.4549756477147667,0.3458063179852869,0.2595840530234382,0.39460962899127494,0.13869049827471558,0.1376493844255865,-0.0010411138491290828,0.133310245602888,-0.005380252671827568
2022/23,True,0.15,2022/23|2023-05-20|Hoffenheim|Union Berlin,2023-05-20,Hoffenheim,Union Berlin,4,2,292,79,home_win,0,0.4246259644644422,0.34354358656326794,0.23183044897228947,0.423537886500373,0.2844106156441459,0.29205149785548107,0.19240031891958345,0.2088013228500435,0.01640100393046004,0.26463943173328136,0.07223911281369791
2022/23,True,0.15,2022/23|2023-05-20|Hertha|Bochum,2023-05-20,Hertha,Bochum,1,1,291,78,draw,1,0.47023859205499097,0.24098904333538487,0.2887723646096244,0.39948783610755434,0.25096030729833546,0.3495518565941101,0.15225690601004696,0.14088851582314282,-0.011368390186904137,0.15453623017576348,0.002279324165716523
2022/23,True,0.15,2022/23|2023-05-20|Bayern Munich|RB Leipzig,2023-05-20,Bayern Munich,RB Leipzig,1,3,290,77,away_win,2,0.4466248031931829,0.2865011854645604,0.2668740113422566,0.626565423679727,0.2057772759874472,0.16765730033282575,0.3684737150363714,0.5426892999200978,0.17421558488372646,0.43837136580570213,0.06989765076933074
2022/23,True,0.15,2022/23|2023-05-19|Freiburg|Wolfsburg,2023-05-19,Freiburg,Wolfsburg,2,0,289,76,home_win,0,0.41344898095566396,0.2737855865090972,0.31276543253523875,0.43841630113413876,0.25795998721085206,0.3036237116550091,0.2209321568654521,0.20378180455551323,-0.01715035230993886,0.18008006655499942,-0.04085209031045267
2022/23,True,0.15,2022/23|2023-05-14|Stuttgart|Leverkusen,2023-05-14,Stuttgart,Leverkusen,1,1,288,75,draw,1,0.33217442298319055,0.2834091692565179,0.3844164077602915,0.3693612278402844,0.2734098474236742,0.35722892473604145,0.1290579109197712,0.1320201106498754,0.002962199730104198,0.13608010975088017,0.007022198831108967
2022/23,True,0.15,2022/23|2023-05-14|RB Leipzig|Werder Bremen,2023-05-14,RB Leipzig,Werder Bremen,2,1,287,74,home_win,0,0.8057019499694541,0.12282476260758592,0.07147328742296002,0.7819460726846426,0.13373974208675266,0.08431418522860493,0.021430081530358785,0.027328198524207332,0.005898116993848547,0.12649610084769314,0.10506601931733435
2022/23,True,0.15,2022/23|2023-05-21|Leverkusen|M'gladbach,2023-05-21,Leverkusen,M'gladbach,2,2,296,83,draw,1,0.6722572709626595,0.18920785802608894,0.13853487101125156,0.7469887401186065,0.15790005888685993,0.09511120099453364,0.23556087442413334,0.2835191592093028,0.047958284785169475,0.2041822814747718,-0.031378592949361545
2022/23,True,0.15,2022/23|2023-04-23|M'gladbach|Union Berlin,2023-04-23,M'gladbach,Union Berlin,0,1,261,48,away_win,2,0.5071664706355515,0.28378881466100825,0.20904471470344016,0.3850579074391706,0.2910854419331826,0.32385665062764685,0.44141404613774204,0.3027197104909485,-0.13869433564679357,0.35031498619515966,-0.09109905994258238
2022/23,True,0.15,2022/23|2023-04-23|Leverkusen|RB Leipzig,2023-04-23,Leverkusen,RB Leipzig,2,0,260,47,home_win,0,0.35265786952093886,0.27748449792232255,0.3698576325567386,0.35989103497852853,0.27888991884376,0.36121904617771133,0.2779232511268227,0.2701093432111975,-0.007813907915625196,0.154603053919048,-0.1233201972077747
2022/23,True,0.15,2022/23|2023-04-23|Freiburg|Schalke 04,2023-04-23,Freiburg,Schalke 04,4,0,259,46,home_win,0,0.48640833037306697,0.2690989491715353,0.2444927204553978,0.5301915731857689,0.2694896394093411,0.2003187874048901,0.16177654673293101,0.1304237872465141,-0.031352759486416915,0.13188302206324956,-0.029893524669681454
2022/23,True,0.15,2022/23|2023-04-02|Werder Bremen|Hoffenheim,2023-04-02,Werder Bremen,Hoffenheim,1,2,234,21,away_win,2,0.3378736703397987,0.2848319057207508,0.3772944239394504,0.448323236925092,0.25993208949380336,0.2917446735811047,0.2509604257828939,0.35130966608386405,0.10034924030097014,0.48836126262270707,0.23740083683981317
2022/23,True,0.15,2022/23|2023-04-02|FC Koln|M'gladbach,2023-04-02,FC Koln,M'gladbach,0,0,233,20,draw,1,0.534941003964149,0.2524320257927743,0.2126269702430767,0.43563678730066263,0.2756571761450521,0.28870603655428534,0.16568605309846096,0.13656529299626355,-0.029120760102197413,0.14730438672383644,-0.018381666374624517
2022/23,True,0.15,2022/23|2023-04-01|Wolfsburg|Augsburg,2023-04-01,Wolfsburg,Augsburg,2,2,232,19,draw,1,0.6109132041488903,0.2250783183935982,0.16400847745751146,0.6088766072364591,0.2199102870379988,0.17121310572554208,0.20005686184069738,0.20002232520598345,-3.453663471392199e-05,0.20408543008078353,0.0040285682400861555
2022/23,True,0.15,2022/23|2023-04-01|Union Berlin|Stuttgart,2023-04-01,Union Berlin,Stuttgart,3,0,231,18,home_win,0,0.40992059282684834,0.3327117916358982,0.25736761553725346,0.4455410645047585,0.3063094818470215,0.2481494536482199,0.20721589814857483,0.18450143124821325,-0.02271446690036158,0.10780791353444577,-0.09940798461412906
2022/23,True,0.15,2022/23|2023-04-01|Schalke 04|Leverkusen,2023-04-01,Schalke 04,Leverkusen,0,3,230,17,away_win,2,0.2951935175867637,0.273468698556727,0.43133778385650934,0.22215432198845142,0.2579100308045346,0.519935647207014,0.20525796444723654,0.13990716280034857,-0.06535080164688797,0.28591445192973935,0.08065648748250281
2022/23,True,0.15,2022/23|2023-04-01|RB Leipzig|Mainz,2023-04-01,RB Leipzig,Mainz,0,3,229,16,away_win,2,0.7205230440469633,0.16969055997466442,0.10978639597837227,0.6388296174330885,0.21528839530234042,0.14588198726457097,0.6558168588939388,0.5688104298944123,-0.08700642899952649,0.42920390940287234,-0.22661294949106647
2022/23,True,0.15,2022/23|2023-04-01|Freiburg|Hertha,2023-04-01,Freiburg,Hertha,1,1,228,15,draw,1,0.5025783988489076,0.2742560014949631,0.22316559965612934,0.5191092386397833,0.2788358196122265,0.20205494174799019,0.15119396592970574,0.1551503005629796,0.003956334633273856,0.20592189449528842,0.05472792856558267
2022/23,True,0.15,2022/23|2023-04-01|Bayern Munich|Dortmund,2023-04-01,Bayern Munich,Dortmund,4,2,227,14,home_win,0,0.6510873844771482,0.19196382468914064,0.15694879083371116,0.6330871215078783,0.1961678404672299,0.17074503802489188,0.07318646810758071,0.08188946420674813,0.008702996099167415,0.1714031025306867,0.09821663442310598
2022/23,True,0.15,2022/23|2023-03-31|Ein Frankfurt|Bochum,2023-03-31,Ein Frankfurt,Bochum,1,1,226,13,draw,1,0.6307944293256398,0.22784649362326695,0.14135907705109302,0.6239670629397361,0.2227433908892422,0.1532895461710218,0.20894200036649827,0.20641629029947922,-0.0025257100670190435,0.22702236307975765,0.018080362713259385
2022/23,True,0.15,2022/23|2023-04-08|Augsburg|FC Koln,2023-04-08,Augsburg,FC Koln,1,3,235,22,away_win,2,0.27456122776306224,0.2857995950808833,0.4396391771560545,0.25922769753012515,0.2840954708397011,0.4566768316301737,0.19469405978455195,0.18119953222709834,-0.013494527557453617,0.4397636868523529,0.24506962706780094
2022/23,True,0.15,2022/23|2023-03-19|Union Berlin|Ein Frankfurt,2023-03-19,Union Berlin,Ein Frankfurt,2,0,225,12,home_win,0,0.3830793393790391,0.34527993648561806,0.2716407241353425,0.41094339622641507,0.3196226415094339,0.2694339622641509,0.22718989225488817,0.2097911712353151,-0.01739872101957307,0.2323475558572905,0.005157663602402329
2022/23,True,0.15,2022/23|2023-03-19|Leverkusen|Bayern Munich,2023-03-19,Leverkusen,Bayern Munich,2,1,223,10,home_win,0,0.28658009745864926,0.24283171401940803,0.470588188521943,0.21957653097597488,0.22207171882797458,0.5583517501960504,0.36521060025923696,0.4604087339752432,0.09519813371600622,0.2365326407209509,-0.12867795953828606
2022/23,True,0.15,2022/23|2023-03-18|Stuttgart|Wolfsburg,2023-03-18,Stuttgart,Wolfsburg,0,1,222,9,away_win,2,0.39360087122622,0.2782788149860174,0.3281203137877625,0.4767937795026729,0.2800651140345213,0.24314110646280584,0.30317197928734696,0.4000838464493946,0.09691186716204764,0.29086829179622864,-0.01230368749111832
2022/23,True,0.15,2022/23|2023-03-18|Hoffenheim|Hertha,2023-03-18,Hoffenheim,Hertha,3,1,221,8,home_win,0,0.43325399744533394,0.2898553501542616,0.27689065240040456,0.49780002634698983,0.2594915030957713,0.24270847055723885,0.19893473239920756,0.15555610760865912,-0.04337862479054844,0.18910748344007164,-0.00982724895913592
2022/23,True,0.15,2022/23|2023-03-18|Dortmund|FC Koln,2023-03-18,Dortmund,FC Koln,6,1,220,7,home_win,0,0.5375044305355252,0.2563268562667333,0.20616871319774113,0.6152174912357528,0.210433869551227,0.1743486392130202,0.1282038450379407,0.08922751352316995,-0.03897633151477074,0.06543148017422654,-0.06277236486371415
2022/23,True,0.15,2022/23|2023-03-18|Bochum|RB Leipzig,2023-03-18,Bochum,RB Leipzig,1,0,219,6,home_win,0,0.14760460104826725,0.17352016724053948,0.6788752317111931,0.16193791891716017,0.22105811153771066,0.6170039695451291,0.593724748192505,0.5415209750916736,-0.05220377310083135,0.3246542941940563,-0.2690704539984487
2022/23,True,0.15,2022/23|2023-03-18|Augsburg|Schalke 04,2023-03-18,Augsburg,Schalke 04,1,1,218,5,draw,1,0.4602025572965965,0.2796869709495912,0.26011047175381186,0.39462598543660105,0.28449780345429376,0.32087621110910514,0.13972192562915897,0.1293456056187718,-0.010376320010387186,0.12991180942326783,-0.009810116205891145
2022/23,True,0.15,2022/23|2023-03-17|M'gladbach|Werder Bremen,2023-03-17,M'gladbach,Werder Bremen,2,2,217,4,draw,1,0.5208666905721699,0.25527456047000824,0.22385874895782182,0.5139907417717895,0.2387732052240587,0.24723605300415188,0.16070742441628288,0.16265607426609308,0.0019486498498101912,0.13868734448818842,-0.02202007992809446
2022/23,True,0.15,2022/23|2023-03-12|Wolfsburg|Union Berlin,2023-03-12,Wolfsburg,Union Berlin,1,1,216,3,draw,1,0.48380414669676974,0.3007839282570357,0.21541192504619483,0.3511403059554659,0.32120703397237704,0.32765266007215715,0.14023437490654841,0.11532789005942934,-0.024906484847119076,0.15387199981734487,0.013637624910796453
2022/23,True,0.15,2022/23|2023-03-12|Werder Bremen|Leverkusen,2023-03-12,Werder Bremen,Leverkusen,2,3,215,2,away_win,2,0.2626007900560248,0.26640239067044885,0.4709968192735265,0.26664168852254283,0.26737021772615627,0.46598809375130096,0.1744017700783873,0.17813325303676109,0.0037314829583737774,0.3721599721601616,0.1977582020817743
2022/23,True,0.15,2022/23|2023-03-19|Mainz|Freiburg,2023-03-19,Mainz,Freiburg,1,1,224,11,draw,1,0.5469424549474244,0.2457142015026111,0.20734334354996437,0.47073972116153096,0.286297842109937,0.24296243672853213,0.17106865556919698,0.14031331537015096,-0.030755340199046022,0.15391782145638216,-0.017150834112814817
2022/23,True,0.15,2022/23|2023-04-08|Dortmund|Union Berlin,2023-04-08,Dortmund,Union Berlin,2,1,236,23,home_win,0,0.6291980253244887,0.2195342237450832,0.15126775093042794,0.5810595168502046,0.23579226770732942,0.18314821544246598,0.0801880184474043,0.10452719862077195,0.024339180173367655,0.12850510877169816,0.04831709032429386
2022/23,True,0.15,2022/23|2023-03-12|Freiburg|Hoffenheim,2023-03-12,Freiburg,Hoffenheim,2,1,214,1,home_win,0,0.5494631432650582,0.24539725443146898,0.2051396023034727,0.5207190331014506,0.25829862327987524,0.2209823436186743,0.12253285785491425,0.13927172071120508,0.016738862856290837,0.0844744855339266,-0.038058372320987646
2022/23,True,0.15,2022/23|2023-04-08|Hertha|RB Leipzig,2023-04-08,Hertha,RB Leipzig,0,1,238,25,away_win,2,0.18885102186972377,0.22880210147217386,0.5823468766581025,0.17791381354496844,0.2519296377846064,0.5701565486704251,0.10504941994924064,0.10820935885051719,0.0031599389012765544,0.2727723411329277,0.16772292118368706
2022/23,True,0.15,2022/23|2023-04-08|Freiburg|Bayern Munich,2023-04-08,Freiburg,Bayern Munich,0,1,237,24,away_win,2,0.2185165092805491,0.2185199053554974,0.5629635853639535,0.15041079608462213,0.19881182618924595,0.6507773777261318,0.11937514627304333,0.07228992374332326,-0.04708522252972007,0.2820076738891454,0.16263252761610206
2022/23,True,0.15,2022/23|2023-04-22|Mainz|Bayern Munich,2023-04-22,Mainz,Bayern Munich,3,1,258,45,home_win,0,0.24855696045768566,0.22962679917383466,0.5218162403684795,0.1556115533831097,0.20770326741540868,0.6366851792014816,0.4184794151944436,0.5591799330974538,0.14070051790301025,0.23645809226551703,-0.18202132292892656
2022/23,True,0.15,2022/23|2023-04-22|Hoffenheim|FC Koln,2023-04-22,Hoffenheim,FC Koln,1,3,257,44,away_win,2,0.4229632265265935,0.3118944333593326,0.2651423401140737,0.4163311399543118,0.2740555122948551,0.3096133477508331,0.35945683564340297,0.3249826738497344,-0.03447416179366858,0.41286922017479044,0.05341238453138747
2022/23,True,0.15,2022/23|2023-04-22|Hertha|Werder Bremen,2023-04-22,Hertha,Werder Bremen,2,4,256,43,away_win,2,0.484545209884594,0.2759307452874926,0.2395240448279133,0.41273745006176205,0.2786859705545231,0.30857657938371486,0.4065538694085013,0.32420927463010496,-0.08234459477839634,0.22058397112003889,-0.18596989828846242
2022/23,True,0.15,2022/23|2023-04-22|Dortmund|Ein Frankfurt,2023-04-22,Dortmund,Ein Frankfurt,4,0,255,42,home_win,0,0.5744478526740101,0.22229552195185234,0.20325662537413758,0.6060620994349893,0.20629175054763907,0.1876461500173717,0.11120394292612176,0.09519907355895507,-0.01600486936716669,0.13086317064111253,0.019659227714990762
2022/23,True,0.15,2022/23|2023-04-22|Bochum|Wolfsburg,2023-04-22,Bochum,Wolfsburg,1,5,254,41,away_win,2,0.30219733729035064,0.2548694420809323,0.44293322062871726,0.29911529680365295,0.26093036529680363,0.4399543378995434,0.20082331367223577,0.20156055220973812,0.0007372385375023494,0.27323586475036665,0.07241255107813088
2022/23,True,0.15,2022/23|2023-04-16|Wolfsburg|Leverkusen,2023-04-16,Wolfsburg,Leverkusen,0,0,252,39,draw,1,0.37313367226337885,0.2599459962315721,0.366920331505049,0.34215189351794617,0.27106770511394074,0.3867804013681131,0.13692963352426488,0.13333349856019733,-0.003596134964067549,0.13873170460325718,0.0018020710789923011
2022/23,True,0.15,2022/23|2023-04-16|Werder Bremen|Freiburg,2023-04-16,Werder Bremen,Freiburg,1,2,251,38,away_win,2,0.3476081462615906,0.2822051753743633,0.3701866783640461,0.35036040291979703,0.2954846771612746,0.3541549199189284,0.2587481217287664,0.2699341396995241,0.011186017970757745,0.35711642319203507,0.09836830146326869
2022/23,True,0.15,2022/23|2023-04-16|Union Berlin|Bochum,2023-04-16,Union Berlin,Bochum,1,1,250,37,draw,1,0.5316484970114556,0.27312050357285,0.19523099941569455,0.5462526613606161,0.2649843533429547,0.18876298529642913,0.16038263375369527,0.16701171733078796,0.006629083577092687,0.189228249581813,0.028845615828117732
2022/23,True,0.15,2022/23|2023-04-15|Stuttgart|Dortmund,2023-04-15,Stuttgart,Dortmund,3,3,249,36,draw,1,0.2998255839999562,0.24994734451585393,0.4502270714841899,0.3331299124309778,0.2604792400391156,0.4063908475299065,0.14629989835907228,0.13806452975617337,-0.008235368602898918,0.14208055417748716,-0.004219344181585122
2022/23,True,0.15,2022/23|2023-04-21|Augsburg|Stuttgart,2023-04-21,Augsburg,Stuttgart,1,1,253,40,draw,1,0.29079328638066493,0.25526686931876563,0.4539398443005691,0.29224252032899434,0.2667608836790548,0.4409965959919509,0.14531105882384632,0.13994184418236527,-0.005369214641481046,0.1574201476167634,0.012109088792917083
2022/23,True,0.15,2022/23|2023-04-15|FC Koln|Mainz,2023-04-15,FC Koln,Mainz,1,1,247,34,draw,1,0.5079896028821452,0.26400403459729427,0.22800636252056042,0.3486089381414511,0.2977480596284126,0.35364300223013634,0.15502016899310844,0.12329578238922712,-0.03172438660388133,0.12747641586073907,-0.02754375313236937
2022/23,True,0.15,2022/23|2023-04-15|Ein Frankfurt|M'gladbach,2023-04-15,Ein Frankfurt,M'gladbach,1,1,246,33,draw,1,0.5381675931755592,0.24620104711430374,0.21563135971013717,0.501564580884436,0.24636043645457179,0.2520749826609923,0.16806062081740836,0.15755441284065974,-0.010506207976748616,0.17102547648843602,0.0029648556710276663
2022/23,True,0.15,2022/23|2023-04-15|Bayern Munich|Hoffenheim,2023-04-15,Bayern Munich,Hoffenheim,1,1,245,32,draw,1,0.7066683195192663,0.17531698073409227,0.11801469974664137,0.8195358733958374,0.11377086242436331,0.06669326417979918,0.2566537915842369,0.3380435196348173,0.08138972805058042,0.26044129670807165,0.0037875051238347446
2022/23,True,0.15,2022/23|2023-04-08|Leverkusen|Ein Frankfurt,2023-04-08,Leverkusen,Ein Frankfurt,3,1,239,26,home_win,0,0.5224094328239546,0.2519841131896749,0.22560645398637064,0.514010842177598,0.24662136367106974,0.23936779415133236,0.13949551096792054,0.1467412011989011,0.007245690230980567,0.15630998545395336,0.01681447448603282
2022/23,True,0.15,2022/23|2023-04-14|Schalke 04|Hertha,2023-04-14,Schalke 04,Hertha,5,2,244,31,home_win,0,0.3596201390980155,0.2962046382847323,0.3441752226172522,0.40808297567954216,0.29148783977110154,0.3004291845493562,0.26427147505624005,0.22031172930468834,-0.043959745751551704,0.18079017724980423,-0.08348129780643582
2022/23,True,0.15,2022/23|2023-04-09|M'gladbach|Wolfsburg,2023-04-09,M'gladbach,Wolfsburg,2,0,243,30,home_win,0,0.41791870878828846,0.26859971505905805,0.3134815761526534,0.3834322365880814,0.2686132426647273,0.3479545207471913,0.21854466408292256,0.2506140776935916,0.03206941361066906,0.2525513306113939,0.03400666652847134
2022/23,True,0.15,2022/23|2023-04-09|Hoffenheim|Schalke 04,2023-04-09,Hoffenheim,Schalke 04,2,0,242,29,home_win,0,0.5258282536940947,0.26097504359261936,0.2131967027132857,0.5015288727372195,0.25336303156413936,0.24510809569864106,0.13514583952130452,0.15427572164582068,0.019129882124516162,0.1921113102409962,0.056965470719691685
2022/23,True,0.15,2022/23|2023-04-09|Bochum|Stuttgart,2023-04-09,Bochum,Stuttgart,2,3,241,28,away_win,2,0.3135010934563219,0.2863283790644313,0.40017052747924686,0.30076560018323345,0.29531365576903584,0.4039207440477309,0.2290391658514172,0.22288521281509582,-0.00615395303632138,0.36776689461102957,0.13872772875961237
2022/23,True,0.15,2022/23|2023-04-08|Mainz|Werder Bremen,2023-04-08,Mainz,Werder Bremen,2,2,240,27,draw,1,0.6368686898594337,0.2110081560180727,0.1521231541224938,0.577122109118787,0.24023063162826358,0.18264725925294945,0.21437159107172374,0.1832149750731656,-0.03115661599855815,0.21220483634676876,-0.002166754724954978
2022/23,True,0.15,2022/23|2023-04-15|RB Leipzig|Augsburg,2023-04-15,RB Leipzig,Augsburg,3,2,248,35,home_win,0,0.8367630750508317,0.0967763813793252,0.06646054356984309,0.7927519818799548,0.13816534541336353,0.06908267270668177,0.015531648759229709,0.023862078341492548,0.008330429582262839,0.0922808142749018,0.0767491655156721
2023/24,True,0.15,2023/24|2024-04-27|Leverkusen|Stuttgart,2024-04-27,Leverkusen,Stuttgart,2,2,275,61,draw,1,0.605439335974065,0.22689230124750281,0.1676683627784324,0.5243841347956357,0.24072224550171864,0.23489361970264555,0.19733473471075832,0.1650768667011893,-0.032257868009569035,0.18688329186066058,-0.010451442850097747
2023/24,True,0.15,2023/24|2024-04-27|RB Leipzig|Dortmund,2024-04-27,RB Leipzig,Dortmund,4,1,276,62,home_win,0,0.5526602673516864,0.22322985566952155,0.22410987697879217,0.6184517441763498,0.19937766701373086,0.1821705888099192,0.125169036682657,0.08938259747471114,-0.03578643920794586,0.16131391928772787,0.03614488260507087
2023/24,True,0.15,2023/24|2024-04-28|Darmstadt|Heidenheim,2024-04-28,Darmstadt,Heidenheim,0,1,277,63,away_win,2,0.2929351423706488,0.26009261600878136,0.44697224162057,0.29673085793357934,0.2588503228782288,0.4444188191881919,0.19582534958694486,0.1983598252611205,0.0025344756741756402,0.2203206040173914,0.024495254430446534
2023/24,True,0.15,2023/24|2024-05-04|Dortmund|Augsburg,2024-05-04,Dortmund,Augsburg,5,1,281,67,home_win,0,0.7210859266312785,0.1593707890434627,0.11954328432525883,0.4840928459069183,0.23222592369281758,0.283681230400264,0.04604182857520113,0.17331761606291524,0.12727578748771412,0.10545183791899035,0.05941000934378922
2023/24,True,0.15,2023/24|2024-04-28|Mainz|FC Koln,2024-04-28,Mainz,FC Koln,1,1,279,65,draw,1,0.6880985807791006,0.18639329882055836,0.1255081204003409,0.6143154213337114,0.22364478472517607,0.16203979394111254,0.24461597257831946,0.20182016585444676,-0.042795806723872704,0.15816915533172002,-0.08644681724659944
2023/24,True,0.15,2023/24|2024-05-03|Hoffenheim|RB Leipzig,2024-05-03,Hoffenheim,RB Leipzig,1,1,280,66,draw,1,0.2302185457319156,0.20100579768472907,0.5687756565833555,0.1856160329802649,0.1811057368517725,0.6332782301679626,0.1882531631603725,0.2177473142519989,0.029494151091626397,0.17365744874088415,-0.014595714419488343
2023/24,True,0.15,2023/24|2024-04-27|Freiburg|Wolfsburg,2024-04-27,Freiburg,Wolfsburg,1,2,274,60,away_win,2,0.4304294965604111,0.27790764564544956,0.291662857794139,0.4139870629042842,0.281991187775382,0.3040217493203337,0.3435055292688073,0.32788550683562206,-0.015620022433185221,0.39384313183997544,0.05033760257116815
2023/24,True,0.15,2023/24|2024-04-28|M'gladbach|Union Berlin,2024-04-28,M'gladbach,Union Berlin,0,0,278,64,draw,1,0.4612628497732191,0.26557564715919457,0.2731615030675864,0.37570271813482226,0.28286919766546215,0.34142808419971565,0.14369031166952712,0.12886283454709088,-0.014827477122436233,0.16068046477203407,0.016990153102506955
2023/24,True,0.15,2023/24|2024-04-27|Bayern Munich|Ein Frankfurt,2024-04-27,Bayern Munich,Ein Frankfurt,2,1,273,59,home_win,0,0.7487778866906455,0.145178196252249,0.10604391705710552,0.6736159300045256,0.18029868758485446,0.14608538241062002,0.03717893128021621,0.06393375005043392,0.02675481877021771,0.10804378328634506,0.07086485200612885
2023/24,True,0.15,2023/24|2024-04-20|FC Koln|Darmstadt,2024-04-20,FC Koln,Darmstadt,0,2,263,49,away_win,2,0.5749726882810188,0.2279627591545412,0.19706455256443994,0.6787954741144948,0.19297763975819632,0.12822688612730876,0.48764946250882224,0.610375828874805,0.12272636636598278,0.400367578669834,-0.08728188383898822
2023/24,True,0.15,2023/24|2024-04-26|Bochum|Hoffenheim,2024-04-26,Bochum,Hoffenheim,3,2,271,57,home_win,0,0.4695114629738003,0.2438549663354138,0.28663357069078554,0.45263951787946277,0.24513223260474687,0.30222824951579036,0.1817884458815737,0.1954727060963029,0.01368426021472921,0.24576960501798464,0.06398115913641095
2023/24,True,0.15,2023/24|2024-04-21|Werder Bremen|Stuttgart,2024-04-21,Werder Bremen,Stuttgart,2,1,270,56,home_win,0,0.23885906218536018,0.2289232989182548,0.5322176388963846,0.22145434908981462,0.2292888189868599,0.5492568319233255,0.4312955711848962,0.4539081989828062,0.022612627797910012,0.396635235855633,-0.034660335329263214
2023/24,True,0.15,2023/24|2024-04-21|Freiburg|Mainz,2024-04-21,Freiburg,Mainz,1,1,269,55,draw,1,0.40907216980658095,0.268382193592884,0.3225456366005347,0.32252216867833894,0.278290556973881,0.3991872743477801,0.1356878639001543,0.13168551464509434,-0.0040023492550599615,0.129061596683473,-0.006626267216681303
2023/24,True,0.15,2023/24|2024-04-21|Dortmund|Leverkusen,2024-04-21,Dortmund,Leverkusen,1,1,268,54,draw,1,0.31427577310064164,0.2586998470742126,0.427024379825146,0.35409956468185055,0.27982005829743933,0.3660803770207101,0.14055954126152817,0.1297006720737507,-0.010858869187777481,0.13031738938103454,-0.010242151880493627
2023/24,True,0.15,2023/24|2024-04-20|Wolfsburg|Bochum,2024-04-20,Wolfsburg,Bochum,1,0,267,53,home_win,0,0.5508216458043895,0.2575906936648915,0.19158766053071885,0.4881033264714929,0.26906526860893937,0.24283140491956776,0.11923351277275565,0.16050264779238102,0.04126913501962537,0.18461387231808885,0.0653803595453332
2023/24,True,0.15,2023/24|2024-04-20|Union Berlin|Bayern Munich,2024-04-20,Union Berlin,Bayern Munich,1,5,266,52,away_win,2,0.1974389060595009,0.2020817497386249,0.6004793442018743,0.19816813504419095,0.23398165342567123,0.5678502115301378,0.09929943801766847,0.11301202471071967,0.013712586693051199,0.2090232389409668,0.10972380092329834
2023/24,True,0.15,2023/24|2024-04-20|Hoffenheim|M'gladbach,2024-04-20,Hoffenheim,M'gladbach,4,3,265,51,home_win,0,0.41873666789469816,0.24463794944462178,0.3366253826606798,0.41219771773192226,0.25465618163542836,0.33314610063264943,0.22559185475080384,0.22824892370315014,0.0026570689523462976,0.20470341859815563,-0.02088843615264821
2023/24,True,0.15,2023/24|2024-04-20|Heidenheim|RB Leipzig,2024-04-20,Heidenheim,RB Leipzig,1,2,264,50,away_win,2,0.2419423992513282,0.23224203872266674,0.525815562026005,0.1455016872247536,0.1825634377442663,0.6719348750309801,0.14169350288610127,0.06439873360309434,-0.07729476928300694,0.21460574690839893,0.07291224402229765
2023/24,True,0.15,2023/24|2024-05-04|FC Koln|Freiburg,2024-05-04,FC Koln,Freiburg,0,0,282,68,draw,1,0.30325252940543684,0.24206470855142323,0.4546827620431398,0.3856353424098335,0.2647959299380873,0.3495687276520793,0.149349255344987,0.1354564563339215,-0.013892799011065493,0.12857328631389475,-0.020775969031092245
2023/24,True,0.15,2023/24|2024-04-27|Augsburg|Werder Bremen,2024-04-27,Augsburg,Werder Bremen,0,3,272,58,away_win,2,0.47079655744459,0.2511424442417945,0.27806099831361525,0.5743260746154313,0.22261721699543088,0.2030567083891378,0.3714226603288053,0.4824845250133628,0.11106186468455753,0.3849618928155356,0.013539232486730335
2023/24,True,0.15,2023/24|2024-05-04|Stuttgart|Bayern Munich,2024-05-04,Stuttgart,Bayern Munich,3,1,283,69,home_win,0,0.46858517414508694,0.23008619167191022,0.30132863418300293,0.3685385233461298,0.2514061244531738,0.38005535220069636,0.18660033145850075,0.2715928336171408,0.08499250215864007,0.14444371255515295,-0.04215661890334779
2023/24,True,0.15,2023/24|2024-05-11|RB Leipzig|Werder Bremen,2024-05-11,RB Leipzig,Werder Bremen,1,1,294,80,draw,1,0.7078973522164159,0.16499537914996787,0.12710726863361607,0.7003804502991149,0.16721886183612084,0.13240068786476417,0.2586374595072553,0.25403135865412685,-0.004606100853128459,0.22816662877598506,-0.030470830731270243
2023/24,True,0.15,2023/24|2024-05-04|Wolfsburg|Darmstadt,2024-05-04,Wolfsburg,Darmstadt,3,0,285,71,home_win,0,0.5978963789125075,0.24033120096011143,0.16177242012738088,0.7428276104233948,0.16041127799840754,0.09676111157819772,0.09392881900277184,0.0377501753371948,-0.05617864366557704,0.17495512748986627,0.08102630848709444
2023/24,True,0.15,2023/24|2024-04-19|Ein Frankfurt|Augsburg,2024-04-19,Ein Frankfurt,Augsburg,3,1,262,48,home_win,0,0.5160750224321367,0.2435505106083279,0.24037446695953557,0.5044929396662388,0.24775353016688056,0.24775353016688056,0.14598163414006893,0.1534545292753786,0.0074728951353096595,0.19281152142629393,0.046829887286225
2023/24,True,0.15,2023/24|2024-05-18|Werder Bremen|Bochum,2024-05-18,Werder Bremen,Bochum,4,1,305,91,home_win,0,0.530973964228768,0.2328950298056826,0.23613100596554956,0.44737614559212024,0.24969831381885782,0.30292554058902194,0.1378716371047897,0.19857850380088632,0.06070686669609662,0.14163034420666584,0.0037587071018761464
2023/24,True,0.15,2023/24|2024-05-18|Union Berlin|Freiburg,2024-05-18,Union Berlin,Freiburg,2,1,304,90,home_win,0,0.3822760081586493,0.26807270563885593,0.3496512862024949,0.5101918021551599,0.254429854338474,0.23537834350636605,0.25191947601973597,0.14765751763390544,-0.10426195838583052,0.29969266394410043,0.04777318792436447
2023/24,True,0.15,2023/24|2024-05-18|Stuttgart|M'gladbach,2024-05-18,Stuttgart,M'gladbach,4,0,303,89,home_win,0,0.7444087935272117,0.14806400916084708,0.10752719731194128,0.7966295839913918,0.12131414984640483,0.08205626616220345,0.03844448149398833,0.02404637846199835,-0.014398103031989982,0.08319919544933217,0.04475471395534384
2023/24,True,0.15,2023/24|2024-05-18|Leverkusen|Augsburg,2024-05-18,Leverkusen,Augsburg,2,1,302,88,home_win,0,0.8136950280822076,0.11024852714646227,0.07605644477133017,0.8185266004856009,0.11482927129114545,0.06664412822325352,0.020247062676271896,0.0186870172789751,-0.0015600453972967956,0.02976021749305332,0.009513154816781423
2023/24,True,0.15,2023/24|2024-05-18|Hoffenheim|Bayern Munich,2024-05-18,Hoffenheim,Bayern Munich,4,2,301,87,home_win,0,0.20348686233099933,0.18805293668474718,0.6084602009842538,0.2767328182371094,0.2122631946478048,0.5110039871150857,0.5023284973305573,0.3921202455313745,-0.11020825179918281,0.3678709148383651,-0.1344575824921922
2023/24,True,0.15,2023/24|2024-05-18|Heidenheim|FC Koln,2024-05-18,Heidenheim,FC Koln,4,1,300,86,home_win,0,0.5247287114900807,0.2508005131646494,0.22447077534526974,0.4585570564630079,0.2486294014582038,0.29281354207878824,0.1381349633329928,0.18945011576536436,0.05131515243237156,0.12846358141049316,-0.009671381922499639
2023/24,True,0.15,2023/24|2024-05-18|Ein Frankfurt|RB Leipzig,2024-05-18,Ein Frankfurt,RB Leipzig,2,2,299,85,draw,1,0.35075802744469636,0.2549535200028658,0.39428845255243816,0.4375268560515636,0.2564812604440201,0.3059918835044163,0.1392472888165452,0.14253039126847297,0.003283102451927783,0.15305228792562725,0.013804999109082061
2023/24,True,0.15,2023/24|2024-05-18|Dortmund|Darmstadt,2024-05-18,Dortmund,Darmstadt,4,0,298,84,home_win,0,0.8179742338784722,0.10283697526750427,0.0791887908540237,0.8624888901429115,0.0878969569572394,0.04961415289984905,0.0197021220645257,0.010685434751048927,-0.009016687313476773,0.062462732869587374,0.042760610805061675
2023/24,True,0.15,2023/24|2024-05-18|Wolfsburg|Mainz,2024-05-18,Wolfsburg,Mainz,1,3,306,92,away_win,2,0.35192503383824814,0.3145240360386912,0.3335509301230606,0.2969272229080726,0.28221071331787656,0.42086206377405083,0.28400279609094486,0.21178326243997592,-0.07221953365096895,0.28720367104847194,0.003200874957527078
2023/24,True,0.15,2023/24|2024-05-12|Darmstadt|Hoffenheim,2024-05-12,Darmstadt,Hoffenheim,0,6,297,83,away_win,2,0.2916613922935155,0.2359288877086555,0.472409719997829,0.18525312488477563,0.18560801592861623,0.6291388591866082,0.18170893565368057,0.08592835302249235,-0.09578058263118822,0.21803741790898257,0.036328482255302
2023/24,True,0.15,2023/24|2024-05-12|Bayern Munich|Wolfsburg,2024-05-12,Bayern Munich,Wolfsburg,2,0,295,81,home_win,0,0.7384626366550963,0.15621864499439753,0.10531871835050612,0.6498669100151531,0.1906105700634996,0.15952251992134728,0.039746912430198726,0.0740203075321968,0.03427339510199807,0.09476271320654035,0.055015800776341627
2023/24,True,0.15,2023/24|2024-05-11|Mainz|Dortmund,2024-05-11,Mainz,Dortmund,3,0,293,79,home_win,0,0.43041959474929453,0.25039903960337845,0.3191813656473273,0.520074844101128,0.22991488379884384,0.25001027210002813,0.21314929111102524,0.14641664571004334,-0.0667326454009819,0.3032193973868169,0.09007010627579168
2023/24,True,0.15,2023/24|2024-05-11|M'gladbach|Ein Frankfurt,2024-05-11,M'gladbach,Ein Frankfurt,1,1,292,78,draw,1,0.4635385318201853,0.25279270148262906,0.28366876669718577,0.3549803637515986,0.26358975519766403,0.3814298810507374,0.14766796984075764,0.13574990640379847,-0.01191806343695917,0.14749974497292762,-0.00016822486783002466
2023/24,True,0.15,2023/24|2024-05-11|Freiburg|Heidenheim,2024-05-11,Freiburg,Heidenheim,1,1,291,77,draw,1,0.4765978697323632,0.2558024081629639,0.26759972210467287,0.5449485126540743,0.24372069158900805,0.21133079575691768,0.14937757035196236,0.17081479333956992,0.021437222987607557,0.13671102613234834,-0.012666544219614023
2023/24,True,0.15,2023/24|2024-05-11|FC Koln|Union Berlin,2024-05-11,FC Koln,Union Berlin,3,2,290,76,home_win,0,0.3432690831975662,0.278757088667311,0.3779738281351231,0.3760110135949062,0.28228073194516146,0.3417082544599323,0.28707985591964225,0.2530633931604551,-0.03401646275918713,0.2299300201132323,-0.05714983580640995
2023/24,True,0.15,2023/24|2024-05-10|Augsburg|Stuttgart,2024-05-10,Augsburg,Stuttgart,0,1,289,75,away_win,2,0.22644434667957733,0.20290515357972908,0.5706504997406938,0.24198081033149926,0.2205811468327952,0.5374380428357055,0.11780901775802838,0.13625913839217582,0.018450120634147443,0.1357863057243591,0.01797728796633072
2023/24,True,0.15,2023/24|2024-05-05|Union Berlin|Bochum,2024-05-05,Union Berlin,Bochum,3,4,288,74,away_win,2,0.46005163272864913,0.26590493093826234,0.2740434363330884,0.48626259417110834,0.27241601914347807,0.24132138668541356,0.36933021855368314,0.4060222743954799,0.036692055841796745,0.3694183431961278,8.812464244467577e-05
2023/24,True,0.15,2023/24|2024-05-05|Heidenheim|Mainz,2024-05-05,Heidenheim,Mainz,1,1,287,73,draw,1,0.37794373103606105,0.2910596964822493,0.3309965724816901,0.3192424754819074,0.2750535452598354,0.40570397925825724,0.12620009741204244,0.13325573846890035,0.007055641056857909,0.12014724517450351,-0.00605285223753893
2023/24,True,0.15,2023/24|2024-05-05|Ein Frankfurt|Leverkusen,2024-05-05,Ein Frankfurt,Leverkusen,1,5,286,72,away_win,2,0.21282415518452916,0.24663768389526922,0.5405381609202017,0.3319035094650577,0.26790007788777387,0.4001964126471683,0.12819965130029953,0.23496214149827374,0.10676249019797421,0.15443742669944777,0.026237775399148233
2023/24,True,0.15,2023/24|2024-05-12|Bochum|Leverkusen,2024-05-12,Bochum,Leverkusen,0,5,296,82,away_win,2,0.1936677913324209,0.2021799289988359,0.6041522796687432,0.20903054369747645,0.24795715004930247,0.5430123062532209,0.09710131554551552,0.1262657602172312,0.029164444671715695,0.07286858336453636,-0.024232732180979155
2023/24,True,0.15,2023/24|2024-04-14|Leverkusen|Werder Bremen,2024-04-14,Leverkusen,Werder Bremen,5,0,261,47,home_win,0,0.7866005705286662,0.1337967301700647,0.07960269930126905,0.8013995523698897,0.12720627815395077,0.07139416947615944,0.025937953117369534,0.022269632617035386,-0.0036683205003341483,0.07283725427834087,0.04689930116097134
2023/24,True,0.15,2023/24|2024-05-04|Werder Bremen|M'gladbach,2024-05-04,Werder Bremen,M'gladbach,2,2,284,70,draw,1,0.47082788008114257,0.24513153149046069,0.2840405884283966,0.4610415655147664,0.2494353085220916,0.289523125963142,0.15117897426822632,0.148191482799888,-0.0029874914683383214,0.15211604328603134,0.0009370690178050201
2023/24,True,0.15,2023/24|2024-04-13|Stuttgart|Ein Frankfurt,2024-04-13,Stuttgart,Ein Frankfurt,3,0,259,45,home_win,0,0.7173224085264727,0.16224619222212322,0.12043139925140398,0.6551186081557736,0.18900107993577875,0.15588031190844776,0.047205171323462754,0.07162092304054288,0.024415751717080124,0.12081899975046909,0.07361382842700634
2023/24,True,0.15,2023/24|2024-03-17|Freiburg|Leverkusen,2024-03-17,Freiburg,Leverkusen,2,3,234,20,away_win,2,0.21848717222189312,0.23667841541711027,0.5448344123609965,0.15141074347021763,0.21007421334287768,0.6385150431869046,0.12745617829813924,0.07679829362018473,-0.05065788467795451,0.14851971942089334,0.021063541122754104
2023/24,True,0.15,2023/24|2024-03-17|Dortmund|Ein Frankfurt,2024-03-17,Dortmund,Ein Frankfurt,3,1,233,19,home_win,0,0.5849661716121549,0.21496085337400025,0.20007297501384502,0.581432202042307,0.2191855028015017,0.19938229515619146,0.10614113701858091,0.10747615055445137,0.0013350135358704551,0.1432849248416978,0.03714378782311689
2023/24,True,0.15,2023/24|2024-03-16|Wolfsburg|Augsburg,2024-03-16,Wolfsburg,Augsburg,1,3,232,18,away_win,2,0.457133262298837,0.28159505593767487,0.2612716817634882,0.4121822513267187,0.27096103429834434,0.3168567143749369,0.37734517383226124,0.3182894785016844,-0.05905569533057686,0.3436057403368242,-0.033739433495437066
2023/24,True,0.15,2023/24|2024-03-16|Union Berlin|Werder Bremen,2024-03-16,Union Berlin,Werder Bremen,2,1,231,17,home_win,0,0.432080549707476,0.2856551558522322,0.28226429444029194,0.4566268532453809,0.28191744852540906,0.26145569822921,0.2011028169682192,0.18180672937527026,-0.01929608759294893,0.24664942694357755,0.045546609975358365
2023/24,True,0.15,2023/24|2024-03-16|Mainz|Bochum,2024-03-16,Mainz,Bochum,2,0,230,16,home_win,0,0.5615753363132113,0.24345300688172153,0.19497165680506723,0.5306039198234781,0.24770540134616456,0.2216906788303573,0.11511506634309332,0.1347397185826742,0.019624652239580875,0.20838924838075878,0.09327418203766547
2023/24,True,0.15,2023/24|2024-03-16|Hoffenheim|Stuttgart,2024-03-16,Hoffenheim,Stuttgart,0,3,229,15,away_win,2,0.2721740703530255,0.21967678644656924,0.5081491432004054,0.22424753802764805,0.21771117481159555,0.5580412871607563,0.15799799495351458,0.12280723108299121,-0.03519076387052336,0.23565169176546424,0.07765369681194967
2023/24,True,0.15,2023/24|2024-03-16|Heidenheim|M'gladbach,2024-03-16,Heidenheim,M'gladbach,1,1,228,14,draw,1,0.3777393523658266,0.2681590187171642,0.35410162891700936,0.36906554783789625,0.27140196275544465,0.3595324894066591,0.1340374909637167,0.13273649476991797,-0.0013009961937987258,0.14948710998468953,0.015449619020972832
2023/24,True,0.15,2023/24|2024-03-16|Darmstadt|Bayern Munich,2024-03-16,Darmstadt,Bayern Munich,2,5,227,13,away_win,2,0.12973956045829543,0.11955575690487905,0.7507046826368257,0.05600998345629158,0.0954878987453263,0.848502117798382,0.039490254403558786,0.013044363279174674,-0.026445891124384113,0.16879874424722127,0.1293084898436625
2023/24,True,0.15,2023/24|2024-03-10|Leverkusen|Wolfsburg,2024-03-10,Leverkusen,Wolfsburg,2,0,225,11,home_win,0,0.6916398512949733,0.2006409836799686,0.10771916502505825,0.7445849740282728,0.16717797344330826,0.08823705252841885,0.053344699911540935,0.036511306465520504,-0.01683339344602043,0.06303387672385088,0.00968917681230995
2023/24,True,0.15,2023/24|2024-03-10|Ein Frankfurt|Hoffenheim,2024-03-10,Ein Frankfurt,Hoffenheim,3,1,224,10,home_win,0,0.4655761359899487,0.2345631319861149,0.29986073202393676,0.4699611559163197,0.25600515598599516,0.274033688097685,0.18776266251668242,0.17801781922499166,-0.009744843291690758,0.14658415278465553,-0.041178509732026886
2023/24,True,0.15,2023/24|2024-03-10|Bochum|Freiburg,2024-03-10,Bochum,Freiburg,1,2,223,9,away_win,2,0.46984787680418005,0.23995251421046068,0.2901996089853592,0.3787307937989359,0.28212699711978706,0.33914220908127707,0.36228681121096645,0.29008501699477335,-0.0722017942161931,0.3943480287283649,0.03206121751739843
2023/24,True,0.15,2023/24|2024-03-09|Werder Bremen|Dortmund,2024-03-09,Werder Bremen,Dortmund,1,2,222,8,away_win,2,0.3015600399330205,0.25040037719535274,0.4480395828716267,0.24017068718859455,0.22670317201914064,0.5331261407922647,0.1977993798804663,0.13782657969808293,-0.05997280018238338,0.2815945902821307,0.08379521040166438
2023/24,True,0.15,2023/24|2024-03-09|RB Leipzig|Darmstadt,2024-03-09,RB Leipzig,Darmstadt,2,0,221,7,home_win,0,0.7713614790623173,0.13741107414920523,0.09122744678847731,0.8654010185707087,0.093018151708176,0.04158082972111514,0.030299010152057822,0.009922925601049543,-0.02037608455100828,0.08316666233323311,0.052867652181175284
2023/24,True,0.15,2023/24|2024-03-09|M'gladbach|FC Koln,2024-03-09,M'gladbach,FC Koln,3,3,220,6,draw,1,0.6079535246359127,0.21454686406312487,0.1774996113009625,0.5159579891913939,0.2635872336086469,0.22045477719995923,0.20055680006461102,0.1574064777003551,-0.04315032236425592,0.159401602229966,-0.041155197834645024
2023/24,True,0.15,2023/24|2024-03-09|Bayern Munich|Mainz,2024-03-09,Bayern Munich,Mainz,8,1,219,5,home_win,0,0.6617121769468969,0.21079486559283872,0.12749295746026465,0.775977386028303,0.14005996487264855,0.08396264909904848,0.06534655271398619,0.028617929007220946,-0.036728623706765245,0.11576451990148062,0.05041796718749443
2023/24,True,0.15,2023/24|2024-03-09|Augsburg|Heidenheim,2024-03-09,Augsburg,Heidenheim,1,0,218,4,home_win,0,0.5301981627499258,0.234002846377899,0.23579899087217526,0.5778472546776039,0.22605598620489592,0.19609675911750007,0.13815746518994065,0.10833343965981136,-0.02982402553012929,0.20798839541752343,0.06983093022758277
2023/24,True,0.15,2023/24|2024-03-08|Stuttgart|Union Berlin,2024-03-08,Stuttgart,Union Berlin,2,0,217,3,home_win,0,0.7161449860274729,0.17170996238364594,0.11214505158888131,0.6377502383222117,0.217349857006673,0.14489990467111533,0.04657509077660818,0.07611043610465638,0.029535345328048204,0.08398106235006272,0.037405971573454544
2023/24,True,0.15,2023/24|2024-03-03|Hoffenheim|Werder Bremen,2024-03-03,Hoffenheim,Werder Bremen,2,1,216,2,home_win,0,0.5057163817296999,0.24704825043828801,0.24723536783201222,0.49759099666088596,0.23212977116955205,0.270279232169562,0.152720811198705,0.16273283498918492,0.010012023790479913,0.20675915988281668,0.05403834868411167
2023/24,True,0.15,2023/24|2024-03-03|FC Koln|Leverkusen,2024-03-03,FC Koln,Leverkusen,0,2,215,1,away_win,2,0.14587977532095442,0.18095104620998517,0.6731691784690605,0.11239510080863853,0.1804182065121907,0.7071866926791709,0.0640496473751405,0.0491861458149732,-0.014863501560167303,0.15041332390261944,0.08636367652747894
2023/24,True,0.15,2023/24|2024-03-30|Bayern Munich|Dortmund,2024-03-30,Bayern Munich,Dortmund,0,2,235,21,away_win,2,0.6996083142410995,0.15902241565598918,0.1413692701029112,0.7183156943241309,0.15151971677149637,0.1301645889043727,0.61334926183944,0.6362955395541285,0.02294627771468849,0.38685463212264204,-0.226494629716798
2023/24,True,0.15,2023/24|2024-03-30|Ein Frankfurt|Union Berlin,2024-03-30,Ein Frankfurt,Union Berlin,0,0,236,22,draw,1,0.4822246940484172,0.26813908141328074,0.24963622453830206,0.4930776323805022,0.27674157714803116,0.2301807904714667,0.14742945007591357,0.14805437392801546,0.0006249238521018885,0.15867558960165762,0.011246139525744048
2023/24,True,0.15,2023/24|2024-03-15|FC Koln|RB Leipzig,2024-03-15,FC Koln,RB Leipzig,1,5,226,12,away_win,2,0.17791337482055172,0.1917135850850469,0.6303730400944009,0.14324487514422532,0.19802359017892907,0.6587315346768456,0.08413862921454657,0.06849162983955286,-0.01564699937499371,0.24307631226527648,0.15893768305072992
2023/24,True,0.15,2023/24|2024-03-30|M'gladbach|Freiburg,2024-03-30,M'gladbach,Freiburg,0,3,238,24,away_win,2,0.48106612905253293,0.23959540793119305,0.279338463016274,0.45472842766397825,0.26881735779030763,0.27645421454571406,0.37538883570466725,0.36514822328720675,-0.010240612417460493,0.4162728588971226,0.040884023192455377
2023/24,True,0.15,2023/24|2024-03-30|Leverkusen|Hoffenheim,2024-03-30,Leverkusen,Hoffenheim,2,1,237,23,home_win,0,0.7945618553508369,0.12288008691974002,0.08255805772942315,0.8043734157111628,0.12126232397655719,0.07436426031228006,0.024510332086472603,0.021899901846155024,-0.0026104302403175787,0.038867152480989216,0.014356820394516613
2023/24,True,0.15,2023/24|2024-04-13|Mainz|Hoffenheim,2024-04-13,Mainz,Hoffenheim,4,1,257,43,home_win,0,0.5541549191469228,0.233563728087257,0.2122813527658202,0.5447993428350433,0.23480455938168934,0.2203960977832675,0.12192060442648675,0.12789103910075,0.005970434674263253,0.18755079311326447,0.06563018868677772
2023/24,True,0.15,2023/24|2024-04-13|M'gladbach|Dortmund,2024-04-13,M'gladbach,Dortmund,1,2,256,42,away_win,2,0.3364243767761071,0.23749417176888207,0.4260814514550106,0.27723443708609274,0.2615841059602649,0.46118145695364243,0.22128193082658953,0.18359217771852115,-0.03768975310806838,0.21627615890522825,-0.005005771921361285
2023/24,True,0.15,2023/24|2024-04-13|Bochum|Heidenheim,2024-04-13,Bochum,Heidenheim,1,1,255,41,draw,1,0.4328525252140966,0.27063670336122203,0.2965107714246817,0.4740213523131673,0.2633451957295374,0.2626334519572953,0.1376399730775399,0.14683628626790438,0.009196313190364486,0.13583588972861055,-0.0018040833489293417
2023/24,True,0.15,2023/24|2024-04-13|Bayern Munich|FC Koln,2024-04-13,Bayern Munich,FC Koln,2,0,254,40,home_win,0,0.8489563294615173,0.0832879724188243,0.06775569811965852,0.8130835540359059,0.12064456724472919,0.06627187871936494,0.013702512518709983,0.019664859840421156,0.005962347321711173,0.09231590804901771,0.07861339553030773
2023/24,True,0.15,2023/24|2024-04-12|Augsburg|Union Berlin,2024-04-12,Augsburg,Union Berlin,2,0,253,39,home_win,0,0.44438939321515636,0.27470347453087357,0.2809071322539698,0.4444299688412641,0.2829365208611536,0.27263351029758215,0.19380598166148577,0.19149354522945036,-0.0023124364320354085,0.20577677163904282,0.011970789977557045
2023/24,True,0.15,2023/24|2024-04-07|Wolfsburg|M'gladbach,2024-04-07,Wolfsburg,M'gladbach,1,3,252,38,away_win,2,0.5100026094325908,0.2565708868616668,0.23342650370574225,0.48647769768576227,0.2533738008780012,0.26014850143623647,0.42386879342442696,0.3920203951363432,-0.03184839828808378,0.31892792238054984,-0.10494087104387712
2023/24,True,0.15,2023/24|2024-04-07|Hoffenheim|Augsburg,2024-04-07,Hoffenheim,Augsburg,3,1,251,37,home_win,0,0.41311947428657597,0.24137077991005745,0.3455097458033667,0.42163328936323297,0.24595275212855258,0.33241395850821437,0.23190286795338594,0.22250354589194737,-0.009399322061438564,0.2366069884893101,0.004704120535924172
2023/24,True,0.15,2023/24|2024-04-06|Union Berlin|Leverkusen,2024-04-06,Union Berlin,Leverkusen,0,1,250,36,away_win,2,0.21386865999347263,0.2603149584803624,0.5258163815261649,0.17336723512452526,0.24977392895517947,0.5768588359202954,0.1352949538781716,0.104552321476725,-0.03074263240144659,0.14568126813330767,0.010386314255136087
2023/24,True,0.15,2023/24|2024-04-06|Mainz|Darmstadt,2024-04-06,Mainz,Darmstadt,4,0,249,35,home_win,0,0.6969434739294594,0.18240303050609694,0.12065349556444352,0.6814437229706993,0.1893640091229732,0.12919226790632748,0.05320026199293172,0.059084371860774434,0.005884109867842713,0.14904517047038623,0.09584490847745451
2023/24,True,0.15,2023/24|2024-04-13|RB Leipzig|Wolfsburg,2024-04-13,RB Leipzig,Wolfsburg,3,0,258,44,home_win,0,0.6309540848251949,0.2149146005974991,0.1541313145773061,0.7636088256812434,0.14986715270379544,0.08652402161496106,0.07997567482026896,0.031683596806113504,-0.04829207801415546,0.07205298682542684,-0.007922687994842123
2023/24,True,0.15,2023/24|2024-04-14|Darmstadt|Freiburg,2024-04-14,Darmstadt,Freiburg,0,1,260,46,away_win,2,0.262235488593264,0.21854019704939978,0.5192243143573357,0.21346147182146857,0.2322664110057408,0.5542721171727907,0.1499563556914607,0.12211957274090705,-0.027836782950553654,0.22189088932965365,0.07193453363819294
2023/24,True,0.15,2023/24|2024-04-06|Heidenheim|Bayern Munich,2024-04-06,Heidenheim,Bayern Munich,3,2,248,34,home_win,0,0.18536702720627754,0.17926088227217757,0.6353720905215446,0.12940149384033367,0.1673295178969832,0.703268988262683,0.5336622868882279,0.6262645143897303,0.09260222750150238,0.2704669166650959,-0.263195370223132
2023/24,True,0.15,2023/24|2024-03-30|Werder Bremen|Wolfsburg,2024-03-30,Werder Bremen,Wolfsburg,0,2,240,26,away_win,2,0.3867023650761648,0.30916762928562835,0.3041300056382065,0.35929387331256485,0.2814122533748702,0.35929387331256485,0.3168868841042908,0.2697982140873805,-0.047088670016910306,0.406715459383611,0.0898285752793202
2023/24,True,0.15,2023/24|2024-03-31|Augsburg|FC Koln,2024-03-31,Augsburg,FC Koln,1,1,241,27,draw,1,0.6229807334287544,0.20840567014996783,0.16861359642127755,0.5787031128225042,0.23400343787253802,0.18729344930495773,0.20826776956077314,0.18498806447150243,-0.023279705089270714,0.15798822278918068,-0.050279546771592465
2023/24,True,0.15,2023/24|2024-03-31|Bochum|Darmstadt,2024-03-31,Bochum,Darmstadt,2,2,242,28,draw,1,0.6204358211378945,0.20951012211328468,0.17005405674882054,0.6473182861355581,0.20398685487465068,0.1486948589897913,0.2069294951838923,0.22056556232773505,0.013636067143842745,0.15169056896703775,-0.055238926216854556
2023/24,True,0.15,2023/24|2024-03-30|RB Leipzig|Mainz,2024-03-30,RB Leipzig,Mainz,0,0,239,25,draw,1,0.6158848493450846,0.22348627977689728,0.1606288708780184,0.7065661862525963,0.17012226277083597,0.12331155097656775,0.20255789090618226,0.2572207570798926,0.054662866173710356,0.18164538029449742,-0.020912510611684837
2023/24,True,0.15,2023/24|2024-04-05|Ein Frankfurt|Werder Bremen,2024-04-05,Ein Frankfurt,Werder Bremen,1,1,244,30,draw,1,0.559538633403047,0.24361830048660402,0.19684306611034907,0.5460097286165718,0.24542861538825703,0.2085616559951712,0.1759153374731363,0.17081229404769527,-0.005103043425441045,0.15259356318575074,-0.023321774287385577
2023/24,True,0.15,2023/24|2024-04-06|Dortmund|Stuttgart,2024-04-06,Dortmund,Stuttgart,0,1,245,31,away_win,2,0.4111228482503811,0.2505839195082128,0.33829323224140634,0.49309681086957236,0.22856487468542533,0.2783383144450022,0.3034389214255158,0.38197002664391155,0.07853110521839574,0.3858693139445228,0.08243039251900697
2023/24,True,0.15,2023/24|2024-04-06|FC Koln|Bochum,2024-04-06,FC Koln,Bochum,2,1,246,32,home_win,0,0.40078591399363545,0.25472449627914656,0.34448958972721777,0.42503860553475614,0.2773043893659805,0.29765700509926346,0.23886529914943497,0.2095901489050403,-0.02927515024439467,0.20569978927887536,-0.033165509870559606
2023/24,True,0.15,2023/24|2024-04-06|Freiburg|RB Leipzig,2024-04-06,Freiburg,RB Leipzig,1,4,247,33,away_win,2,0.29870836937624656,0.23142185575769322,0.4698697748660602,0.17404561590048134,0.2084804474334798,0.6174739366660389,0.18513237276798894,0.08830903277197776,-0.09682333999601118,0.2614746857829744,0.07634231301498545
2023/24,True,0.15,2023/24|2024-03-31|Stuttgart|Heidenheim,2024-03-31,Stuttgart,Heidenheim,3,3,243,29,draw,1,0.7444062278312206,0.15724211510084454,0.09835165706793507,0.7512549363229345,0.15072199349425647,0.09802307018280898,0.28190684024095786,0.2869962508188202,0.00508941057786233,0.21190487723196047,-0.07000196300899739
2024/25,True,0.15,2024/25|2025-04-26|Holstein Kiel|M'gladbach,2025-04-26,Holstein Kiel,M'gladbach,4,3,275,61,home_win,0,0.3652378809774617,0.2666436893631602,0.36811842965937813,0.38787553847815,0.25419519623502773,0.3579292652868222,0.2692170630004348,0.25140485767108955,-0.017812205329345243,0.31047299611871143,0.04125593311827663
2024/25,True,0.15,2024/25|2025-05-03|M'gladbach|Hoffenheim,2025-05-03,M'gladbach,Hoffenheim,4,4,282,68,draw,1,0.41384112133472906,0.23959365699299956,0.34656522167227155,0.42870567395037856,0.24028688391786654,0.33100744213175487,0.14568596329016828,0.14667724081192768,0.0009912775217593983,0.1519527425477353,0.006266779257567023
2024/25,True,0.15,2024/25|2025-05-03|Dortmund|Wolfsburg,2025-05-03,Dortmund,Wolfsburg,4,0,281,67,home_win,0,0.7017364101695981,0.163535746535515,0.13472784329488677,0.7590705324051601,0.14345529407061808,0.09747417352422177,0.05355638038870491,0.033774111429881556,-0.019782268958823353,0.18165122438782844,0.12809484399912352
2024/25,True,0.15,2024/25|2025-05-02|Heidenheim|Bochum,2025-05-02,Heidenheim,Bochum,0,0,280,66,draw,1,0.44417455546777157,0.2498829134122735,0.3059425311199548,0.4038782294940601,0.28712287111524626,0.3089988993906936,0.14544593403653855,0.12929897204195834,-0.01614696199458021,0.12928057913729657,-0.01616535489924198
2024/25,True,0.15,2024/25|2025-04-27|Werder Bremen|St Pauli,2025-04-27,Werder Bremen,St Pauli,0,0,279,65,draw,1,0.4491410335581031,0.2816485325890254,0.2692104338528714,0.4788270592966068,0.2700052584366977,0.2511676822666955,0.1371009628604462,0.14618027866492994,0.009079315804483734,0.12460693396290937,-0.01249402889753684
2024/25,True,0.15,2024/25|2025-04-27|Bochum|Union Berlin,2025-04-27,Bochum,Union Berlin,1,1,278,64,draw,1,0.31444292972012255,0.2521254216832122,0.4334316485966653,0.4056226110688087,0.2813567244407922,0.313020664490399,0.14336867502809847,0.13125581950414453,-0.012112855523953941,0.12500777939315968,-0.018360895634938784
2024/25,True,0.15,2024/25|2025-04-26|Wolfsburg|Freiburg,2025-04-26,Wolfsburg,Freiburg,0,1,277,63,away_win,2,0.4337358673830082,0.2509649730810385,0.3152991595359534,0.41024320906130024,0.26348954077920916,0.32626725015949054,0.32847102179333115,0.3111076543942841,-0.017363367399047036,0.31153628580037745,-0.016934735992953698
2024/25,True,0.15,2024/25|2025-04-26|Leverkusen|Augsburg,2025-04-26,Leverkusen,Augsburg,2,0,276,62,home_win,0,0.5955799240236691,0.25873314259945185,0.14568693337687905,0.6504042731061065,0.2004390527182341,0.14915667417565937,0.09239014020473023,0.0722324428568068,-0.02015769734792343,0.17158220419329925,0.07919206398856903
2024/25,True,0.15,2024/25|2025-04-26|Hoffenheim|Dortmund,2025-04-26,Hoffenheim,Dortmund,2,3,274,60,away_win,2,0.19087258029358234,0.18346899098791883,0.6256584287184989,0.24229336500566864,0.23813637099821844,0.5195702639961128,0.08828197694871662,0.14475940298126738,0.056477426032550765,0.22467545437114628,0.13639347742242966
2024/25,True,0.15,2024/25|2025-05-03|RB Leipzig|Bayern Munich,2025-05-03,RB Leipzig,Bayern Munich,3,3,283,69,draw,1,0.15540586542393184,0.17319872965311556,0.6713954049229522,0.23177908044353412,0.20359629917367045,0.5646246203827954,0.23746138637990832,0.18626125203683302,-0.0512001343430753,0.20132699617913055,-0.03613439020077777
2024/25,True,0.15,2024/25|2025-04-26|Bayern Munich|Mainz,2025-04-26,Bayern Munich,Mainz,3,0,272,58,home_win,0,0.8032044546149333,0.11550137387902101,0.08129417150604569,0.7796594084870928,0.13316496784077067,0.08717562367213662,0.022668614502130112,0.028074782815441894,0.005406168313311782,0.10232973117653832,0.0796611166744082
2024/25,True,0.15,2024/25|2025-04-25|Stuttgart|Heidenheim,2025-04-25,Stuttgart,Heidenheim,0,1,271,57,away_win,2,0.6515612660811437,0.18743365660596376,0.1610050773128926,0.6410772124124962,0.19918242607877962,0.15974036150872428,0.5642222818760042,0.558508126176033,-0.005714155699971246,0.47924666536046584,-0.08497561651553837
2024/25,True,0.15,2024/25|2025-04-20|St Pauli|Leverkusen,2025-04-20,St Pauli,Leverkusen,1,1,270,56,draw,1,0.25964208870755673,0.2947071765101169,0.4456507347823265,0.19061745662914248,0.2463961016987389,0.5629864416721185,0.1330092958202251,0.17664437413919842,0.043635078318973314,0.13999548713518856,0.006986191314963447
2024/25,True,0.15,2024/25|2025-04-20|Dortmund|M'gladbach,2025-04-20,Dortmund,M'gladbach,3,2,269,55,home_win,0,0.7965563713642309,0.11311190197236647,0.0903317266634029,0.7084157224364207,0.1642181962331466,0.1273660813304326,0.024774565437240225,0.050621754797872426,0.0258471893606322,0.20411202093685984,0.17933745549961963
2024/25,True,0.15,2024/25|2025-04-19|Werder Bremen|Bochum,2025-04-19,Werder Bremen,Bochum,1,0,267,53,home_win,0,0.547276054829369,0.21863203373636145,0.23409191143426974,0.5944601094708908,0.21628794161552498,0.18925194891358435,0.1298789967649052,0.10013945148897588,-0.029739545275929313,0.15397839358312204,0.02409939681821685
2024/25,True,0.15,2024/25|2025-04-19|Union Berlin|Stuttgart,2025-04-19,Union Berlin,Stuttgart,4,4,266,52,draw,1,0.37372811085022783,0.26507734616915163,0.3611945429806212,0.3036195034400239,0.27759497457373616,0.41878552198624,0.13506709935932976,0.13378305814722707,-0.0012840412121026823,0.12580481730819934,-0.009262282051130416
2024/25,True,0.15,2024/25|2025-04-19|RB Leipzig|Holstein Kiel,2025-04-19,RB Leipzig,Holstein Kiel,1,1,265,51,draw,1,0.5873811195213514,0.22591756423121595,0.1867013162474328,0.6551813562147666,0.1861167768134078,0.15870186697182562,0.18993698052934,0.22722444605588196,0.03728746552654197,0.1758452465311263,-0.014091733998213701
2024/25,True,0.15,2024/25|2025-04-19|Mainz|Wolfsburg,2025-04-19,Mainz,Wolfsburg,2,2,264,50,draw,1,0.41611211412745686,0.258678854194887,0.32520903167765586,0.478818998716303,0.2605905006418485,0.2605905006418485,0.1394551029041702,0.1485875212782261,0.0091324183740559,0.1376050123913295,-0.001850090512840713
2024/25,True,0.15,2024/25|2025-04-19|Heidenheim|Bayern Munich,2025-04-19,Heidenheim,Bayern Munich,0,4,263,49,away_win,2,0.12702838019039425,0.1400844507889238,0.7328871690206821,0.09989165504402636,0.14580836710383754,0.754299977852136,0.043742736923790534,0.03517342181544779,-0.008569315108342745,0.07730092538307508,0.033558188459284544
2024/25,True,0.15,2024/25|2025-04-26|Ein Frankfurt|RB Leipzig,2025-04-26,Ein Frankfurt,RB Leipzig,4,0,273,59,home_win,0,0.5870894092465928,0.19688328181325684,0.21602730894015026,0.471963427239492,0.24865592330264794,0.2793806494578602,0.10858147708212543,0.17843808473207953,0.0698566076499541,0.25336908712355793,0.1447876100414325
2024/25,True,0.15,2024/25|2025-04-20|Augsburg|Ein Frankfurt,2025-04-20,Augsburg,Ein Frankfurt,0,0,268,54,draw,1,0.2823764019172022,0.2704487458935687,0.44717485218922937,0.3713413979731076,0.2811891510663416,0.3474694509605507,0.13985089039508214,0.1293147265997242,-0.010536163795357933,0.1259599187069988,-0.013890971688083342
2024/25,True,0.15,2024/25|2025-05-17|St Pauli|Bochum,2025-05-17,St Pauli,Bochum,0,2,306,92,away_win,2,0.42768744330286107,0.28187974358705603,0.29043281311008307,0.5508311992196364,0.23703249648571154,0.2121363042946521,0.34320107093490426,0.46207210652211594,0.11887103558721168,0.40740238177430316,0.0642013108393989
2024/25,True,0.15,2024/25|2025-05-04|Augsburg|Holstein Kiel,2025-05-04,Augsburg,Holstein Kiel,1,3,286,72,away_win,2,0.4890724164630423,0.2940796549780366,0.21684792855892096,0.5424748158171704,0.2368365659299354,0.22068861825289432,0.42625949777372607,0.4508025777582281,0.024543079984502003,0.3924640084351889,-0.033795489338537155
2024/25,True,0.15,2024/25|2025-04-19|Freiburg|Hoffenheim,2025-04-19,Freiburg,Hoffenheim,3,2,262,48,home_win,0,0.5972276394061844,0.2226654451393951,0.18010691545442045,0.5011209283924568,0.2558354213372016,0.24304365027034153,0.09733203772641019,0.15397527201236816,0.056643234285957966,0.19127984606127735,0.09394780833486716
2024/25,True,0.15,2024/25|2025-05-17|RB Leipzig|Stuttgart,2025-05-17,RB Leipzig,Stuttgart,2,3,305,91,away_win,2,0.2413353675613764,0.20826317621143603,0.5504014562271876,0.5089974293059126,0.22095115681233932,0.2700514138817481,0.13019080509930908,0.39595166070803134,0.26576085560872226,0.31273794857376025,0.18254714347445117
2024/25,True,0.15,2024/25|2025-05-17|Mainz|Leverkusen,2025-05-17,Mainz,Leverkusen,2,2,304,90,draw,1,0.3734758004749897,0.2889296099139503,0.3375945896110604,0.38174498460705714,0.26168002977096655,0.35657498562197637,0.12672714023754716,0.13643747682197743,0.009710336584430268,0.13455162456776612,0.007824484330218956
2024/25,True,0.15,2024/25|2025-05-17|M'gladbach|Wolfsburg,2025-05-17,M'gladbach,Wolfsburg,0,1,303,89,away_win,2,0.3578308154794897,0.23335822627947966,0.40881095824103086,0.42285539972255104,0.2361802110645468,0.3409643892129021,0.23877368780130254,0.30656731268002074,0.0677936248787182,0.32689501404360655,0.08812132624230401
2024/25,True,0.15,2024/25|2025-05-17|Hoffenheim|Bayern Munich,2025-05-17,Hoffenheim,Bayern Munich,0,4,302,88,away_win,2,0.14176278699552744,0.15716782226584536,0.7010693907386273,0.2140983962156585,0.20898975769424363,0.5769118460900978,0.05472809846505742,0.11242085462050305,0.05769275615544563,0.08003592977447113,0.025307831309413713
2024/25,True,0.15,2024/25|2025-05-17|Heidenheim|Werder Bremen,2025-05-17,Heidenheim,Werder Bremen,1,4,301,87,away_win,2,0.2794072803519653,0.25234146209966907,0.4682512575483658,0.3553544043388816,0.25826818776884236,0.386377407892276,0.18041257670628819,0.2514047191140218,0.0709921424077336,0.24511599546324625,0.06470341875695806
2024/25,True,0.15,2024/25|2025-05-17|Freiburg|Ein Frankfurt,2025-05-17,Freiburg,Ein Frankfurt,1,3,300,86,away_win,2,0.4485722837677004,0.25762450266487363,0.2938032135674261,0.40893158122399065,0.26447205524812434,0.3265963635278851,0.3499654974661324,0.31034874786811084,-0.03961674959802158,0.24677531270817693,-0.1031901847579555
2024/25,True,0.15,2024/25|2025-05-17|Dortmund|Holstein Kiel,2025-05-17,Dortmund,Holstein Kiel,3,0,299,85,home_win,0,0.7870155635362492,0.12116167410974085,0.09182276235400992,0.8544110666576253,0.09195090526886825,0.053638028073506476,0.02689689493105123,0.012036587783692335,-0.014860307147358896,0.08689143208068627,0.05999453714963504
2024/25,True,0.15,2024/25|2025-05-17|Augsburg|Union Berlin,2025-05-17,Augsburg,Union Berlin,1,2,298,84,away_win,2,0.37029767487126514,0.3173193294498874,0.3123829956788476,0.5107785532442137,0.26300250709051665,0.22621893966526951,0.3049687563233305,0.42981592989349593,0.12484717357016545,0.31935973953869745,0.01439098321536697
2024/25,True,0.15,2024/25|2025-05-03|Union Berlin|Werder Bremen,2025-05-03,Union Berlin,Werder Bremen,2,2,285,71,draw,1,0.4019282860095604,0.2809844715980729,0.31708724239236663,0.28812601591710485,0.27904468017186657,0.4328293039110286,0.13104533319128925,0.13517890368618465,0.0041335704948954055,0.1303107086742167,-0.0007346245170725407
2024/25,True,0.15,2024/25|2025-05-11|Stuttgart|Augsburg,2025-05-11,Stuttgart,Augsburg,4,0,297,83,home_win,0,0.6166873721726752,0.23090427914853726,0.1524083486787877,0.6320832899342902,0.20231954677813052,0.16559716328757942,0.08507843769944202,0.08139256301723438,-0.0036858746822076432,0.17882670125749858,0.09374826355805656
2024/25,True,0.15,2024/25|2025-05-11|Ein Frankfurt|St Pauli,2025-05-11,Ein Frankfurt,St Pauli,2,2,295,81,draw,1,0.6410291303697386,0.2071232967615562,0.15184757286870548,0.6164787249329229,0.22301188897343063,0.1605093860936466,0.21698801568435006,0.20290464065954084,-0.01408337502480922,0.14036753697867146,-0.07662047870567859
2024/25,True,0.15,2024/25|2025-05-10|Werder Bremen|RB Leipzig,2025-05-10,Werder Bremen,RB Leipzig,0,0,294,80,draw,1,0.5315558749802196,0.22894743264661127,0.2394966923731692,0.49759099666088596,0.23212977116955205,0.270279232169562,0.16995515694183766,0.16032383165007089,-0.009631325291766774,0.1347462724622473,-0.03520888447959036
2024/25,True,0.15,2024/25|2025-05-10|Union Berlin|Heidenheim,2025-05-10,Union Berlin,Heidenheim,0,3,293,79,away_win,2,0.5301755637581272,0.2558817111872103,0.21394272505466286,0.4606794550462813,0.2722783333746929,0.2670422115790257,0.44948608395036904,0.37472633995435223,-0.07475974399601681,0.3823990235662825,-0.06708706038408652
2024/25,True,0.15,2024/25|2025-05-10|Holstein Kiel|Freiburg,2025-05-10,Holstein Kiel,Freiburg,1,2,292,78,away_win,2,0.20015098855159455,0.23347831144791098,0.5663707000004942,0.27083599146180404,0.2525457686617861,0.47661823987641,0.11404739401812083,0.17364030055058283,0.05959290653246199,0.23797865135598095,0.12393125733786012
2024/25,True,0.15,2024/25|2025-05-10|Bochum|Mainz,2025-05-10,Bochum,Mainz,1,4,291,77,away_win,2,0.3351372424831785,0.2508353050246449,0.41402745249217715,0.30801263641585297,0.24956921309592192,0.4424181504882252,0.22784039886601862,0.20288465154840804,-0.024955747317610577,0.18799686180059308,-0.03984353706542554
2024/25,True,0.15,2024/25|2025-05-10|Bayern Munich|M'gladbach,2025-05-10,Bayern Munich,M'gladbach,2,0,290,76,home_win,0,0.8516828257002373,0.07938672531360481,0.06893044898615786,0.8409785932721712,0.10091743119266053,0.05810397553516819,0.013374695494849743,0.014331939885344501,0.0009572443904947575,0.05434373148166218,0.04096903598681244
2024/25,True,0.15,2024/25|2025-05-09|Wolfsburg|Hoffenheim,2025-05-09,Wolfsburg,Hoffenheim,2,2,289,75,draw,1,0.5157372501852316,0.2367858935817948,0.24747685623297358,0.3262779972659947,0.26859348946206196,0.40512851327194344,0.16361485279979004,0.1352932218829218,-0.028321630916868235,0.1474594755849245,-0.01615537721486554
2024/25,True,0.15,2024/25|2025-05-04|Mainz|Ein Frankfurt,2025-05-04,Mainz,Ein Frankfurt,1,1,288,74,draw,1,0.40491445565341566,0.23938101762190286,0.3557045267246818,0.4099260570245826,0.2683770041846025,0.3216969387908149,0.14524071336476577,0.13576414632755132,-0.009476567037214445,0.13011260607517156,-0.015128107289594211
2024/25,True,0.15,2024/25|2025-05-04|Freiburg|Leverkusen,2025-05-04,Freiburg,Leverkusen,2,2,287,73,draw,1,0.36241323059759806,0.2861695820304596,0.3514171873719423,0.3016434122185882,0.26914591753205525,0.4292106702493567,0.1274186946462973,0.1376052737953875,0.010186579149090214,0.16600256966394675,0.038583875017649455
2024/25,True,0.15,2024/25|2025-05-11|Leverkusen|Dortmund,2025-05-11,Leverkusen,Dortmund,2,4,296,82,away_win,2,0.38487334289646485,0.2700439943461377,0.34508266275739796,0.37566253514639847,0.25011978561161236,0.3742176792419892,0.2885221043466203,0.2663629266429505,-0.022159177703669763,0.35881880680524253,0.07029670245862224
2024/25,True,0.15,2024/25|2025-04-13|Stuttgart|Werder Bremen,2025-04-13,Stuttgart,Werder Bremen,1,2,261,47,away_win,2,0.5918220936981834,0.21355981942240107,0.1946180868794156,0.5555010464775363,0.22555146898739875,0.21894748453506496,0.49944670828553706,0.45931222227587026,-0.04013448600966679,0.3919143351523173,-0.10753237313321978
2024/25,True,0.15,2024/25|2025-05-03|St Pauli|Stuttgart,2025-05-03,St Pauli,Stuttgart,0,1,284,70,away_win,2,0.3522876695100975,0.28049750345058666,0.3672148270393159,0.3400628272251309,0.27551832460732983,0.3844188481675393,0.2622618386038693,0.24729144047586418,-0.01497039812800513,0.2502434712949135,-0.012018367308955835
2024/25,True,0.15,2024/25|2025-04-12|M'gladbach|Freiburg,2025-04-12,M'gladbach,Freiburg,1,2,259,45,away_win,2,0.35343176774408175,0.24279019122098985,0.40377804103492865,0.4253513501649755,0.25633015575731416,0.3183184940777104,0.24019731940142702,0.3228067233018241,0.08260940390039706,0.3640427792151434,0.12384545981371636
2024/25,True,0.15,2024/25|2025-03-16|Stuttgart|Leverkusen,2025-03-16,Stuttgart,Leverkusen,3,4,234,20,away_win,2,0.3251312858047673,0.2638889473988702,0.41097976679636256,0.2912880218632657,0.2820005776879152,0.42671140044881906,0.2263275940661644,0.20675426502818434,-0.019573329037980064,0.20716550191361258,-0.019162092152551824
2024/25,True,0.15,2024/25|2025-03-16|Heidenheim|Holstein Kiel,2025-03-16,Heidenheim,Holstein Kiel,3,1,233,19,home_win,0,0.419757913586529,0.2761594549491711,0.30408263146429965,0.47426971315296085,0.2678382677585591,0.25789201908848003,0.21457356280185558,0.1714503140089015,-0.043123248792954066,0.29146337723205806,0.07688981443020249
2024/25,True,0.15,2024/25|2025-03-16|Bochum|Ein Frankfurt,2025-03-16,Bochum,Ein Frankfurt,1,3,232,18,away_win,2,0.26382853446741794,0.2033178679316688,0.5328535976009134,0.35647099210435973,0.27490559560590455,0.36862341228973566,0.14391562843681752,0.26285398186026177,0.11893835342344425,0.2533496000158361,0.1094339715790186
2024/25,True,0.15,2024/25|2025-03-15|Werder Bremen|M'gladbach,2025-03-15,Werder Bremen,M'gladbach,2,4,231,17,away_win,2,0.5042175535501069,0.22967035459212287,0.26611209185777,0.43408360128617357,0.25723472668810293,0.30868167202572344,0.3964134015127164,0.33317480174936154,-0.06323859976335489,0.25354403761970845,-0.14286936389300797
2024/25,True,0.15,2024/25|2025-03-15|Union Berlin|Bayern Munich,2025-03-15,Union Berlin,Bayern Munich,1,1,230,16,draw,1,0.1275287130563163,0.15690284329630028,0.7155684436473834,0.1034610475452432,0.1777163012262388,0.7188226512285181,0.26415088509886947,0.2637050961391774,-0.00044578895969205057,0.1759939041976715,-0.08815698090119797
2024/25,True,0.15,2024/25|2025-03-15|RB Leipzig|Dortmund,2025-03-15,RB Leipzig,Dortmund,2,0,229,15,home_win,0,0.30372534389314193,0.24956732774891408,0.44670732835794386,0.3471810089020772,0.26706231454005935,0.3857566765578635,0.3421729169727077,0.2874904243235389,-0.0546824926491688,0.2069779270829773,-0.1351949898897304
2024/25,True,0.15,2024/25|2025-03-15|Mainz|Freiburg,2025-03-15,Mainz,Freiburg,2,2,228,14,draw,1,0.48397416212494915,0.2679949731128096,0.24803086476224145,0.5214229779617408,0.2739680053697282,0.20460901666853115,0.14787514973962587,0.1568733858242766,0.008998236084650724,0.15144539964320033,0.003570249903574463
2024/25,True,0.15,2024/25|2025-03-15|Augsburg|Wolfsburg,2025-03-15,Augsburg,Wolfsburg,1,0,227,13,home_win,0,0.3435670160241236,0.2942830454023613,0.36214993857351474,0.3923984833659491,0.29669153620352245,0.31090998043052837,0.2810284202301371,0.23292230947365522,-0.04810611075648186,0.2609085499885677,-0.02011987024156936
2024/25,True,0.15,2024/25|2025-04-13|Ein Frankfurt|Heidenheim,2025-04-13,Ein Frankfurt,Heidenheim,3,0,260,46,home_win,0,0.679020200015908,0.17500565306138896,0.14597414692270314,0.551131221719457,0.23891402714932128,0.2099547511312217,0.0621682417838193,0.12278208881882022,0.06061384703500092,0.12959282475389738,0.06742458297007808
2024/25,True,0.15,2024/25|2025-03-28|Leverkusen|Bochum,2025-03-28,Leverkusen,Bochum,3,1,235,21,home_win,0,0.7716869098687729,0.12969542846434678,0.0986176616668803,0.7864521511644739,0.13779717178522832,0.0757506770502978,0.030926155158956564,0.025670424407929618,-0.005255730751026946,0.07673711544740583,0.04581096028844926
2024/25,True,0.15,2024/25|2025-03-09|Hoffenheim|Heidenheim,2025-03-09,Hoffenheim,Heidenheim,1,1,225,11,draw,1,0.45636480333818885,0.25278505889443587,0.2908501377673753,0.5028480208975802,0.2520770598265791,0.24507491927584082,0.14643131818260252,0.15645892408933657,0.010027605906734044,0.15228226570707357,0.005850947524471045
2024/25,True,0.15,2024/25|2025-03-08|Wolfsburg|St Pauli,2025-03-08,Wolfsburg,St Pauli,1,1,223,9,draw,1,0.5809867552363406,0.24005682071269557,0.1789564240509638,0.5240215724110632,0.2723145811686706,0.2036638464202662,0.18478550573457994,0.15803878534543045,-0.026746720389149492,0.15429641128881433,-0.030489094445765613
2024/25,True,0.15,2024/25|2025-03-08|Leverkusen|Werder Bremen,2025-03-08,Leverkusen,Werder Bremen,0,2,222,8,away_win,2,0.7504622792508834,0.1483350076980389,0.10120271305107773,0.7289400964826004,0.16890075406304153,0.10215914945435813,0.685515097802587,0.6687359285842922,-0.01677916921829481,0.6062876080684891,-0.07922748973409788
2024/25,True,0.15,2024/25|2025-03-08|Holstein Kiel|Stuttgart,2025-03-08,Holstein Kiel,Stuttgart,2,2,221,7,draw,1,0.2121686711642996,0.23031133232540305,0.5575199965102973,0.15580306588374815,0.20138031129787362,0.6428166228183781,0.17792204576623336,0.21874390295520038,0.040821857188967026,0.14469742074040792,-0.03322462502582543
2024/25,True,0.15,2024/25|2025-03-08|Freiburg|RB Leipzig,2025-03-08,Freiburg,RB Leipzig,0,0,220,6,draw,1,0.5329028932162558,0.24676774239409152,0.22032936438965253,0.3801714412886491,0.2887949227593299,0.331033635952021,0.16626526120530224,0.12705679645155196,-0.03920846475375028,0.1421452799174574,-0.024119981287844844
2024/25,True,0.15,2024/25|2025-03-08|Dortmund|Augsburg,2025-03-08,Dortmund,Augsburg,0,1,219,5,away_win,2,0.6461200333228793,0.218287501002232,0.13559246567488872,0.6854014882528169,0.19844273068510712,0.11615578106207593,0.5823357414295884,0.6254779017245826,0.04314216029499418,0.3114094192634266,-0.27092632216616186
2024/25,True,0.15,2024/25|2025-03-08|Bayern Munich|Bochum,2025-03-08,Bayern Munich,Bochum,2,3,218,4,away_win,2,0.8674330613196773,0.07045540056869568,0.062111538111626986,0.8260082159105968,0.117142983347321,0.05684880074208225,0.8160374414068827,0.7859118787067279,-0.030125562700154873,0.6434170012698825,-0.17262044013700018
2024/25,True,0.15,2024/25|2025-03-07|M'gladbach|Mainz,2025-03-07,M'gladbach,Mainz,1,3,217,3,away_win,2,0.311857760835652,0.2480618974111378,0.44008034175321026,0.3568278405901692,0.278325715660332,0.36484644374949887,0.20538264334231432,0.2653730739189509,0.059990430576636555,0.26445259550789524,0.05906995216558092
2024/25,True,0.15,2024/25|2025-03-02|Union Berlin|Holstein Kiel,2025-03-02,Union Berlin,Holstein Kiel,0,1,216,2,away_win,2,0.5660122998785349,0.2326621990798067,0.2013255010416585,0.6166146535549627,0.22203784543148883,0.16134750101354856,0.4791254394500732,0.5417758225174634,0.06265038306739018,0.3552738138512046,-0.12385162559886859
2024/25,True,0.15,2024/25|2025-03-02|Augsburg|Freiburg,2025-03-02,Augsburg,Freiburg,0,0,215,1,draw,1,0.30222816189635393,0.31153736048125685,0.3862344776223893,0.3834359480563376,0.31315990612961336,0.30340414581404906,0.12025946677374427,0.11953860097950761,-0.0007208657942366636,0.12955899875216834,0.009299531978424064
2024/25,True,0.15,2024/25|2025-03-09|Ein Frankfurt|Union Berlin,2025-03-09,Ein Frankfurt,Union Berlin,1,2,224,10,away_win,2,0.6381402302036768,0.19082553981392483,0.17103422998239837,0.48875095666598106,0.2650175487098917,0.24623149462412716,0.5472036006326384,0.40352222866924436,-0.14368137196339403,0.4171384697814524,-0.13006513085118598
2024/25,True,0.15,2024/25|2025-03-29|Bayern Munich|St Pauli,2025-03-29,Bayern Munich,St Pauli,3,2,236,22,home_win,0,0.7921816992277855,0.13356174187952574,0.0742565588926889,0.8613474682661459,0.10154833310085089,0.03710419863300321,0.02435124133721699,0.010300623056202381,-0.014050618281014608,0.07808268258359703,0.053731441246380046
2024/25,True,0.15,2024/25|2025-03-14|St Pauli|Hoffenheim,2025-03-14,St Pauli,Hoffenheim,1,0,226,12,home_win,0,0.47303995519333303,0.2706917377717507,0.2562683070349163,0.41442991940975316,0.30245661820277014,0.28311346238747676,0.17168016700659328,0.2115227759337467,0.03984260892715341,0.2291485093757298,0.05746834236913653
2024/25,True,0.15,2024/25|2025-03-29|Hoffenheim|Augsburg,2025-03-29,Hoffenheim,Augsburg,1,1,238,24,draw,1,0.2974597352018286,0.3111268057273778,0.3914134590707937,0.4118856084532597,0.2833965119386859,0.30471787960805424,0.12084339500405292,0.13125137030187034,0.010407975297817423,0.11797959364415245,-0.0028638013599004697
2024/25,True,0.15,2024/25|2025-03-29|Ein Frankfurt|Stuttgart,2025-03-29,Ein Frankfurt,Stuttgart,1,0,237,23,home_win,0,0.438488274264286,0.22590142883460124,0.3356102969011124,0.3777817599426568,0.2571706967419669,0.3650475433153763,0.21396484476237643,0.2602076235703246,0.04624277880794819,0.20929392920027226,-0.0046709155621041665
2024/25,True,0.15,2024/25|2025-04-12|Leverkusen|Union Berlin,2025-04-12,Leverkusen,Union Berlin,0,0,258,44,draw,1,0.6593617104921883,0.20124183530741008,0.13939645420040186,0.7016993043945823,0.18912989063760222,0.10917080496781549,0.2270946183534145,0.2521500892225807,0.025055470869166208,0.18205856037909737,-0.04503605797431712
2024/25,True,0.15,2024/25|2025-04-12|Holstein Kiel|St Pauli,2025-04-12,Holstein Kiel,St Pauli,1,2,257,43,away_win,2,0.3069668217327157,0.3044910263153773,0.38854215195190683,0.2711679591382885,0.27814084951613016,0.4506911913455813,0.23405466479214482,0.18763611466428062,-0.046418550127864194,0.23696262911080695,0.0029079643186621373
2024/25,True,0.15,2024/25|2025-04-12|Hoffenheim|Mainz,2025-04-12,Hoffenheim,Mainz,2,0,256,42,home_win,0,0.28596111060448176,0.2499890370494344,0.46404985234608365,0.39574235807860264,0.27974890829694327,0.32450873362445415,0.36259690051580373,0.23521660800947733,-0.1273802925063264,0.3589624398670926,-0.0036344606487111464
2024/25,True,0.15,2024/25|2025-04-12|Bochum|Augsburg,2025-04-12,Bochum,Augsburg,1,2,255,41,away_win,2,0.38812239703668755,0.29029523053368245,0.3215823724296302,0.4107692944216469,0.29060394859083677,0.29862675698751634,0.3054447362398567,0.3303279196267531,0.024883183386896435,0.22308725043587072,-0.08235748580398597
2024/25,True,0.15,2024/25|2025-04-12|Bayern Munich|Dortmund,2025-04-12,Bayern Munich,Dortmund,2,2,254,40,draw,1,0.6982090400985304,0.17688318614561213,0.12490777375585775,0.6723409116874214,0.1809665257625957,0.14669256254998286,0.25154890780997785,0.2367805047180768,-0.014768403091901056,0.2132483323733551,-0.03830057543662274
2024/25,True,0.15,2024/25|2025-04-06|Union Berlin|Wolfsburg,2025-04-06,Union Berlin,Wolfsburg,1,0,252,38,home_win,0,0.39183826597568805,0.26547949421264716,0.34268223981166457,0.42138877413159737,0.28629649065999707,0.2923147352084054,0.24364590610689862,0.21011942756044796,-0.03352647854645066,0.32615749648131126,0.08251159037441264
2024/25,True,0.15,2024/25|2025-04-06|St Pauli|M'gladbach,2025-04-06,St Pauli,M'gladbach,1,1,251,37,draw,1,0.4325502760256129,0.26784027917385206,0.299609444800535,0.42283884263823923,0.2693987086060804,0.3077624487556804,0.1384327803517594,0.13675520585386922,-0.0016775744978901885,0.12720977098735536,-0.01122300936440404
2024/25,True,0.15,2024/25|2025-04-05|Werder Bremen|Ein Frankfurt,2025-04-05,Werder Bremen,Ein Frankfurt,2,0,250,36,home_win,0,0.34495241743982524,0.22683534760068605,0.42821223495948835,0.4161456193152161,0.2624745954710527,0.3213797852137312,0.3062265267934646,0.2220854520944183,-0.08414107469904633,0.3258138194825374,0.019587292689072777
2024/25,True,0.15,2024/25|2025-04-05|RB Leipzig|Hoffenheim,2025-04-05,RB Leipzig,Hoffenheim,3,1,249,35,home_win,0,0.6014423265692959,0.20688861761084829,0.19166905581985577,0.5647085799695969,0.22640996679433717,0.2088814532360659,0.09779262300468541,0.1165550409290478,0.018762417924362382,0.17201107999313947,0.07421845698845406
2024/25,True,0.15,2024/25|2025-04-11|Wolfsburg|RB Leipzig,2025-04-11,Wolfsburg,RB Leipzig,2,3,253,39,away_win,2,0.4863885830342302,0.2315314354019232,0.2820799815638464,0.35348793540512624,0.25922448596375924,0.3872875786311144,0.3759915032887065,0.2501851158883507,-0.12580638740035582,0.30639216657367624,-0.06959933671503027
2024/25,True,0.15,2024/25|2025-04-05|Heidenheim|Leverkusen,2025-04-05,Heidenheim,Leverkusen,0,1,247,33,away_win,2,0.18342919857095952,0.2034742070161632,0.6130965944128772,0.15760340729633587,0.2109460989966342,0.63145049370703,0.09167025807164905,0.08033378629010336,-0.01133647178154569,0.11069223012589458,0.019021972054245523
2024/25,True,0.15,2024/25|2025-04-05|Mainz|Holstein Kiel,2025-04-05,Mainz,Holstein Kiel,1,1,248,34,draw,1,0.6201669626022931,0.22280158620889887,0.15703145118880818,0.6733367462772942,0.1912435729071605,0.1354196808155452,0.20463296908290848,0.2358604319197387,0.031227462836830228,0.20264841627549315,-0.0019845528074153296
2024/25,True,0.15,2024/25|2025-03-29|M'gladbach|RB Leipzig,2025-03-29,M'gladbach,RB Leipzig,1,0,240,26,home_win,0,0.39015080311628625,0.22728021285508596,0.38256898402862827,0.323397294420066,0.2623789369823177,0.4142237685976164,0.25913753524020355,0.3146862758346492,0.055548740594445645,0.19670442367870664,-0.06243311156149692
2024/25,True,0.15,2024/25|2025-03-29|Wolfsburg|Heidenheim,2025-03-29,Wolfsburg,Heidenheim,0,1,241,27,away_win,2,0.6313307939508709,0.20237879986448648,0.1662904061846426,0.5649484882607015,0.23992874069343376,0.19512277104586476,0.5468251291052025,0.48349707403846975,-0.06332805506673278,0.5197741850685488,-0.027050944036653757
2024/25,True,0.15,2024/25|2025-03-30|Dortmund|Mainz,2025-03-30,Dortmund,Mainz,3,1,242,28,home_win,0,0.6236313452966601,0.20962945249520915,0.16673920220813065,0.5791939916732429,0.2281259353996027,0.1926800729271545,0.0847276628981029,0.10710165357355614,0.02237399067545323,0.3396130406232986,0.2548853777251957
2024/25,True,0.15,2024/25|2025-03-29|Holstein Kiel|Werder Bremen,2025-03-29,Holstein Kiel,Werder Bremen,0,3,239,25,away_win,2,0.34464206448876367,0.2540358961646247,0.4013220393466119,0.30581879243629995,0.2600277433014529,0.4341534642622472,0.23859672659358855,0.2068537179068064,-0.03174300868678215,0.34692156707257044,0.10832484047898189
2024/25,True,0.15,2024/25|2025-04-04|Augsburg|Bayern Munich,2025-04-04,Augsburg,Bayern Munich,1,3,244,30,away_win,2,0.13960483438569235,0.21694390698046087,0.6434512586338468,0.1247011676915636,0.18900020728252606,0.6862986250259102,0.0733082573768223,0.056979466942136944,-0.016328790434685353,0.1663444452237347,0.09303618784691241
2024/25,True,0.15,2024/25|2025-04-05|Bochum|Stuttgart,2025-04-05,Bochum,Stuttgart,0,4,245,31,away_win,2,0.2676911742996398,0.21426677205801514,0.5180420536423446,0.3845222591818887,0.2811680103266411,0.3343097304914702,0.15197101342760416,0.2955004513623413,0.14352943793473716,0.25254129156244526,0.1005702781348411
2024/25,True,0.15,2024/25|2025-04-05|Freiburg|Dortmund,2025-04-05,Freiburg,Dortmund,1,4,246,32,away_win,2,0.2931807494672908,0.2622431483221057,0.44457610221060395,0.28408723689974363,0.264015856031827,0.45189690706842944,0.1972253290468841,0.19056127932524253,-0.006664049721641585,0.32700669199464666,0.12978136294776255
2024/25,True,0.15,2024/25|2025-03-30|Freiburg|Union Berlin,2025-03-30,Freiburg,Union Berlin,1,2,243,29,away_win,2,0.564957855478367,0.2379136969344054,0.19712844758722764,0.4952867658740666,0.2789546152624053,0.22575861886352802,0.48189005407020524,0.42237934835705204,-0.0595107057131532,0.3704707629308671,-0.11141929113933813
2025/26,True,0.15,2025/26|2026-04-25|FC Koln|Leverkusen,2026-04-25,FC Koln,Leverkusen,1,2,273,61,away_win,2,0.33135364767547054,0.23336372915097436,0.43528262317355493,0.2659296482412061,0.23879396984924622,0.4952763819095478,0.2143504777587904,0.16273225423600418,-0.05161822352278622,0.2822251399351449,0.06787466217635452
2025/26,True,0.15,2025/26|2026-05-02|Bayern Munich|Heidenheim,2026-05-02,Bayern Munich,Heidenheim,3,3,280,68,draw,1,0.8500818225730694,0.07970415429891456,0.07021402312801606,0.7468746636833862,0.1428015290198887,0.1103238072967253,0.3637845570564865,0.2849965528543081,-0.07878800420217841,0.33364400478424217,-0.030140552272244325
2025/26,True,0.15,2025/26|2026-04-26|Stuttgart|Werder Bremen,2026-04-26,Stuttgart,Werder Bremen,1,1,279,67,draw,1,0.628676038812279,0.20968669866087813,0.16163726252684307,0.6153420634961666,0.20784887478092737,0.17680906172290609,0.21068008320693482,0.20495364970752736,-0.005726433499407463,0.21643462815927822,0.005754544952343399
2025/26,True,0.15,2025/26|2026-04-26|Dortmund|Freiburg,2026-04-26,Dortmund,Freiburg,4,0,278,66,home_win,0,0.60717110798194,0.22138966060203533,0.1714392314160249,0.6658120468419598,0.19237602173097612,0.14181193142706394,0.09185297423632696,0.06589610596551738,-0.025956868270809577,0.12255668365516723,0.030703709418840264
2025/26,True,0.15,2025/26|2026-04-25|Wolfsburg|M'gladbach,2026-04-25,Wolfsburg,M'gladbach,0,0,277,65,draw,1,0.3743291489289358,0.259212063051294,0.36645878801977017,0.4411298807461092,0.2562179033374662,0.30265221591642455,0.13720717752739015,0.14309696774309932,0.005889790215709179,0.1352765205517823,-0.0019306569756078473
2025/26,True,0.15,2025/26|2026-04-25|Mainz|Bayern Munich,2026-04-25,Mainz,Bayern Munich,3,4,276,64,away_win,2,0.2625079245193545,0.19414579598909834,0.5433462794915471,0.25719354036928715,0.22123520178685127,0.5215712578438616,0.13872151544483566,0.14752128926439645,0.008799773819560791,0.08478998705033775,-0.05393152839449791
2025/26,True,0.15,2025/26|2026-04-25|Heidenheim|St Pauli,2026-04-25,Heidenheim,St Pauli,2,0,275,63,home_win,0,0.5157584118168318,0.27053972838643053,0.21370185979673778,0.40719987875957947,0.2767025882372216,0.3160975330031989,0.14007920030337082,0.22566481705668293,0.08558561675331211,0.21187810127713866,0.07179890097376784
2025/26,True,0.15,2025/26|2026-04-25|Hamburg|Hoffenheim,2026-04-25,Hamburg,Hoffenheim,1,2,274,62,away_win,2,0.2609266497731974,0.22640989339616507,0.5126634568306374,0.21542106209727935,0.22474216574571929,0.5598367721570014,0.15278981143506437,0.12007495057014372,-0.03271486086492065,0.2044171735012547,0.05162736206619034
2025/26,True,0.15,2025/26|2026-04-25|Augsburg|Ein Frankfurt,2026-04-25,Augsburg,Ein Frankfurt,1,1,272,60,draw,1,0.4221467653700594,0.25682856425039874,0.3210246703795422,0.39628105655641765,0.2534480470116926,0.35027089643188974,0.14063236525234873,0.13986418833633513,-0.0007681769160136076,0.13616434647872494,-0.004468018773623794
2025/26,True,0.15,2025/26|2026-04-12|Stuttgart|Hamburg,2026-04-12,Stuttgart,Hamburg,4,0,261,49,home_win,0,0.7111530238230542,0.16080585304688924,0.1280411231300566,0.734943948137306,0.15863882860299355,0.10641722325970042,0.04991355242948569,0.04078966801767203,-0.009123884411813658,0.11905585472230906,0.06914230229282337
2025/26,True,0.15,2025/26|2026-04-19|M'gladbach|Mainz,2026-04-19,M'gladbach,Mainz,1,1,270,58,draw,1,0.3871885207849767,0.26196768502233253,0.35084379419269135,0.4222626688380112,0.269374461155283,0.30836287000670565,0.13650315927559073,0.13669671054648624,0.0001935512708955145,0.12349403982667961,-0.013009119448911116
2025/26,True,0.15,2025/26|2026-04-19|Freiburg|Heidenheim,2026-04-19,Freiburg,Heidenheim,2,1,269,57,home_win,0,0.5757366898243967,0.24041758531804008,0.1838457248575634,0.5794237066899233,0.22783165165963004,0.19274464165044675,0.10689930345478146,0.1070174576897014,0.00011815423491993993,0.13300355450713833,0.026104251052356864
2025/26,True,0.15,2025/26|2026-04-19|Bayern Munich|Stuttgart,2026-04-19,Bayern Munich,Stuttgart,4,2,268,56,home_win,0,0.6771298820071368,0.16413624029150384,0.1587338777013591,0.6448136547694931,0.18244727441152325,0.1727390708189835,0.06472077851141778,0.07799806321280531,0.013277284701387532,0.07274018429162198,0.0080194057802042
2025/26,True,0.15,2025/26|2026-04-18|Werder Bremen|Hamburg,2026-04-18,Werder Bremen,Hamburg,3,1,267,55,home_win,0,0.5024386651743824,0.26194932316796876,0.2356120116576487,0.5258246585554166,0.24900162402491954,0.22517371741966408,0.15154015097540718,0.13777272872533894,-0.013767422250068245,0.25220757194349286,0.10066742096808567
2025/26,True,0.15,2025/26|2026-04-18|Union Berlin|Wolfsburg,2026-04-18,Union Berlin,Wolfsburg,1,2,266,54,away_win,2,0.4519427075378075,0.2559021076478672,0.29215518481432534,0.43850250651067124,0.26359420335192035,0.29790329013740835,0.3526482466409231,0.3426121191080087,-0.010036127532914385,0.34155134635433265,-0.011096900286590439
2025/26,True,0.15,2025/26|2026-04-18|Leverkusen|Augsburg,2026-04-18,Leverkusen,Augsburg,1,2,265,53,away_win,2,0.6471614287199289,0.18586967759275702,0.1669688936873138,0.6802108482839465,0.18051749435227807,0.13927165736377536,0.5563793694536785,0.6017700389702341,0.04539066951655557,0.46549713921158054,-0.09088223024209796
2025/26,True,0.15,2025/26|2026-04-18|Hoffenheim|Dortmund,2026-04-18,Hoffenheim,Dortmund,2,1,264,52,home_win,0,0.37030799488035254,0.2537799277548317,0.37591207736481597,0.42898498913917793,0.2459364204750784,0.32507859038574377,0.26891095561016665,0.2158671162777834,-0.05304383933238324,0.2827846266334678,0.01387367102330117
2025/26,True,0.15,2025/26|2026-04-18|Ein Frankfurt|RB Leipzig,2026-04-18,Ein Frankfurt,RB Leipzig,1,3,263,51,away_win,2,0.3265759854248603,0.25740861454125286,0.4160154000338871,0.3238243523435875,0.24141147089881837,0.43476417675759416,0.2238449436268999,0.21217687352363207,-0.011668070103267841,0.19941148722033467,-0.024433456406565246
2025/26,True,0.15,2025/26|2026-04-17|St Pauli|FC Koln,2026-04-17,St Pauli,FC Koln,1,1,262,50,draw,1,0.25789302095983907,0.27542745751093717,0.46667952152922404,0.33280206122566947,0.28876978850965784,0.3784281502646726,0.14214929303726861,0.12698253843439797,-0.015166754602870647,0.13137746111937076,-0.01077183191789785
2025/26,True,0.15,2025/26|2026-04-24|RB Leipzig|Union Berlin,2026-04-24,RB Leipzig,Union Berlin,3,1,271,59,home_win,0,0.6448631965761439,0.20282668069683366,0.15231012272702246,0.6216741698305767,0.2133472719191297,0.1649785582502936,0.07466026131561763,0.08517417922786444,0.010513917912246803,0.1201968006911155,0.04553653937549787
2025/26,True,0.15,2025/26|2026-05-02|Ein Frankfurt|Hamburg,2026-05-02,Ein Frankfurt,Hamburg,1,2,281,69,away_win,2,0.5702004898083354,0.23615384303411247,0.19364566715755246,0.5635059760956176,0.22486055776892427,0.21163346613545816,0.4876679543357274,0.4695303884065332,-0.018137565929194188,0.4237785631921337,-0.06388939114359371
2025/26,True,0.15,2025/26|2026-05-16|St Pauli|Wolfsburg,2026-05-16,St Pauli,Wolfsburg,1,3,304,92,away_win,2,0.28759495159646475,0.2710943799355561,0.4413106684679793,0.3650938924935035,0.2625394283099351,0.37236667919656136,0.1974223126757346,0.263608567859405,0.06618625518367041,0.27638752026459884,0.07896520758886424
2025/26,True,0.15,2025/26|2026-05-02|Leverkusen|RB Leipzig,2026-05-02,Leverkusen,RB Leipzig,4,1,283,71,home_win,0,0.4177335336116759,0.2266733591620892,0.3555931072262352,0.44726508088552386,0.23369600476268618,0.31903891435179,0.23274034789357698,0.2036508598396276,-0.02908948805394937,0.2440649575692799,0.011324609675702924
2025/26,True,0.15,2025/26|2026-04-12|Mainz|Freiburg,2026-04-12,Mainz,Freiburg,0,1,260,48,away_win,2,0.5444882041331456,0.22402688761940862,0.23148490824744572,0.4272921784610508,0.2937633726919724,0.2789444488469767,0.44354142534578744,0.3512498568112903,-0.09229156853449716,0.32916009064272067,-0.11438133470306677
2025/26,True,0.15,2025/26|2026-05-16|M'gladbach|Hoffenheim,2026-05-16,M'gladbach,Hoffenheim,4,0,303,91,home_win,0,0.33209099387275115,0.2535179043584056,0.41439110176884314,0.21349334079029958,0.2106017831272256,0.5759048760824749,0.30891121284554257,0.4751295756383872,0.16621836279284463,0.3042844400332332,-0.004626772812309388
2025/26,True,0.15,2025/26|2026-05-16|Leverkusen|Hamburg,2026-05-16,Leverkusen,Hamburg,1,1,302,90,draw,1,0.7383012072790597,0.14779597474242678,0.11390281797851357,0.7360782190460734,0.15102089469927518,0.11290088625465138,0.2790312623065817,0.2772788773355625,-0.0017523849710192052,0.1570714278532018,-0.1219598344533799
2025/26,True,0.15,2025/26|2026-05-16|Heidenheim|Mainz,2026-05-16,Heidenheim,Mainz,0,2,301,89,away_win,2,0.2999487426845162,0.22393880466391428,0.47611245265156954,0.4852923942341498,0.23063400914098206,0.28407359662486814,0.18221370525238803,0.37402966147558275,0.19181595622319472,0.3033478021807701,0.12113409692838209
2025/26,True,0.15,2025/26|2026-05-16|Freiburg|RB Leipzig,2026-05-16,Freiburg,RB Leipzig,4,1,300,88,home_win,0,0.3161951917548107,0.23499369290627942,0.4488111153389099,0.3816297401628443,0.25031628118208066,0.36805397865507516,0.33451021651549817,0.2589227547274509,-0.07558746178804726,0.2965345829415661,-0.03797563357393208
2025/26,True,0.15,2025/26|2026-05-16|Ein Frankfurt|Stuttgart,2026-05-16,Ein Frankfurt,Stuttgart,2,2,299,87,draw,1,0.30737046538205604,0.2593961093391737,0.43323342527877007,0.2678923542644486,0.21987391340572668,0.5122337323298247,0.1410839018839788,0.16707485500494568,0.025990953120966886,0.14951664565579006,0.008432743771811274
2025/26,True,0.15,2025/26|2026-05-16|Bayern Munich|FC Koln,2026-05-16,Bayern Munich,FC Koln,5,1,298,86,home_win,0,0.7964304575524738,0.10966896829654443,0.09390057415098155,0.822435011866992,0.10291722431705497,0.07464776381595309,0.0251289382190896,0.018550806826698796,-0.006578131392390805,0.03524349598690433,0.010114557767814728
2025/26,True,0.15,2025/26|2026-05-10|Mainz|Union Berlin,2026-05-10,Mainz,Union Berlin,1,3,297,85,away_win,2,0.6448028745961882,0.2025979343112301,0.15259919109258174,0.5645739145269982,0.21948306747419602,0.21594301799880575,0.5669294390122273,0.46674452799457966,-0.1001849110176476,0.4258426919727064,-0.14108674703952084
2025/26,True,0.15,2025/26|2026-05-10|Hamburg|Freiburg,2026-05-10,Hamburg,Freiburg,3,2,296,84,home_win,0,0.38721296426724783,0.27747202692585504,0.3353150088068969,0.3187426592080903,0.26103159277765614,0.4202257480142536,0.2439720531466514,0.3203506218385015,0.07637856869185009,0.2253378386253897,-0.01863421452126171
2025/26,True,0.15,2025/26|2026-05-10|FC Koln|Heidenheim,2026-05-10,FC Koln,Heidenheim,1,3,295,83,away_win,2,0.5595094812557133,0.21615378159496892,0.22433673714931776,0.46412120580728217,0.23148761376066915,0.3043911804320487,0.457352178475602,0.3496400617703621,-0.10771211670523989,0.3624754508071673,-0.09487672766843469
2025/26,True,0.15,2025/26|2026-05-09|Wolfsburg|Bayern Munich,2026-05-09,Wolfsburg,Bayern Munich,0,1,294,82,away_win,2,0.1887996873078551,0.16212386432239403,0.6490764483697511,0.17731457944981077,0.18143817432073658,0.6412472462294526,0.079396330508166,0.08007199921170713,0.0006756687035411324,0.055732460174397105,-0.02366387033376889
2025/26,True,0.15,2025/26|2026-05-09|Stuttgart|Leverkusen,2026-05-09,Stuttgart,Leverkusen,3,1,293,81,home_win,0,0.46026247536923515,0.21934300003297919,0.3203945245977855,0.47151346196170485,0.22774557992810504,0.30074095811018997,0.1969846234433933,0.18487157238636875,-0.012113051057024538,0.19178079894748637,-0.005203824495906922
2025/26,True,0.15,2025/26|2026-05-09|RB Leipzig|St Pauli,2026-05-09,RB Leipzig,St Pauli,2,1,292,80,home_win,0,0.7778607433769975,0.13137490966365165,0.09076434695935096,0.7395833191219987,0.1562846614450813,0.10413201943292001,0.028792008005988794,0.039330162575346404,0.01053815456935761,0.0841484211751437,0.05535641316915491
2025/26,True,0.15,2025/26|2026-05-09|Hoffenheim|Werder Bremen,2026-05-09,Hoffenheim,Werder Bremen,1,0,291,79,home_win,0,0.6261736809095858,0.20912645593842036,0.16469986315199386,0.6341298174637114,0.19271296300745233,0.17315721952883634,0.08343608088348684,0.08192220657204734,-0.0015138743114394976,0.10219434464092403,0.018758263757437194
2025/26,True,0.15,2025/26|2026-05-09|Augsburg|M'gladbach,2026-05-09,Augsburg,M'gladbach,3,1,290,78,home_win,0,0.4798123212819567,0.24338934294813297,0.27679833576991036,0.48977191887222515,0.2398626577040898,0.270365423423685,0.1736062698875291,0.16671507847719985,-0.0068911914103292615,0.20042867957365473,0.02682240968612562
2025/26,True,0.15,2025/26|2026-05-08|Dortmund|Ein Frankfurt,2026-05-08,Dortmund,Ein Frankfurt,3,2,289,77,home_win,0,0.620580319614224,0.2253902046574474,0.1540294757283284,0.5517041480519972,0.22120213483216863,0.22709371711583418,0.08384218662859409,0.12627036361363608,0.04242817698504199,0.11779597042941824,0.033953783800824144
2025/26,True,0.15,2025/26|2026-05-03|St Pauli|Mainz,2026-05-03,St Pauli,Mainz,1,2,288,76,away_win,2,0.1937659478906579,0.21873229987841036,0.5875017522309317,0.3402314335491329,0.2870050436380722,0.372763522812795,0.1038500234872584,0.25459151334455665,0.15074148985729824,0.20451974738957374,0.10066972390231534
2025/26,True,0.15,2025/26|2026-05-03|M'gladbach|Dortmund,2026-05-03,M'gladbach,Dortmund,1,0,287,75,home_win,0,0.26325983259260727,0.26408665059087205,0.4726535168165207,0.25781132830075487,0.24566315052742088,0.4965255211718243,0.3830937106152491,0.39869080878682084,0.015597098171571733,0.3826476157658928,-0.0004460948493563155
2025/26,True,0.15,2025/26|2026-05-03|Freiburg|Wolfsburg,2026-05-03,Freiburg,Wolfsburg,1,1,286,74,draw,1,0.5067692347663054,0.24266892862092124,0.2505618366127732,0.4565447077943285,0.2607010169856193,0.2827542752200523,0.15979814563619643,0.1441915251851129,-0.01560662045108352,0.15121744519093144,-0.008580700445264988
2025/26,True,0.15,2025/26|2026-05-02|Werder Bremen|Augsburg,2026-05-02,Werder Bremen,Augsburg,1,3,285,73,away_win,2,0.4095288008903035,0.26973122836970587,0.32073997073999033,0.48547617830301,0.24527984924733226,0.2692439724496578,0.31455401305447933,0.3848457457504262,0.07029173269594685,0.31542564290585756,0.0008716298513782306
2025/26,True,0.15,2025/26|2026-05-02|Union Berlin|FC Koln,2026-05-02,Union Berlin,FC Koln,2,2,284,72,draw,1,0.42214118765632286,0.26647034365806127,0.311388468685616,0.35892355133936865,0.27797936765452586,0.3630970810061055,0.1375829803731318,0.13033280297060937,-0.007250177402522429,0.13205122913472128,-0.005531751238410515
2025/26,True,0.15,2025/26|2026-05-02|Hoffenheim|Stuttgart,2026-05-02,Hoffenheim,Stuttgart,3,3,282,70,draw,1,0.41070134178478845,0.23754995234517617,0.3517487058700354,0.4331496318251285,0.23507618209604966,0.33177418607882186,0.14620137211253514,0.14884635704925453,0.0026449849367193856,0.14731371958180028,0.0011123474692651403
2025/26,True,0.15,2025/26|2026-04-12|FC Koln|Werder Bremen,2026-04-12,FC Koln,Werder Bremen,3,1,259,47,home_win,0,0.40463139826292044,0.2871866979684966,0.3081819037685825,0.4101197650653649,0.27786220769221465,0.31201802724242045,0.22471992887239672,0.22265697044539604,-0.0020629584270006884,0.18975601740725653,-0.03496391146514019
2025/26,True,0.15,2025/26|2026-03-21|Bayern Munich|Union Berlin,2026-03-21,Bayern Munich,Union Berlin,4,0,236,24,home_win,0,0.7154868426535783,0.15671249358851452,0.12780066375790708,0.8301656274712479,0.10819921096222723,0.061635161566524974,0.04864037318009568,0.01632130361678329,-0.03231906956331239,0.0419561363665175,-0.00668423681357818
2025/26,True,0.15,2025/26|2026-04-11|St Pauli|Bayern Munich,2026-04-11,St Pauli,Bayern Munich,0,5,257,45,away_win,2,0.13018770730881365,0.1337545971589763,0.73605769553221,0.11413900622507646,0.1696605119656652,0.7162004818092583,0.043307189611046445,0.04678493963367258,0.003477750022626132,0.06364957584973288,0.020342386238686436
2025/26,True,0.15,2025/26|2026-03-14|Leverkusen|Bayern Munich,2026-03-14,Leverkusen,Bayern Munich,1,1,231,19,draw,1,0.38863127091529204,0.2231536832091968,0.3882150458755113,0.19085049186766412,0.2006586541906276,0.6084908539417083,0.15087259328868016,0.2033425147884194,0.052469921499739225,0.17118283654953317,0.02031024326085301
2025/26,True,0.15,2025/26|2026-03-14|Hoffenheim|Wolfsburg,2026-03-14,Hoffenheim,Wolfsburg,1,1,230,18,draw,1,0.6498928395456836,0.18053073374717585,0.16957642670714065,0.6657929389807662,0.188886930374825,0.1453201306444087,0.2255584336937569,0.23219908898357713,0.0066406552898202464,0.2327669476790757,0.0072085139853187985
2025/26,True,0.15,2025/26|2026-03-14|Hamburg|FC Koln,2026-03-14,Hamburg,FC Koln,1,1,229,17,draw,1,0.4416761277935392,0.2689927439511232,0.2893311282553377,0.40323000781453505,0.2719458192237562,0.32482417296170873,0.1393951518201007,0.13405259127118405,-0.005342560548916658,0.1347451058089645,-0.004650046011136194
2025/26,True,0.15,2025/26|2026-03-14|Ein Frankfurt|Heidenheim,2026-03-14,Ein Frankfurt,Heidenheim,1,0,228,16,home_win,0,0.5663044556307547,0.23134206344080668,0.2023534809284386,0.5829338611816343,0.22031068462498388,0.19675545419338183,0.11451937822479599,0.10632843645185214,-0.008190941772943855,0.10496721978927687,-0.009552158435519126
2025/26,True,0.15,2025/26|2026-03-14|Dortmund|Augsburg,2026-03-14,Dortmund,Augsburg,2,0,227,15,home_win,0,0.5954487647956489,0.2198482145246561,0.18470302067969463,0.6133398451126769,0.20993511477011093,0.17672504011721202,0.09888845387678502,0.09036890759095945,-0.008519546285825574,0.10906322804326349,0.010174774166478467
2025/26,True,0.15,2025/26|2026-03-13|M'gladbach|St Pauli,2026-03-13,M'gladbach,St Pauli,2,0,226,14,home_win,0,0.5200868069298483,0.2802735680372305,0.19963962503292126,0.4909610506373823,0.28416230506587886,0.22487664429673868,0.135086326383037,0.15484507855917987,0.01975875217614287,0.22160416849901457,0.08651784211597757
2025/26,True,0.15,2025/26|2026-03-08|Union Berlin|Werder Bremen,2026-03-08,Union Berlin,Werder Bremen,1,4,225,13,away_win,2,0.4575985132262197,0.28964010847361354,0.2527613783001667,0.3960571274059143,0.29517465155723804,0.3087682210368477,0.3838809785333566,0.31733131020879446,-0.06654966832456216,0.40314012935447663,0.019259150821120008
2025/26,True,0.15,2025/26|2026-03-08|St Pauli|Ein Frankfurt,2026-03-08,St Pauli,Ein Frankfurt,0,0,224,12,draw,1,0.263406647630627,0.28151731759709264,0.45507603477228026,0.3701787626657879,0.2866628223082626,0.3431584150259494,0.13823862972003353,0.12739500706594775,-0.010843622654085783,0.13053612903924888,-0.007702500680784652
2025/26,True,0.15,2025/26|2026-03-07|Wolfsburg|Hamburg,2026-03-07,Wolfsburg,Hamburg,1,2,223,11,away_win,2,0.46484452370261864,0.25402756558341383,0.28112791071396787,0.3668807026625092,0.2786986940106895,0.35442060332680136,0.36642875598538993,0.2756871036975338,-0.09074165228785613,0.29824215150755384,-0.06818660447783609
2025/26,True,0.15,2025/26|2026-03-15|Freiburg|Union Berlin,2026-03-15,Freiburg,Union Berlin,0,1,232,20,away_win,2,0.4092389768693488,0.28996247120942437,0.3007985519212267,0.49662450863100327,0.2651469834216373,0.2382285079473594,0.32817960259226236,0.4134658543385459,0.08528625174628351,0.38574155885820605,0.05756195626594368
2025/26,True,0.15,2025/26|2026-03-07|RB Leipzig|Augsburg,2026-03-07,RB Leipzig,Augsburg,2,1,222,10,home_win,0,0.6998984470476176,0.1691576737096022,0.1309438792427803,0.7043744709262815,0.17284465799482554,0.1227808710788931,0.053603620797789686,0.051234797871503875,-0.0023688229262858115,0.17364960254384848,0.1200459817460588
2025/26,True,0.15,2025/26|2026-03-07|Heidenheim|Hoffenheim,2026-03-07,Heidenheim,Hoffenheim,2,4,220,8,away_win,2,0.27270546193533735,0.21037112285666854,0.516923415207994,0.17262150445643498,0.2054838039919051,0.6218946915516599,0.15386562787183689,0.08638090403880871,-0.06748472383302817,0.16865637317577564,0.014790745303938757
2025/26,True,0.15,2025/26|2026-03-07|Freiburg|Leverkusen,2026-03-07,Freiburg,Leverkusen,3,3,219,7,draw,1,0.30734978022094234,0.27214806037114636,0.4205021594079111,0.3196099411507222,0.27882885073683183,0.40156120811244594,0.135642976734289,0.13170095917154764,-0.003942017562741346,0.12809362600295726,-0.007549350731331728
2025/26,True,0.15,2025/26|2026-03-07|FC Koln|Dortmund,2026-03-07,FC Koln,Dortmund,1,2,218,6,away_win,2,0.2673141434404918,0.24240947513478595,0.49027638142472235,0.23257551250454392,0.23788815111505382,0.5295363363804023,0.16563750930839957,0.13771371390156265,-0.027923795406836927,0.20065738062675587,0.035019871318356294
2025/26,True,0.15,2025/26|2026-03-06|Bayern Munich|M'gladbach,2026-03-06,Bayern Munich,M'gladbach,4,1,217,5,home_win,0,0.7460517135011461,0.14088930771558894,0.11305897878326503,0.7783720052332466,0.13302685400172717,0.08860114076502618,0.03863603244960938,0.028484565104598042,-0.010151467345011336,0.039092013935174266,0.00045598148556488804
2025/26,True,0.15,2025/26|2026-03-04|Hamburg|Leverkusen,2026-03-04,Hamburg,Leverkusen,0,1,216,4,away_win,2,0.29551750364211526,0.2767709513208894,0.42771154503699566,0.26510003670051274,0.2585273085178554,0.47637265478163193,0.20742233532140536,0.17223181305952467,-0.035190522261880686,0.2844456558290559,0.07702332050765054
2025/26,True,0.15,2025/26|2026-03-01|Stuttgart|Wolfsburg,2026-03-01,Stuttgart,Wolfsburg,4,0,215,3,home_win,0,0.6359306534479023,0.18630366637294318,0.17776568017915448,0.6844788936041284,0.1736548304143807,0.14186627598149104,0.0820735630742144,0.059839804421065734,-0.022233758653148666,0.10703075580280778,0.024957192728593383
2025/26,True,0.15,2025/26|2026-03-01|Hamburg|RB Leipzig,2026-03-01,Hamburg,RB Leipzig,1,2,214,2,away_win,2,0.29498134712824914,0.2517758723899327,0.45324278048181826,0.25244618395303325,0.24266144814090015,0.5048923679060665,0.1929787261244249,0.1544303215750552,-0.0385484045493697,0.3310495094843943,0.13807078335996942
2025/26,True,0.15,2025/26|2026-03-01|Ein Frankfurt|Freiburg,2026-03-01,Ein Frankfurt,Freiburg,2,0,213,1,home_win,0,0.47038649059540777,0.2705815283194832,0.25903198108510916,0.4221246581258097,0.2716280408809558,0.3062473009932345,0.17379401828436217,0.21386366005592655,0.040069641771564385,0.17194623546882373,-0.0018477828155384346
2025/26,True,0.15,2025/26|2026-05-16|Union Berlin|Augsburg,2026-05-16,Union Berlin,Augsburg,4,0,305,93,home_win,0,0.3634414299941331,0.25890587025983086,0.37765269974603566,0.3717382450285299,0.23621847975230628,0.3920432752191639,0.2739141873366919,0.2742053812022003,0.0002911938655083546,0.25592670471653606,-0.01798748262015587
2025/26,True,0.15,2025/26|2026-03-07|Mainz|Stuttgart,2026-03-07,Mainz,Stuttgart,2,2,221,9,draw,1,0.34993640631157374,0.22796814770400817,0.4220954459844183,0.27027672895856236,0.24876929694594466,0.48095397409549306,0.1503100269915218,0.15218311770739418,0.001873090715872383,0.1401628880399456,-0.010147138951576207
2025/26,True,0.15,2025/26|2026-04-11|Wolfsburg|Ein Frankfurt,2026-04-11,Wolfsburg,Ein Frankfurt,1,2,258,46,away_win,2,0.3403348715877682,0.2647840260365494,0.39488110237568264,0.38084910088535684,0.2588090575077287,0.3603418416069145,0.240998352540366,0.27710429862200925,0.03610594608164325,0.22816246815374983,-0.012835884386616175
2025/26,True,0.15,2025/26|2026-03-15|Stuttgart|RB Leipzig,2026-03-15,Stuttgart,RB Leipzig,1,0,233,21,home_win,0,0.3879745337502163,0.22422873905618837,0.3877967271935952,0.390824590538105,0.23989233178809513,0.3692830776737999,0.26248073648016446,0.2537323354746506,-0.008748401005513828,0.14642684144389245,-0.116053895036272
2025/26,True,0.15,2025/26|2026-03-20|RB Leipzig|Hoffenheim,2026-03-20,RB Leipzig,Hoffenheim,5,0,235,23,home_win,0,0.5299007224129021,0.21715682629815142,0.2529424512889463,0.4930695202528009,0.23538494685435218,0.2715455328928469,0.1424866072259862,0.16535774386539284,0.022871136639406653,0.2459156609491026,0.10342905372311642
2025/26,True,0.15,2025/26|2026-04-11|RB Leipzig|M'gladbach,2026-04-11,RB Leipzig,M'gladbach,1,0,256,44,home_win,0,0.6096899990065426,0.2126199063773363,0.1776900946161211,0.6433104976828531,0.19856941366109207,0.1581200886560548,0.09195783330009938,0.0761146817499263,-0.015843151550173074,0.13387453389348372,0.04191670059338434
2025/26,True,0.15,2025/26|2026-04-11|Heidenheim|Union Berlin,2026-04-11,Heidenheim,Union Berlin,3,1,255,43,home_win,0,0.3406259962629764,0.29199156054629805,0.3673824431907254,0.3427508319791074,0.2770316459064172,0.3802175221144754,0.28487196818448957,0.28827091649351355,0.003398948309023986,0.2492728354328787,-0.03559913275161086
2025/26,True,0.15,2025/26|2026-04-11|Dortmund|Leverkusen,2026-04-11,Dortmund,Leverkusen,0,1,254,42,away_win,2,0.5321836453097952,0.22623550271109844,0.24158085197910673,0.45676624264703103,0.2482687229163282,0.29496503443664074,0.4292095182099801,0.35285485154440677,-0.07635466666557333,0.43878438932349595,0.009574871113515848
2025/26,True,0.15,2025/26|2026-04-10|Augsburg|Hoffenheim,2026-04-10,Augsburg,Hoffenheim,2,2,253,41,draw,1,0.3145670770801243,0.22995287983157703,0.4554800430882985,0.27140379767126677,0.244546130193381,0.4840500721353521,0.1532072578172256,0.15398224686231282,0.0007749890450872154,0.13806014683300732,-0.015147110984218282
2025/26,True,0.15,2025/26|2026-04-05|Union Berlin|St Pauli,2026-04-05,Union Berlin,St Pauli,1,1,252,40,draw,1,0.5137047633944415,0.2833614179646957,0.20293381864086305,0.46053670977497907,0.29543864400659037,0.24402464621843045,0.15253735934115084,0.13582104450619675,-0.016716314834954088,0.12560328588793973,-0.02693407345321111
2025/26,True,0.15,2025/26|2026-04-05|Ein Frankfurt|FC Koln,2026-04-05,Ein Frankfurt,FC Koln,2,2,251,39,draw,1,0.4962438844787845,0.2812771046412951,0.2224790108799206,0.4940061732826071,0.25367884573971716,0.2523149809776757,0.14787745158235047,0.15385247443354502,0.005975022851194556,0.16369936637743435,0.01582191479508388
2025/26,True,0.15,2025/26|2026-04-04|Werder Bremen|RB Leipzig,2026-04-04,Werder Bremen,RB Leipzig,1,2,250,38,away_win,2,0.2777887895149269,0.2564308502355065,0.4657803602495669,0.2514424536896447,0.23747342848466446,0.5110841178256909,0.1812786175376256,0.15113102367987602,-0.030147593857749594,0.22017582844795042,0.0388972109103248
2025/26,True,0.15,2025/26|2026-04-04|Stuttgart|Dortmund,2026-04-04,Stuttgart,Dortmund,0,2,249,37,away_win,2,0.4473118212783591,0.2260604889292794,0.3266276897923615,0.4025051780254463,0.24359404280501032,0.3539007791695434,0.32675906680486744,0.2897273107475096,-0.03703175605735781,0.3097657464401921,-0.016993320364675324
2025/26,True,0.15,2025/26|2026-04-04|M'gladbach|Heidenheim,2026-04-04,M'gladbach,Heidenheim,2,2,248,36,draw,1,0.5475788905383578,0.24411857651590177,0.20830253294574017,0.5911462595318208,0.22273046271459598,0.1861232777535832,0.17161629329741507,0.19204788734010014,0.020431594042685075,0.1681911924043918,-0.0034251008930232807
2025/26,True,0.15,2025/26|2026-03-15|Werder Bremen|Mainz,2026-03-15,Werder Bremen,Mainz,0,2,234,22,away_win,2,0.4366833511287105,0.25846677138384255,0.3048498774874466,0.4192169001499825,0.26984076331493123,0.3109423365350864,0.3369630209911091,0.32527163647554336,-0.011691384515565728,0.2960844781752746,-0.04087854281583447
2025/26,True,0.15,2025/26|2026-04-04|Leverkusen|Wolfsburg,2026-04-04,Leverkusen,Wolfsburg,6,3,247,35,home_win,0,0.6907223784244414,0.17571825573215927,0.1335593658433994,0.6608486307553415,0.19229611796569362,0.1468552512789648,0.05674537570596271,0.06829505804436731,0.011549682338404595,0.1100167632887056,0.05327138758274289
2025/26,True,0.15,2025/26|2026-04-04|Hamburg|Augsburg,2026-04-04,Hamburg,Augsburg,1,1,245,33,draw,1,0.4099481397617874,0.2550429169566481,0.33500894328156455,0.3958544911718282,0.27839025046802157,0.3257552583601503,0.14014423468639023,0.1314086332650976,-0.008735601421292621,0.1440423990939761,0.0038981644075858635
2025/26,True,0.15,2025/26|2026-04-04|Freiburg|Bayern Munich,2026-04-04,Freiburg,Bayern Munich,2,3,244,32,away_win,2,0.2182587451709287,0.1937359894286401,0.5880052654004312,0.17247700930103785,0.20315621702920508,0.624366773669757,0.10868827059067876,0.0854243197303489,-0.023263950860329854,0.10421821305596604,-0.004470057534712718
2025/26,True,0.15,2025/26|2026-03-22|St Pauli|Freiburg,2026-03-22,St Pauli,Freiburg,1,2,243,31,away_win,2,0.3128758817929126,0.3092324408478439,0.3778916773592434,0.3525264394829612,0.3125734430082256,0.33490011750881316,0.24245504125329403,0.2833163721121622,0.04086133085886817,0.3058168702566275,0.06336182900333348
2025/26,True,0.15,2025/26|2026-03-22|Mainz|Ein Frankfurt,2026-03-22,Mainz,Ein Frankfurt,2,1,242,30,home_win,0,0.5111021125951877,0.25416596105258965,0.23473192635222231,0.436941433453512,0.26764218858263555,0.29541637796385245,0.14706011077895692,0.2021528928653338,0.055092782086376885,0.22618507909421987,0.07912496831526294
2025/26,True,0.15,2025/26|2026-03-22|Augsburg|Stuttgart,2026-03-22,Augsburg,Stuttgart,2,5,241,29,away_win,2,0.3002047311295694,0.22688798735727264,0.4729072815131583,0.27819995738747866,0.2506775017101077,0.47112254090241357,0.18397480723721318,0.17855329151595706,-0.005421515721256126,0.24182325609399466,0.057848448856781476
2025/26,True,0.15,2025/26|2026-03-21|Wolfsburg|Werder Bremen,2026-03-21,Wolfsburg,Werder Bremen,0,1,240,28,away_win,2,0.3476235342123132,0.2730370700537172,0.37933939573396946,0.4017120048731225,0.26257153391148225,0.33571646121539517,0.2530308536130666,0.3013225773796905,0.048291723766623884,0.339724876942108,0.08669402332904141
2025/26,True,0.15,2025/26|2026-03-21|Heidenheim|Leverkusen,2026-03-21,Heidenheim,Leverkusen,3,3,239,27,draw,1,0.21924549882792396,0.21371821117789733,0.5670362899941789,0.1785639168329631,0.2046857125268682,0.6167503706401687,0.1847993714633338,0.2061330460397574,0.0213336745764236,0.13963917522365174,-0.045160196239682066
2025/26,True,0.15,2025/26|2026-03-21|FC Koln|M'gladbach,2026-03-21,FC Koln,M'gladbach,3,3,238,26,draw,1,0.3696358069180775,0.2718879114345884,0.3584762816473339,0.40796503156872277,0.2792617775619233,0.31277319086935407,0.13256793712983855,0.13213126795473312,-0.0004366691751054308,0.13650518196867817,0.003937244838839615
2025/26,True,0.15,2025/26|2026-03-21|Dortmund|Hamburg,2026-03-21,Dortmund,Hamburg,3,2,237,25,home_win,0,0.6587806266973423,0.19635921199863493,0.14486016130402274,0.6668340457066264,0.19670209298040653,0.1364638613129671,0.068707563525043,0.0648109692723295,-0.0038965942527134922,0.0960073500284741,0.02729978650343111
2025/26,True,0.15,2025/26|2026-04-04|Hoffenheim|Mainz,2026-04-04,Hoffenheim,Mainz,1,2,246,34,away_win,2,0.536532199289054,0.2204912574209508,0.2429765432899953,0.5535609090627229,0.23824140390041237,0.20819768703686484,0.43047565744155686,0.4666902914280595,0.03621463398650265,0.40323920748179265,-0.02723644995976421
2025/26,True,0.15,2025/26|2026-05-16|Werder Bremen|Dortmund,2026-05-16,Werder Bremen,Dortmund,0,2,306,94,away_win,2,0.2422327059770601,0.24663307101418272,0.5111342230087574,0.2990326015541811,0.23679739006320938,0.4641700083826095,0.1488332158791102,0.18826713835447723,0.039433922475367034,0.1619594946750508,0.01312627879594061
