season,holdout_game,rps_v2,rps_book,d_book_v2,rps_paper,d_paper_v2
2016/17,1,0.3336250325466019,0.24513920836813544,-0.08848582417846648,0.229738903711967,-0.10388612883463491
2016/17,67,0.2622971961198066,0.17229880463068953,-0.08999839148911709,0.25159478199806884,-0.01070241412173778
2016/17,66,0.1480544743469757,0.223273198298235,0.07521872395125931,0.2623090712727457,0.11425459692577003
2016/17,65,0.17829418566108052,0.06725531808117628,-0.11103886757990424,0.07675580465784525,-0.10153838100323527
2016/17,64,0.2117589185252923,0.23678059003957147,0.02502167151427917,0.19241831403302667,-0.01934060449226563
2016/17,63,0.2514901323834588,0.28901320439969136,0.03752307201623256,0.21301544495738584,-0.03847468742607296
2016/17,62,0.31288945805972435,0.367204693765673,0.05431523570594865,0.3602370815191664,0.047347623459442045
2016/17,61,0.27714463129583844,0.362126630893493,0.08498199959765457,0.21502586430524695,-0.06211876699059149
2016/17,60,0.16214815590373172,0.20484591237756217,0.04269775647383045,0.2243092575711591,0.06216110166742739
2016/17,59,0.16915270683053168,0.12564004630300332,-0.04351266052752836,0.10996638717110509,-0.0591863196594266
2016/17,58,0.1158531928208564,0.05204818716718542,-0.06380500565367098,0.194844743781242,0.0789915509603856
2016/17,57,0.3237884740484889,0.3645941072470986,0.04080563319860975,0.36787795962297637,0.0440894855744875
2016/17,56,0.1383776032859206,0.1417675321676985,0.003389928881777887,0.12693217501262027,-0.011445428273300334
2016/17,55,0.24885174969572607,0.3684472558959955,0.1195955062002694,0.24595146699320886,-0.002900282702517215
2016/17,54,0.07247462447177655,0.1272948535245502,0.054820229052773645,0.17865685286516353,0.10618222839338698
2016/17,53,0.27718203128579255,0.3511717616985905,0.07398973041279794,0.23930216078769043,-0.037879870498102125
2016/17,52,0.5412021116861924,0.6786383633177541,0.1374362516315617,0.4670608917606622,-0.07414121992553019
2016/17,51,0.3161886468037943,0.2867422733542181,-0.029446373449576235,0.16551022603242552,-0.1506784207713688
2016/17,50,0.36948298886211023,0.3341665266499756,-0.035316462212134636,0.3161729699739554,-0.05331001888815484
2016/17,49,0.1428485330466426,0.18274315901158927,0.03989462596494667,0.2975830530606728,0.15473452001403018
2016/17,68,0.1352487660871614,0.13381914860852234,-0.001429617478639067,0.13881295510015612,0.003564189012994712
2016/17,70,0.4114974293505287,0.28399907166724686,-0.12749835768328183,0.40234100355952,-0.009156425791008671
2016/17,71,0.010156402329222752,0.005397626883248337,-0.004758775445974414,0.05424332347622828,0.044086921147005534
2016/17,72,0.07326848119776719,0.07259979472329156,-0.0006686864744756271,0.19500409691616546,0.12173561571839828
2016/17,92,0.35501751810443805,0.23423092058104572,-0.12078659752339233,0.22265892863101538,-0.13235858947342266
2016/17,91,0.2139587599733122,0.369565983614964,0.1556072236416518,0.35478497984515384,0.14082621987184163
2016/17,90,0.24571413177369447,0.31009274247032337,0.0643786106966289,0.16559458875764402,-0.08011954301605045
2016/17,89,0.21131526920992003,0.23767487547378485,0.026359606263864827,0.23482790801215633,0.023512638802236308
2016/17,88,0.13032248344456884,0.13797774234236088,0.007655258897792033,0.13366015031379042,0.0033376668692215727
2016/17,87,0.026071846841058583,0.017860577506907067,-0.008211269334151516,0.13068334930309386,0.10461150246203528
2016/17,86,0.019638911460882535,0.013138021400510529,-0.0065008900603720065,0.04797267494863316,0.028333763487750623
2016/17,85,0.11868120071515026,0.13018589937752856,0.011504698662378299,0.1450820850642902,0.026400884349139953
2016/17,84,0.23193758795480166,0.06720646654688756,-0.1647311214079141,0.14201955710563702,-0.08991803084916464
2016/17,48,0.12442897824116118,0.13525879137713864,0.010829813135977459,0.1388631967598831,0.014434218518721911
2016/17,83,0.13698484335539743,0.13261177341292232,-0.004373069942475105,0.14341321523261039,0.006428371877212957
2016/17,81,0.31513551848347354,0.26286895046236386,-0.05226656802110968,0.33704023284455675,0.02190471436108321
2016/17,80,0.1328274557611635,0.13374603927211642,0.0009185835109529195,0.15198663707994392,0.019159181318780416
2016/17,79,0.1898658905335822,0.21447647345179915,0.024610582918216967,0.36194799494150653,0.17208210440792435
2016/17,78,0.2386777959364258,0.1334990712062454,-0.10517872473018039,0.1874642235454386,-0.0512135723909872
2016/17,77,0.1272221012810386,0.10660570449300369,-0.020616396788034924,0.3260836975929928,0.19886159631195421
2016/17,76,0.20912645612774336,0.16803301798753967,-0.04109343814020369,0.1709189880537126,-0.03820746807403075
2016/17,75,0.15802088855579535,0.14764095479504952,-0.010379933760745835,0.1315074960472245,-0.02651339250857085
2016/17,74,0.1136302125431955,0.12992434938161918,0.01629413683842368,0.1417681565363877,0.028137943993192194
2016/17,73,0.3518284177933627,0.39567046514367527,0.04384204735031255,0.28889754602518164,-0.06293087176818107
2016/17,82,0.23814018363798717,0.25034383638224156,0.01220365274425439,0.13612567844047796,-0.10201450519750921
2016/17,47,0.18153741825792002,0.1927157893282149,0.011178371070294874,0.11262857537918314,-0.06890884287873689
2016/17,69,0.1999691752603066,0.1680382767916862,-0.031930898468620406,0.1848325995438711,-0.015136575716435507
2016/17,45,0.18929516019085021,0.1823012933838918,-0.006993866806958404,0.1305376752542368,-0.058757484936613424
2016/17,21,0.3373871657254281,0.30671346399160937,-0.030673701733818726,0.17626444453630644,-0.16112272118912166
2016/17,20,0.1807668973799288,0.14581872300068444,-0.03494817437924436,0.14986535921117627,-0.030901538168752518
2016/17,19,0.24176813741748077,0.21663672277793292,-0.02513141463954785,0.17760199185612813,-0.06416614556135264
2016/17,18,0.06415723299442033,0.04318183381600878,-0.020975399178411555,0.08212175847581481,0.017964525481394475
2016/17,17,0.1512549452677611,0.15349146368561759,0.0022365184178564923,0.12839350089677942,-0.02286144437098167
2016/17,16,0.29024620207492663,0.1788435469065618,-0.11140265516836484,0.22625302322052918,-0.06399317885439745
2016/17,15,0.11324465852501409,0.12469625451683068,0.011451595991816596,0.11786119041380247,0.004616531888788383
2016/17,14,0.3377819411432812,0.33508344860679934,-0.0026984925364818557,0.31402550883076563,-0.023756432312515563
2016/17,12,0.27356342676928025,0.25040791191310585,-0.023155514856174397,0.26302422525911945,-0.0105392015101608
2016/17,22,0.3582159975032464,0.5456724484973243,0.18745645099407793,0.2379858998238757,-0.1202300976793707
2016/17,11,0.16623687454500136,0.04611861768960082,-0.12011825685540053,0.22717902305158255,0.060942148506581195
2016/17,9,0.14064615605324776,0.12889249531072983,-0.011753660742517935,0.13716619185314236,-0.0034799642001054065
2016/17,8,0.13819251261735227,0.12391594294584836,-0.014276569671503911,0.1347959492035151,-0.003396563413837178
2016/17,7,0.17758701828399254,0.22980483242960265,0.05221781414561011,0.22243556654433738,0.044848548260344845
2016/17,6,0.14550673396562708,0.20403391895510953,0.05852718498948245,0.13270150151221377,-0.012805232453413307
2016/17,5,0.31270513557235874,0.36038734352988333,0.04768220795752459,0.2547932274010261,-0.05791190817133263
2016/17,4,0.07375735003069221,0.0905224187966552,0.01676506876596298,0.18297225379417387,0.10921490376348165
2016/17,3,0.02151187548559003,0.035019794426228025,0.013507918940637995,0.08157178783280819,0.060059912347218164
2016/17,2,0.09872972858583719,0.1071413767721055,0.008411648186268314,0.15770927559873515,0.05897954701289797
2016/17,46,0.45515258216919596,0.4472390291237436,-0.007913553045452382,0.30010684608557797,-0.155045736083618
2016/17,10,0.2901536190461738,0.2461619733388538,-0.043991645707320004,0.31192373017374925,0.02177011112757543
2016/17,23,0.02519385014272573,0.03151063419838458,0.006316784055658851,0.10617647361819117,0.08098262347546545
2016/17,13,0.021015341190006878,0.009294481511636936,-0.011720859678369942,0.062000841579243106,0.04098550038923623
2016/17,44,0.18503776848846473,0.17861166367566703,-0.006426104812797706,0.22014693626128345,0.03510916777281872
2016/17,24,0.25078844912652487,0.22654424036660786,-0.024244208759917008,0.15245475711890547,-0.0983336920076194
2016/17,43,0.1054209239716169,0.04961278291260019,-0.05580814105901671,0.07503694757889529,-0.030383976392721612
2016/17,42,0.12407045629912455,0.1649823390925416,0.04091188279341704,0.17601395322572913,0.051943496926604577
2016/17,41,0.10285937164923306,0.05326683872976948,-0.04959253291946358,0.10948714097817999,0.006627769328946931
2016/17,40,0.10374431876390527,0.12252424364485648,0.018779924880951204,0.10021983012258255,-0.0035244886413227233
2016/17,39,0.3216685089573885,0.28119147904972475,-0.040477029907663775,0.26424157260157166,-0.05742693635581686
2016/17,37,0.1505919079271611,0.12851704317784532,-0.022074864749315776,0.13679981223806192,-0.01379209568909917
2016/17,36,0.36750223594483417,0.2543518601392933,-0.11315037580554088,0.3561120525750127,-0.01139018336982145
2016/17,35,0.1449316339629446,0.06164484405237658,-0.08328678991056801,0.12966335988191288,-0.015268274081031707
2016/17,34,0.3816132404750422,0.28517362142711805,-0.09643961904792414,0.33583500823773565,-0.04577823223730654
2016/17,38,0.08539692833994143,0.0621162603814722,-0.023280667958469232,0.12342124026049936,0.03802431192055793
2016/17,25,0.290326000616698,0.2918678654907526,0.0015418648740546104,0.3824430374334645,0.09211703681676653
2016/17,32,0.24244998852132366,0.2875667539885253,0.04511676546720167,0.17091781697646563,-0.07153217154485803
2016/17,31,0.151606200126742,0.17477695492558035,0.023170754798838344,0.1390636722199759,-0.012542527906766104
2016/17,30,0.15927592830322287,0.1466139387819335,-0.012661989521289385,0.12329462266942243,-0.03598130563380045
2016/17,29,0.49603299118466937,0.5420028991477268,0.045969907963057444,0.412881313009701,-0.08315167817496838
2016/17,28,0.14530181497051506,0.14113366366602914,-0.0041681513044859175,0.17899563595788875,0.033693820987373696
2016/17,27,0.32021930018250866,0.19552827453422283,-0.12469102564828582,0.2411333769043802,-0.07908592327812847
2016/17,26,0.13104555508384594,0.10710165352790914,-0.0239439015559368,0.2913641053785272,0.16031855029468126
2016/17,33,0.18216719396241288,0.14350692327740458,-0.0386602706850083,0.11709138602625901,-0.06507580793615386
2017/18,62,0.40997257668605724,0.4210851646496294,0.011112587963572174,0.40868415432931426,-0.0012884223567429798
2017/18,63,0.2389629787527447,0.19141362949251314,-0.04754934926023155,0.18771948299193664,-0.051243495760808055
2017/18,64,0.0535633515875831,0.058819342832819206,0.005255991245236104,0.13383114165754786,0.08026779006996476
2017/18,65,0.16263685047991852,0.2147516935726132,0.05211484309269468,0.17556647454058272,0.012929624060664197
2017/18,69,0.18165567026227933,0.18247505702548303,0.0008193867632037,0.22411724170795727,0.04246157144567794
2017/18,67,0.056375680092882144,0.03580702146587372,-0.02056865862700842,0.10626538298805803,0.049889702895175886
2017/18,68,0.12180468751487229,0.14213584525625567,0.020331157741383374,0.14319296397866121,0.02138827646378892
2017/18,61,0.24207500427183354,0.17095545897042638,-0.07111954530140716,0.21127923012337232,-0.030795774148461214
2017/18,66,0.13029378613331705,0.13703217610418544,0.006738389970868397,0.12868656935830702,-0.001607216775010023
2017/18,60,0.34439291962025875,0.3056503725145956,-0.03874254710566316,0.33089014576976317,-0.013502773850495586
2017/18,50,0.06730366596421186,0.07647563829149737,0.009171972327285505,0.12523307140633286,0.057929405442120996
2017/18,58,0.14430625644034423,0.11267835146187177,-0.031627904978472454,0.19305097727488288,0.04874472083453865
2017/18,57,0.23208370604510112,0.1797910828226773,-0.05229262322242381,0.15285740862141553,-0.07922629742368559
2017/18,56,0.1427198270472419,0.1339662930941034,-0.008753533953138493,0.14164860709052396,-0.0010712199567179392
2017/18,55,0.23375077484978896,0.3195009553708097,0.08575018052102074,0.17843315794706088,-0.05531761690272807
2017/18,54,0.10936662262986568,0.10775011312948098,-0.001616509500384708,0.17700382290857078,0.0676372002787051
2017/18,53,0.15497825937236298,0.16942651577233375,0.014448256399970771,0.13228604807762046,-0.022692211294742526
2017/18,52,0.022680657508892546,0.04425482368663384,0.021574166177741293,0.06278991268992001,0.04010925518102747
2017/18,51,0.12565098305292186,0.13114727287174194,0.005496289818820083,0.16043404973599495,0.0347830666830731
2017/18,70,0.02884423020735433,0.1753915900539793,0.14654735984662498,0.04593197841248807,0.01708774820513374
2017/18,59,0.18858891944903852,0.23811350025182887,0.04952458080279035,0.2344412314490621,0.04585231200002357
2017/18,71,0.43995736991333917,0.6015648386629538,0.16160746874961468,0.436472075894137,-0.0034852940192021675
2017/18,93,0.36219596096116935,0.1344946118117749,-0.22770134914939444,0.4357106818992395,0.07351472093807015
2017/18,73,0.18243520188211948,0.15979789222266425,-0.022637309659455235,0.1846288939813014,0.0021936920991819098
2017/18,49,0.11709935837918481,0.12936665283250914,0.012267294453324334,0.12417310067228723,0.007073742293102425
2017/18,92,0.20042872705357095,0.22130755981762862,0.020878832764057664,0.20188659213506185,0.0014578650814909
2017/18,91,0.22928635962142568,0.09909386374558216,-0.13019249587584353,0.18209457829684597,-0.04719178132457971
2017/18,90,0.14925288669764442,0.20379617137667114,0.05454328467902672,0.11845321823647487,-0.03079966846116955
2017/18,89,0.32089994073836814,0.2700887927987876,-0.050811147939580525,0.32786529089588756,0.006965350157519423
2017/18,88,0.6464488766594103,0.7786386221936131,0.13218974553420282,0.6289494750810201,-0.01749940157839025
2017/18,87,0.0548978296551277,0.02409786470927684,-0.03079996494585086,0.10635615395139325,0.051458324296265553
2017/18,86,0.2660098109005229,0.1615664045287991,-0.10444340637172378,0.2611633920645766,-0.004846418835946276
2017/18,85,0.30901366878111547,0.222080643813788,-0.08693302496732747,0.2552627919427749,-0.05375087683834057
2017/18,72,0.4190103668470181,0.33039200656375584,-0.08861836028326225,0.3984129730902058,-0.0205973937568123
2017/18,84,0.35342797352002164,0.23603122121334252,-0.11739675230667912,0.27106975547738404,-0.0823582180426376
2017/18,82,0.09630792121275497,0.16243293104940612,0.06612500983665115,0.1470906865819075,0.05078276536915252
2017/18,81,0.03473964951813898,0.03910065644419575,0.004361006926056767,0.09730349321348133,0.06256384369534235
2017/18,80,0.26250580517034305,0.26295734166729173,0.00045153649694867903,0.23695037202235567,-0.02555543314798739
2017/18,79,0.11110829214937076,0.17435424076827988,0.06324594861890911,0.12173704281459831,0.010628750665227546
2017/18,78,0.07729640330950556,0.12393066644409839,0.04663426313459283,0.1838485019513374,0.10655209864183184
2017/18,77,0.21349611282934697,0.3094814282969615,0.09598531546761455,0.23416319342580272,0.02066708059645575
2017/18,76,0.14057526782024646,0.16143426201912725,0.020858994198880793,0.1261163932975658,-0.01445887452268066
2017/18,75,0.13254893338449966,0.16101985105100378,0.028470917666504114,0.12723963368484842,-0.005309299699651243
2017/18,74,0.3009276245789972,0.36756565501633925,0.06663803043734207,0.22544371296248977,-0.07548391161650742
2017/18,83,0.6369243809011851,0.6667038708177747,0.02977948991658963,0.5242553427560006,-0.11266903814518447
2017/18,48,0.24545915650920203,0.3450202179437134,0.09956106143451138,0.369415321326981,0.12395616481777899
2017/18,23,0.22044315837733683,0.17209687636827967,-0.04834628200905716,0.27547828104243655,0.05503512266509972
2017/18,46,0.1425889586881661,0.07567002260868491,-0.06691893607948118,0.1514102198995859,0.008821261211419795
2017/18,20,0.12566766765629928,0.12952159477550237,0.003853927119203099,0.12875228538424985,0.0030846177279505727
2017/18,19,0.09143661253754942,0.13658039084899892,0.0451437783114495,0.17854297071270475,0.08710635817515533
2017/18,18,0.3104488312584426,0.32897121447196304,0.018522383213520455,0.3293395169517017,0.018890685693259135
2017/18,17,0.04019969255201377,0.012251581359152993,-0.027948111192860777,0.070816725142603,0.030617032590589226
2017/18,16,0.11157279317690674,0.12349418862437705,0.011921395447470312,0.13831339484397706,0.02674060166707032
2017/18,15,0.08992538559130357,0.10775477765884772,0.01782939206754415,0.17410240476405914,0.08417701917275557
2017/18,14,0.0818206661277986,0.10998142321939021,0.028160757091591604,0.20276032752102635,0.12093966139322775
2017/18,13,0.21377651241213752,0.21079702031624367,-0.0029794920958938487,0.25008213655133144,0.036305624139193915
2017/18,12,0.2594482843454301,0.2916533555084074,0.03220507116297727,0.3204577689737413,0.061009484628311184
2017/18,21,0.12214318902816257,0.13651448945080583,0.014371300422643257,0.13903620782864945,0.01689301880048688
2017/18,11,0.17495053608884445,0.06396191328478422,-0.11098862280406023,0.18713037679954453,0.01217984071070008
2017/18,9,0.17071477885623448,0.18370363016489588,0.012988851308661398,0.26351898557682035,0.09280420672058587
2017/18,8,0.23800449681927666,0.11706915869162471,-0.12093533812765195,0.17338853178803898,-0.06461596503123768
2017/18,7,0.11856029760600027,0.13655153782462023,0.01799124021861996,0.12517766292819602,0.006617365322195742
2017/18,6,0.1351724998265691,0.13963635287511583,0.00446385304854674,0.13548680271911961,0.000314302892550522
2017/18,5,0.07616531351998301,0.09446232775723246,0.018297014237249443,0.1733247380822011,0.0971594245622181
2017/18,4,0.1667671035673351,0.1448693730752848,-0.021897730492050294,0.12035239980629694,-0.04641470376103815
2017/18,3,0.1635930157919568,0.24124957784250922,0.07765656205055244,0.15232492973291553,-0.011268086059041255
2017/18,2,0.49203931830791703,0.3795058289610485,-0.11253348934686852,0.3848407693569594,-0.10719854895095765
2017/18,47,0.1295937363369161,0.1378660859698641,0.008272349632948012,0.15928634269915604,0.029692606362239943
2017/18,10,0.463378509501846,0.24024313013146753,-0.22313537937037847,0.3542546935936971,-0.1091238159081489
2017/18,22,0.3405191425933898,0.311373092023493,-0.029146050569896775,0.3145580037928144,-0.02596113880057538
2017/18,1,0.5548946038657556,0.5782546295115821,0.02336002564582651,0.4844505477745006,-0.07044405609125504
2017/18,24,0.144978547194473,0.14271289068709733,-0.002265656507375674,0.12894803608253458,-0.016030511111938428
2017/18,44,0.15343701949827362,0.11987167664263249,-0.03356534285564114,0.22784502297500975,0.07440800347673612
2017/18,43,0.3780392393379542,0.41264428310160733,0.03460504376365314,0.3756710608542681,-0.0023681784836860897
2017/18,42,0.10996311424495164,0.06855316460305148,-0.04140994964190016,0.17658713395882558,0.06662401971387394
2017/18,41,0.13414577419817408,0.1461597785766808,0.01201400437850672,0.13841538370187764,0.004269609503703559
2017/18,40,0.26750520782177745,0.3320954941842758,0.06459028636249836,0.2885187389531987,0.021013531131421237
2017/18,39,0.16355837661752815,0.2209407954370682,0.057382418819540065,0.21817196024520738,0.054613583627679235
2017/18,38,0.12988793320509284,0.13510332355921678,0.005215390354123939,0.1330823844647491,0.0031944512596562558
2017/18,37,0.1816534457581946,0.22321436190936167,0.04156091615116708,0.15081924705639735,-0.03083419870179724
2017/18,36,0.17203857076517184,0.08131376891263843,-0.09072480185253341,0.12248213384724868,-0.04955643691792316
2017/18,35,0.18929763259456053,0.18153057091721014,-0.00776706167735039,0.13128789256913492,-0.05800974002542561
2017/18,45,0.3777654391050729,0.33967333509630143,-0.038092104008771444,0.30940276287040647,-0.06836267623466641
2017/18,33,0.16456869776489688,0.124883021140305,-0.03968567662459188,0.13113132517823614,-0.03343737258666074
2017/18,32,0.0688960968811876,0.04640249937942643,-0.02249359750176117,0.09512214994833104,0.026226053067143443
2017/18,31,0.08602919495250747,0.09297639328454593,0.006947198332038468,0.11459934765580441,0.02857015270329695
2017/18,30,0.47806183371500005,0.5119462136143267,0.03388437989932663,0.4007619397342902,-0.07729989398070986
2017/18,29,0.45898970157973623,0.4865239596561515,0.02753425807641524,0.33623166237511004,-0.12275803920462619
2017/18,28,0.08243294488583075,0.06595304230131552,-0.016479902584515232,0.11883869630553881,0.03640575141970806
2017/18,27,0.2860035048267258,0.2664436953003341,-0.01955980952639169,0.2860280079969518,2.4503170226009008e-05
2017/18,26,0.1355244515313031,0.11413395914406692,-0.021390492387236185,0.14516010884211086,0.00963565731080776
2017/18,25,0.43281035687230246,0.3093005726141542,-0.12350978425814824,0.33289069417356376,-0.0999196626987387
2017/18,34,0.2886223767917052,0.1299466498704752,-0.15867572692123003,0.280644751562737,-0.007977625228968221
2018/19,61,0.03883095245189471,0.033393015936636114,-0.005437936515258597,0.06490032596235966,0.026069373510464948
2018/19,62,0.3593942891441224,0.3822233442011025,0.022829055056980074,0.3093350239849727,-0.05005926515914971
2018/19,63,0.19919166095240776,0.2501869520835281,0.050995291131120335,0.19589746174694575,-0.003294199205462006
2018/19,67,0.15747901170642706,0.14488655489525723,-0.012592456811169828,0.13583898734745492,-0.021640024358972137
2018/19,65,0.2717101905411474,0.3700922513820261,0.0983820608408787,0.17252824371454717,-0.09918194682660025
2018/19,66,0.17262740814705854,0.18338904396778838,0.010761635820729837,0.14760001564456657,-0.025027392502491974
2018/19,60,0.29929568760614683,0.32638120923342945,0.027085521627282616,0.3772591926495227,0.07796350504337585
2018/19,64,0.5628541463792467,0.5876577043240139,0.024803557944767185,0.45224435493760773,-0.11060979144163896
2018/19,59,0.20557135566503015,0.3145999100760382,0.10902855441100806,0.33218942597479245,0.1266180703097623
2018/19,54,0.16999227661480898,0.07282825022482843,-0.09716402638998055,0.23349932578640625,0.06350704917159727
2018/19,57,0.11438957993087433,0.11043561234440302,-0.003953967586471305,0.206633645009418,0.09224406507854367
2018/19,56,0.13847313214052337,0.1392144269774999,0.0007412948369765193,0.13247700615290584,-0.005996125987617534
2018/19,55,0.20347669614611932,0.18531637940220577,-0.01816031674391355,0.2108190919916768,0.007342395845557487
2018/19,53,0.1626303990564358,0.2294753188670795,0.0668449198106437,0.144034111156451,-0.018596287899984798
2018/19,52,0.0593735286358603,0.03351506813762951,-0.02585846049823079,0.12540418587104432,0.06603065723518403
2018/19,51,0.024584811762276296,0.01241354275906119,-0.012171269003215105,0.09955615715216197,0.07497134538988567
2018/19,50,0.2460954657798001,0.1691772637342185,-0.07691820204558159,0.1911786912709921,-0.054916774508808
2018/19,49,0.10979226458427607,0.17822146117865273,0.06842919659437666,0.17002688865291932,0.060234624068643244
2018/19,68,0.14909210913576826,0.21281061589038366,0.0637185067546154,0.18477427962935206,0.0356821704935838
2018/19,58,0.5911215057687096,0.5876903146970662,-0.003431191071643358,0.579519606877321,-0.011601898891388629
2018/19,70,0.12785747436705372,0.09786760335667573,-0.02998987101037799,0.09661269429358152,-0.0312447800734722
2018/19,81,0.25490714981662965,0.13029339503025508,-0.12461375478637457,0.2959379706171365,0.04103082080050685
2018/19,72,0.14027317756509233,0.13975641414667528,-0.0005167634184170544,0.1408581086680601,0.0005849311029677562
2018/19,92,0.1240248407964299,0.07241921812779262,-0.05160562266863729,0.2887686153633422,0.1647437745669123
2018/19,91,0.22620897544748364,0.21733855298981658,-0.00887042245766706,0.31269796513456705,0.0864889896870834
2018/19,90,0.12710485772888838,0.042017812398076816,-0.08508704533081157,0.06077869114626847,-0.06632616658261992
2018/19,89,0.4077343567562497,0.20767444962734777,-0.20005990712890193,0.28667663836700147,-0.12105771838924823
2018/19,88,0.16422069703121567,0.19248318123633898,0.02826248420512331,0.144405549959385,-0.019815147071830658
2018/19,87,0.03147605180042664,0.03903517472859139,0.007559122928164748,0.09874473212446952,0.06726868032404287
2018/19,86,0.43847071971316215,0.4525859405179222,0.014115220804760076,0.2872464860090894,-0.15122423370407273
2018/19,85,0.0949497445167773,0.05097854241407067,-0.043971202102706636,0.09413032488457523,-0.0008194196322020703
2018/19,84,0.202235434801372,0.11937550095279442,-0.08285993384857757,0.17517460191825934,-0.027060832883112645
2018/19,71,0.011276362822001057,0.0030956984279659626,-0.008180664394035095,0.025045064585400973,0.013768701763399916
2018/19,83,0.4784910955315228,0.5504177455309475,0.07192664999942466,0.502174158979123,0.023683063447600183
2018/19,48,0.17118438714719,0.22976977729982057,0.05858539015263056,0.2326982358708114,0.061513848723621395
2018/19,80,0.3030635747898211,0.3219777999456313,0.018914225155810205,0.4162505986598056,0.11318702386998453
2018/19,79,0.23619457562027296,0.2559286283594489,0.019734052739175945,0.19209732341801916,-0.0440972522022538
2018/19,78,0.0616142631471219,0.05148759894256999,-0.01012666420455191,0.10335948183883076,0.04174521869170886
2018/19,77,0.25946248089377255,0.3299616660655398,0.07049918517176723,0.26222287289867824,0.0027603920049056874
2018/19,76,0.24192457911337645,0.27677277887162355,0.0348481997582471,0.31080598790901187,0.06888140879563542
2018/19,75,0.6180046635802328,0.5963464061747982,-0.02165825740543459,0.4336211476680476,-0.18438351591218516
2018/19,74,0.17017078214104303,0.1843063227697745,0.014135540628731458,0.1611203843265522,-0.009050397814490824
2018/19,73,0.11967393065587754,0.11163887259955005,-0.008035058056327496,0.20578344529960013,0.08610951464372259
2018/19,82,0.1607214660629985,0.19620482273082981,0.03548335666783131,0.1435659250986742,-0.017155540964324312
2018/19,47,0.061386401483978656,0.04068035610353192,-0.020706045380446736,0.0910744283354249,0.02968802685144624
2018/19,69,0.1389730558347275,0.17019604967095592,0.031222993836228424,0.14849537040433244,0.00952231456960495
2018/19,45,0.6234654130170962,0.5925970021635782,-0.03086841085351799,0.5948031343237297,-0.028662278693366572
2018/19,21,0.18882377724179414,0.22778417318020022,0.038960395938406084,0.16346579558301882,-0.025357981658775314
2018/19,20,0.5201680599356038,0.5298126543633288,0.009644594427725028,0.3557925133575527,-0.1643755465780511
2018/19,19,0.058127274217039074,0.0444400234862102,-0.013687250730828875,0.09386472508314585,0.035737450866106774
2018/19,18,0.015452886298072495,0.010294522959273869,-0.0051583633387986254,0.07322566158318838,0.05777277528511589
2018/19,17,0.13495890213143916,0.1647477128409221,0.029788810709482944,0.19058333267168465,0.05562443054024549
2018/19,16,0.1719873950525216,0.16042567631181526,-0.011561718740706356,0.1551142036907276,-0.01687319136179402
2018/19,15,0.16871536044556365,0.14535683910381236,-0.023358521341751287,0.14185496183628638,-0.026860398609277275
2018/19,14,0.22850390581465232,0.17779428261418495,-0.050709623200467374,0.25307512684686956,0.024571221032217233
2018/19,13,0.09683642136151877,0.09849190468701832,0.0016554833254995571,0.09442658502177455,-0.0024098363397442174
2018/19,22,0.10788155760959299,0.0993059130047477,-0.008575644604845292,0.10065358262960396,-0.0072279749799890325
2018/19,12,0.165951289097238,0.18976002192047375,0.023808732823235756,0.15202596893624093,-0.013925320160997068
2018/19,10,0.04137008202055362,0.0362183429868346,-0.005151739033719016,0.1024295752792237,0.06105949325867008
2018/19,9,0.07848723742127987,0.055938744826616524,-0.02254849259466335,0.1244029059758859,0.04591566855460602
2018/19,8,0.21964034155967085,0.27391772299395156,0.05427738143428071,0.1957742169681984,-0.023866124591472443
2018/19,7,0.2576236727955974,0.23599092486557377,-0.02163274793002362,0.2175509132637614,-0.040072759531836005
2018/19,6,0.30201517431202385,0.23934594977211993,-0.06266922453990392,0.2246819300866431,-0.07733324422538074
2018/19,5,0.05926415004105154,0.03917612993376257,-0.020088020107288967,0.06486640948578729,0.0056022594447357466
2018/19,4,0.03977074076222708,0.024662548937201854,-0.015108191825025225,0.13221321051324567,0.09244246975101858
2018/19,3,0.1608004813974645,0.1949294265613397,0.03412894516387521,0.1496714010357325,-0.011129080361731991
2018/19,2,0.15567999031058136,0.1350385425314794,-0.020641447779101957,0.1356951713905771,-0.019984818920004255
2018/19,11,0.2645237059023614,0.2603699647835499,-0.004153741118811505,0.27593311660063924,0.011409410698277833
2018/19,23,0.11077673776062391,0.08888032362927814,-0.02189641413134577,0.1673321998734861,0.05655546211286219
2018/19,1,0.13155496325721652,0.11206702120022484,-0.019487942056991683,0.20082285759805724,0.06926789434084071
2018/19,24,0.2547487638911442,0.3208790976353028,0.06613033374415861,0.25319986737123573,-0.0015488965199084714
2018/19,44,0.16351101534974455,0.08303310762904148,-0.08047790772070307,0.15484744416623952,-0.008663571183505026
2018/19,43,0.05872053496977367,0.03423534472105953,-0.024485190248714137,0.12086432095426954,0.06214378598449587
2018/19,42,0.12131732169970849,0.09812589479807907,-0.023191426901629425,0.10034749308256544,-0.020969828617143055
2018/19,41,0.07111558801187491,0.0712622997786463,0.0001467117667713902,0.12311555777113925,0.05199996975926434
2018/19,40,0.1357422453422043,0.13218944578199604,-0.003552799560208264,0.24604553801997198,0.11030329267776767
2018/19,46,0.05245222596608629,0.013753271536129654,-0.03869895442995664,0.14498305716386684,0.09253083119778055
2018/19,38,0.14406505769081393,0.15060295321138964,0.0065378955205757094,0.14264548193407106,-0.001419575756742869
2018/19,37,0.12341378209002746,0.13681386464138462,0.013400082551357162,0.21574114862087046,0.092327366530843
2018/19,36,0.2068011644984021,0.20724500827613576,0.0004438437777336546,0.1873319041009515,-0.019469260397450616
2018/19,35,0.08737432755572554,0.06462105087491395,-0.02275327668081159,0.04561365790542128,-0.041760669650304255
2018/19,39,0.12414877507509756,0.13349431172487913,0.009345536649781577,0.12657661357656053,0.00242783850146297
2018/19,33,0.41252295243471526,0.4000128086012274,-0.012510143833487863,0.35017306818644,-0.062349884248275256
2018/19,32,0.06649486882862908,0.06416392035874567,-0.0023309484698834093,0.1345316443818937,0.06803677555326461
2018/19,31,0.27932139953061286,0.28409846561977614,0.004777066089163284,0.23819100290752626,-0.041130396623086596
2018/19,30,0.19029738935861634,0.18942302582633658,-0.0008743635322797649,0.2512579784676915,0.06096058910907515
2018/19,29,0.18463540843114978,0.14584008513370073,-0.03879532329744906,0.23142766117439134,0.04679225274324156
2018/19,28,0.06068856691706137,0.07721860756933259,0.01653004065227122,0.0717050850548289,0.011016518137767523
2018/19,27,0.2670192255072877,0.39613324947529394,0.12911402396800625,0.27251921372789606,0.005499988220608376
2018/19,26,0.09632840007100621,0.07096582684813928,-0.025362573222866933,0.14797123870411366,0.05164283863310745
2018/19,25,0.2671386168774271,0.3182931689133373,0.051154552035910184,0.1528655712715259,-0.11427304560590124
2018/19,34,0.1364326384366121,0.16744048708685771,0.031007848650245612,0.12942821503871674,-0.007004423397895365
2019/20,61,0.20301070404475602,0.3528576782116264,0.14984697416687037,0.3589938433379217,0.1559831392931657
2019/20,62,0.07856281920059699,0.06301160670943325,-0.015551212491163743,0.05574548933905185,-0.022817329861545138
2019/20,63,0.41798908295991755,0.4038160369495385,-0.014173046010379053,0.36717775615311365,-0.05081132680680389
2019/20,68,0.21259800151273936,0.22750234084991833,0.014904339337178968,0.24538082243766227,0.032782820924922906
2019/20,65,0.21100887564497783,0.39180931891182796,0.18080044326685013,0.32675378901418384,0.115744913369206
2019/20,66,0.05151275713397394,0.01720865261400288,-0.03430410451997106,0.05650501704942139,0.004992259915447446
2019/20,67,0.15931280874244835,0.1361490498661127,-0.02316375887633565,0.25176077872278707,0.09244796998033872
2019/20,64,0.18552340103045079,0.23571173800981066,0.05018833697935987,0.203489713438206,0.017966312407755203
2019/20,60,0.36693316352327354,0.1536411726136418,-0.21329199090963175,0.3252952043391081,-0.04163795918416546
2019/20,49,0.14442284749525125,0.13273326843176864,-0.011689579063482614,0.1514197573252904,0.006996909830039144
2019/20,58,0.18429412411810028,0.20307128675801459,0.018777162639914302,0.1283812191143382,-0.05591290500376209
2019/20,57,0.048275658610005885,0.052233931576801174,0.0039582729667952885,0.15497925523585326,0.10670359662584739
2019/20,56,0.11601769093919205,0.12384243840418421,0.007824747464992163,0.13893315260814654,0.022915461668954487
2019/20,55,0.14313163505893023,0.1516451407695303,0.008513505710600083,0.17259751275894963,0.029465877700019405
2019/20,54,0.15782555202556858,0.13448683078146723,-0.023338721244101357,0.14431917610478992,-0.013506375920778663
2019/20,53,0.14502076004492087,0.04770448830026178,-0.0973162717446591,0.1785350885813874,0.03351432853646652
2019/20,52,0.5352117249277184,0.39083313654445806,-0.14437858838326034,0.3515375717041236,-0.18367415322359482
2019/20,51,0.33157596574084863,0.3780906785596052,0.046514712818756576,0.2447605152093499,-0.08681545053149872
2019/20,50,0.06984669019051501,0.05924570997913371,-0.010600980211381297,0.09550906394745157,0.025662373756936557
2019/20,69,0.1906517458769871,0.25311908981075626,0.062467343933769154,0.26518582790098477,0.07453408202399767
2019/20,59,0.08991843128472501,0.06857493671110895,-0.021343494573616062,0.11232079914778263,0.022402367863057618
2019/20,70,0.29611619731761585,0.27924257020605825,-0.0168736271115576,0.2686894295129551,-0.027426767804660745
2019/20,81,0.07863272177434558,0.02101683060594831,-0.05761589116839727,0.11125205180244557,0.032619330028099996
2019/20,72,0.07945291763745947,0.086489332602822,0.007036414965362531,0.14724523575804063,0.06779231812058116
2019/20,48,0.4740688898277211,0.49488011425368317,0.02081122442596206,0.38209066846302975,-0.09197822136469136
2019/20,92,0.1512683750717344,0.09604402025539059,-0.055224354816343815,0.10300676831365484,-0.04826160675807957
2019/20,91,0.15323988982076367,0.19705747299484372,0.04381758317408005,0.13187429088452488,-0.021365598936238794
2019/20,90,0.06283661270635651,0.06637322806839703,0.0035366153620405155,0.11421960594183111,0.0513829932354746
2019/20,89,0.4957377855311685,0.40926026518820396,-0.08647752034296452,0.4372782357079268,-0.0584595498232417
2019/20,88,0.06918172358899069,0.03175337295230796,-0.03742835063668273,0.11390075934720094,0.04471903575821025
2019/20,87,0.43543180797006287,0.09308892625341128,-0.3423428817166516,0.28947552115929603,-0.14595628681076683
2019/20,86,0.086527880030784,0.056112418864036034,-0.030415461166747967,0.171478149499625,0.084950269468841
2019/20,85,0.2089568180808812,0.3860233699758541,0.17706655189497292,0.2528932006736292,0.043936382592747986
2019/20,71,0.23374930439844527,0.08643108979809312,-0.14731821460035216,0.12964897002788828,-0.10410033437055699
2019/20,84,0.08557720915423943,0.05999532417363002,-0.025581884980609405,0.15963333780097222,0.07405612864673279
2019/20,82,0.17500073305990996,0.23361978519467388,0.05861905213476393,0.22558732145770652,0.05058658839779656
2019/20,80,0.13130955214729706,0.07222348545064837,-0.05908606669664869,0.1702954691597,0.03898591701240295
2019/20,79,0.33027404260650384,0.3339288039657731,0.0036547613592692874,0.24969610625102318,-0.08057793635548066
2019/20,78,0.037082129537695754,0.04177610367782678,0.004693974140131028,0.06350458117226226,0.02642245163456651
2019/20,77,0.4535701234220303,0.5616170952494735,0.10804697182744316,0.38842809151433777,-0.06514203190769252
2019/20,76,0.13896174610128126,0.14237320350233115,0.0034114574010498944,0.15203746360893033,0.013075717507649076
2019/20,75,0.12581745961654064,0.17844758799504337,0.05263012837850273,0.13139034323761675,0.005572883621076108
2019/20,74,0.6054282486026734,0.6762401298624683,0.07081188125979487,0.599878904581921,-0.005549344020752467
2019/20,73,0.2953882558613825,0.19099493068176407,-0.10439332517961844,0.26774264343331466,-0.027645612428067845
2019/20,83,0.18899035194843936,0.06630864917928903,-0.12268170276915033,0.2037271465154398,0.014736794567000444
2019/20,47,0.16193923504950178,0.23335269468296335,0.07141345963346157,0.2668135269989239,0.10487429194942213
2019/20,46,0.14342167957534435,0.08011157318780202,-0.06331010638754234,0.12171013498690846,-0.021711544588435897
2019/20,45,0.09824796677132733,0.038634217369906056,-0.05961374940142127,0.07072076269372925,-0.02752720407759808
2019/20,20,0.2775730520117553,0.2187132990438579,-0.058859752967897416,0.21566672902421694,-0.06190632298753837
2019/20,19,0.1283788302328406,0.14623691019461973,0.017858079961779127,0.133076065007021,0.004697234774180381
2019/20,18,0.05706612016194049,0.01540368591596349,-0.041662434245977,0.1228415147595251,0.06577539459758461
2019/20,17,0.19100207957095452,0.16690296306934668,-0.024099116501607842,0.15026649090181887,-0.04073558866913565
2019/20,16,0.08053406383299119,0.08389321034912298,0.0033591465161317835,0.058788414903574046,-0.021745648929417147
2019/20,15,0.4027493349571433,0.343967179727809,-0.05878215522933433,0.4263104637549959,0.023561128797852604
2019/20,14,0.23056700172291422,0.19207342040034492,-0.038493581322569304,0.2283891295460217,-0.0021778721768925258
2019/20,13,0.12726005987895816,0.14173368871820224,0.01447362883924408,0.13804602191229431,0.01078596203333615
2019/20,11,0.270159049413626,0.2616323114463328,-0.008526737967293196,0.17880919295970188,-0.09134985645392413
2019/20,10,0.16428560123209615,0.16686133372894082,0.0025757324968446738,0.17158079218890385,0.007295190956807696
2019/20,9,0.05186732376638755,0.010836233153894113,-0.04103109061249344,0.06139175201370695,0.009524428247319403
2019/20,8,0.1653874913794859,0.15048364829377148,-0.014903843085714436,0.1602933265299774,-0.0050941648495085035
2019/20,7,0.17225136457480356,0.134793517605898,-0.037457846968905556,0.1632661948372815,-0.008985169737522058
2019/20,6,0.23495525947138693,0.22181757107920286,-0.013137688392184071,0.22446401907571006,-0.010491240395676865
2019/20,5,0.1339416753196407,0.13620914479632917,0.0022674694766884607,0.13634081357423047,0.002399138254589761
2019/20,4,0.13452060065559815,0.12648087117000195,-0.008039729485596198,0.1322854373433922,-0.00223516331220594
2019/20,3,0.22206578114233957,0.18166021280096847,-0.0404055683413711,0.21003071815998975,-0.012035062982349826
2019/20,2,0.16174439857287906,0.14611927958011173,-0.015625118992767334,0.1599246231460473,-0.00181977542683176
2019/20,1,0.1567882719102623,0.19214269975855314,0.03535442784829085,0.20320174609900815,0.04641347418874586
2019/20,21,0.15206704084840345,0.1467241294151817,-0.005342911433221742,0.1324317938365271,-0.019635247011876356
2019/20,22,0.05662155231334033,0.013714066783432292,-0.04290748552990804,0.07235107511299646,0.01572952279965613
2019/20,12,0.21503038048721526,0.23366407573226886,0.018633695245053594,0.21920397573854938,0.004173595251334122
2019/20,24,0.38266818989997997,0.2853244802497267,-0.0973437096502533,0.29291633716649246,-0.08975185273348751
2019/20,23,0.20142976163168738,0.16841863011511624,-0.033011131516571146,0.14783066430259656,-0.05359909732909082
2019/20,43,0.2997339413690393,0.2750828010673627,-0.02465114030167659,0.3204716121061911,0.02073767073715177
2019/20,42,0.26626158003572803,0.12365638186042066,-0.14260519817530737,0.1972731956545362,-0.06898838438119184
2019/20,41,0.2135822718486582,0.3007164027818951,0.08713413093323691,0.23438830246396153,0.02080603061530334
2019/20,40,0.35621977993699483,0.3896423171401756,0.03342253720318078,0.4292188801247985,0.07299910018780364
2019/20,39,0.030318677200187903,0.006286083938133525,-0.024032593262054376,0.051946101442266523,0.02162742424207862
2019/20,38,0.10072064691111882,0.11707722458256561,0.016356577671446798,0.18744640788264427,0.08672576097152546
2019/20,37,0.2948267442713057,0.23961808925407552,-0.05520865501723016,0.22162453141854896,-0.07320221285275672
2019/20,36,0.178081787622466,0.15652891255873533,-0.02155287506373066,0.14238925028311422,-0.035692537339351765
2019/20,35,0.2963865902168822,0.2771522065424514,-0.01923438367443081,0.22009696133995182,-0.07628962887693036
2019/20,44,0.06861796034495164,0.06907649825821612,0.0004585379132644729,0.12698146994929915,0.05836350960434751
2019/20,25,0.39975681608161606,0.35931952227498504,-0.040437293806631025,0.4290609769132952,0.029304160831679138
2019/20,33,0.13874939795593144,0.13202150192617407,-0.006727896029757374,0.1375946884481054,-0.001154709507826035
2019/20,32,0.19615217188988515,0.1840421579776072,-0.01211001391227795,0.15388728377425467,-0.04226488811563048
2019/20,31,0.4260176702904745,0.48254692744590566,0.05652925715543117,0.46069350662849695,0.03467583633802246
2019/20,30,0.2517821152896198,0.1482741935608473,-0.10350792172877249,0.3194754460388094,0.0676933307491896
2019/20,29,0.1434396210226267,0.1447421856045778,0.0013025645819511045,0.13201721966663232,-0.011422401355994372
2019/20,28,0.22567566248649995,0.16623004022244703,-0.05944562226405292,0.16885874270697043,-0.05681691977952952
2019/20,27,0.07386828971986109,0.052398360891530944,-0.021469928828330147,0.1684161532326489,0.09454786351278782
2019/20,26,0.2627482295021583,0.39622526498249316,0.13347703548033485,0.267028889095847,0.004280659593688674
2019/20,34,0.3546671073281681,0.234078308562073,-0.12058879876609507,0.27501660592510735,-0.07965050140306074
2020/21,63,0.08102432911950054,0.05277955619204982,-0.02824477292745072,0.16104312294621856,0.08001879382671802
2020/21,64,0.12488609313541098,0.1262760183975134,0.0013899252621024233,0.1297221823715573,0.0048360892361463265
2020/21,65,0.188862004888091,0.21479491798759864,0.025932913099507654,0.2871927810025814,0.0983307761144904
2020/21,70,0.12792301765339445,0.14424297842371891,0.016319960770324465,0.13374009396447586,0.005817076311081415
2020/21,67,0.13070971698180078,0.06490822480453237,-0.06580149217726841,0.141255805362399,0.010546088380598229
2020/21,68,0.29685368618403474,0.22012387633260472,-0.07672980985143002,0.23279152929681463,-0.06406215688722011
2020/21,69,0.07004912454689241,0.03603803543831499,-0.03401108910857742,0.05712185287215526,-0.012927271674737152
2020/21,62,0.10452746553677984,0.10010785212624168,-0.004419613410538162,0.13980117084559882,0.03527370530881897
2020/21,66,0.1507771717490915,0.18939878809190985,0.038621616342818355,0.13014220155638007,-0.020634970192711433
2020/21,61,0.229365561954811,0.20101399497377725,-0.02835156698103375,0.3061068510869885,0.07674128913217748
2020/21,55,0.22265872903509842,0.13665727567311436,-0.08600145336198406,0.24638680837701787,0.02372807934191945
2020/21,59,0.1716193939976668,0.17340337939388165,0.0017839853962148544,0.16212463755325954,-0.009494756444407254
2020/21,58,0.4594832088644566,0.7044770140648479,0.24499380520039127,0.4387297175317517,-0.020753491332704876
2020/21,57,0.12431974298971743,0.14150851670075185,0.017188773711034416,0.14023545795605155,0.01591571496633412
2020/21,56,0.2540594609703066,0.24727960593451703,-0.006779855035789595,0.35097314341467434,0.09691368244436771
2020/21,54,0.2131973799954578,0.21472000286531415,0.0015226228698563549,0.32917535071186477,0.11597797071640698
2020/21,53,0.3133348354259135,0.2764438147954418,-0.03689102063047173,0.2877019773307935,-0.025632858095120004
2020/21,52,0.1845799825148764,0.07005673403536017,-0.11452324847951623,0.16020054868266545,-0.024379433832210945
2020/21,51,0.08824199826475833,0.0410231021142243,-0.047218896150534026,0.10488940648949388,0.016647408224735552
2020/21,50,0.24930348941225156,0.14950357367886927,-0.09979991573338229,0.1237335198761629,-0.12556996953608865
2020/21,60,0.18958699255800385,0.19265811068256555,0.003071118124561706,0.38071141385498614,0.1911244212969823
2020/21,71,0.15896342307521874,0.1342752107016039,-0.02468821237361485,0.16606766294154024,0.007104239866321499
2020/21,93,0.22168806677864036,0.11422723836795869,-0.10746082841068168,0.1689313316536894,-0.052756735124950965
2020/21,73,0.15142665085033197,0.1602149724014567,0.008788321551124745,0.17144424132948727,0.0200175904791553
2020/21,49,0.14057723130180802,0.08671052206816401,-0.053866709233644006,0.09477366318627904,-0.04580356811552898
2020/21,92,0.47383510586172917,0.3141192686980609,-0.15971583716366827,0.4764872665225609,0.002652160660831737
2020/21,91,0.5089455478312748,0.3969269775747576,-0.11201857025651718,0.2945888026788195,-0.21435674515245529
2020/21,90,0.4311217574298597,0.426826216266481,-0.004295541163378713,0.5204420606603405,0.08932030323048079
2020/21,89,0.15391312754285746,0.19711561601150845,0.04320248846865099,0.19932254799589552,0.04540942045303806
2020/21,88,0.04810424011404257,0.013742172843835472,-0.034362067270207096,0.05957231291147404,0.01146807279743147
2020/21,87,0.11368534560088524,0.09071944684007198,-0.022965898760813258,0.15158941759630362,0.037904071995418384
2020/21,86,0.10879607252010667,0.05484077373566874,-0.05395529878443794,0.09759155367473418,-0.011204518845372491
2020/21,85,0.14684415836079437,0.19675317166624476,0.04990901330545039,0.2222547669736526,0.07541060861285823
2020/21,72,0.1718190602984825,0.1543884572209435,-0.01743060307753902,0.14562328880888947,-0.02619577148959304
2020/21,84,0.157908525986565,0.1506051805484343,-0.007303345438130687,0.13291413495264648,-0.02499439103391851
2020/21,82,0.14936795659569116,0.12280701978935962,-0.026560936806331537,0.1715538870018275,0.02218593040613634
2020/21,81,0.2434245913111736,0.2433330150682817,-9.157624289191091e-05,0.22561206568512807,-0.017812525626045544
2020/21,80,0.20741857370314723,0.2936850309078481,0.08626645720470086,0.14872981984653347,-0.05868875385661376
2020/21,79,0.12805209025079367,0.14086892304333082,0.012816832792537147,0.13047500051386576,0.0024229102630720922
2020/21,78,0.1295718608777353,0.1463458203083741,0.01677395943063878,0.1385301212332611,0.008958260355525799
2020/21,77,0.4285082166082473,0.5403304143007065,0.11182219769245921,0.43962597920861124,0.011117762600363956
2020/21,76,0.5287282372444669,0.7274842924900657,0.1987560552455988,0.5561514850097229,0.027423247765255954
2020/21,75,0.1234147598146518,0.08712218086217069,-0.036292578952481114,0.20256690292048865,0.07915214310583685
2020/21,74,0.30196572213917405,0.41386450341752645,0.1118987812783524,0.29191417183510504,-0.010051550304069012
2020/21,83,0.1322600545110534,0.057043688028403726,-0.07521636648264968,0.19235961928614512,0.06009956477509171
2020/21,48,0.5622436856487274,0.545666963368828,-0.01657672227989937,0.4694459834714654,-0.09279770217726202
2020/21,1,0.11019199090796,0.12337475857663366,0.013182767668673656,0.12212409229276666,0.01193210138480666
2020/21,46,0.1475199761221142,0.09817370985217175,-0.04934626626994246,0.14582707561350952,-0.0016929005086046833
2020/21,21,0.19958510867261753,0.1285088900826705,-0.07107621858994703,0.19792254135921472,-0.0016625673134028074
2020/21,20,0.33606440116717207,0.35767270534046736,0.02160830417329529,0.3555035341014986,0.01943913293432653
2020/21,19,0.40872898284333026,0.4137285230011153,0.004999540157785032,0.3604982925482306,-0.04823069029509963
2020/21,18,0.08883069615454735,0.03230504254878035,-0.056525653605767,0.12772558017524632,0.038894884020698975
2020/21,17,0.19073655436522466,0.22187170491347574,0.031135150548251084,0.162950815088692,-0.02778573927653266
2020/21,16,0.18988878148550198,0.15555610760865912,-0.034332673876842856,0.16784492349058258,-0.022043857994919397
2020/21,15,0.11678105282163415,0.06333223681926287,-0.05344881600237128,0.10344806831160386,-0.013332984510030288
2020/21,14,0.1340199758562567,0.12649622667076083,-0.007523749185495865,0.17910844812722954,0.045088472270972846
2020/21,12,0.2874439225883753,0.2642330629793185,-0.023210859609056833,0.20981396687938259,-0.07762995570899273
2020/21,22,0.06930136904095675,0.03692638354516338,-0.032374985495793374,0.05589775009353577,-0.013403618947420981
2020/21,11,0.14632562943343758,0.1866004716352922,0.04027484220185462,0.14006826101445308,-0.006257368418984499
2020/21,9,0.07824831197050407,0.05991662510695778,-0.01833168686354629,0.07603481742511796,-0.0022134945453861077
2020/21,8,0.15954099023214086,0.07479846473198673,-0.08474252550015413,0.13316999674629265,-0.026370993485848204
2020/21,7,0.1418505861133993,0.16448442438436742,0.022633838270968126,0.1421163248800943,0.00026573876669500063
2020/21,6,0.2624046855980273,0.2170268519527668,-0.04537783364526052,0.32338937210213214,0.060984686504104824
2020/21,5,0.10860879235225046,0.025254260816490633,-0.08335453153575983,0.2004817632874098,0.09187297093515934
2020/21,4,0.3845795413385398,0.47491383742382665,0.09033429608528687,0.29931065717764815,-0.08526888416089162
2020/21,3,0.2080490187096869,0.19842305962939338,-0.009625959080293511,0.24270731086308509,0.03465829215339819
2020/21,2,0.15027348576230926,0.14354808205767172,-0.006725403704637534,0.13958080656742677,-0.010692679194882482
2020/21,47,0.08769551992275722,0.04104888019060095,-0.04664663973215627,0.12148594308115508,0.033790423158397864
2020/21,10,0.5577291919316536,0.6077902816591867,0.05006108972753309,0.46203274977839015,-0.09569644215326345
2020/21,23,0.39476341771413803,0.40307221033861773,0.0083087926244797,0.3078067762607102,-0.08695664145342785
2020/21,13,0.04631355165351402,0.052466021642665284,0.006152469989151262,0.12998369192030204,0.08367014026678801
2020/21,25,0.38304583544424453,0.27389700371185,-0.10914883173239454,0.2474350730916673,-0.13561076235257724
2020/21,24,0.3159493973034793,0.4553329296828495,0.13938353237937018,0.2791789212448592,-0.036770476058620105
2020/21,44,0.22517570096780443,0.15639121717664917,-0.06878448379115526,0.2640209208954863,0.03884521992768186
2020/21,43,0.1245346737595502,0.09694721317200743,-0.027587460587542773,0.09570715726703527,-0.02882751649251493
2020/21,42,0.12556407451355842,0.12861439215692605,0.0030503176433676338,0.12001997381872023,-0.005544100694838183
2020/21,41,0.3100293807648775,0.2278870922503567,-0.08214228851452082,0.29323107826445055,-0.016798302500426965
2020/21,40,0.1870420802632592,0.2503916478015231,0.06334956753826393,0.16834660205996438,-0.018695478203294813
2020/21,39,0.13001862161311445,0.1363597181242342,0.006341096511119748,0.1358383048615718,0.005819683248457358
2020/21,38,0.2156272473480443,0.24708821630087965,0.031460968952835344,0.28491705269932455,0.06928980535128024
2020/21,37,0.34534976278065954,0.28588789349206334,-0.0594618692885962,0.4135832491403787,0.06823348635971915
2020/21,36,0.1378983460461769,0.13303669032603316,-0.004861655720143743,0.28063681157248666,0.14273846552630975
2020/21,45,0.2063558303518986,0.1891570856959213,-0.017198744655977316,0.24424956831808128,0.03789373796618267
2020/21,34,0.1180334239927254,0.1365653126555415,0.018531888662816104,0.13415681782290906,0.016123393830183658
2020/21,35,0.08593113301871202,0.046653031868864256,-0.03927810114984777,0.19396221196681385,0.10803107894810182
2020/21,27,0.17056181914166402,0.11596710165179472,-0.0545947174898693,0.23653378549095083,0.06597196634928681
2020/21,28,0.1039288109717153,0.10184831089039098,-0.0020805000813243213,0.08746434389392545,-0.016464467077789854
2020/21,29,0.14229424097188512,0.1488916502952112,0.006597409323326087,0.1555953010423356,0.013301060070450482
2020/21,26,0.1680151848845339,0.15857554493515227,-0.009439639949381629,0.12958945842174946,-0.03842572646278444
2020/21,31,0.45571063349435836,0.26391979907406415,-0.1917908344202942,0.34358504977581095,-0.11212558371854742
2020/21,32,0.2174273988993543,0.25194614357770484,0.03451874467835053,0.25272786219667426,0.03530046329731995
2020/21,33,0.1652748571271087,0.15792692920725113,-0.007347927919857583,0.2007221126056047,0.035447255478496004
2020/21,30,0.12492350396052743,0.12291282275978599,-0.0020106812007414376,0.14443087427857168,0.019507370318044254
2021/22,60,0.09805782930348836,0.03688028490160912,-0.06117754440187924,0.1714757090421855,0.07341787973869715
2021/22,67,0.23837934013951861,0.21214585778158984,-0.026233482357928772,0.3566089534935176,0.11822961335399901
2021/22,66,0.2538737193710101,0.2998054526828107,0.045931733311800615,0.188497020382207,-0.0653766989888031
2021/22,65,0.4632333789522491,0.3542117870645135,-0.10902159188773558,0.3396116789599198,-0.1236216999923293
2021/22,64,0.32622847152744877,0.33191261472831135,0.005684143200862579,0.22076099600065108,-0.1054674755267977
2021/22,63,0.13064787689235585,0.141064993163808,0.010417116271452143,0.14042856610942991,0.009780689217074062
2021/22,68,0.4596194763482935,0.5989902796660516,0.13937080331775809,0.5428708840217534,0.08325140767345995
2021/22,62,0.056903678068457766,0.05385978335835988,-0.0030438947100978886,0.10826770893119489,0.05136403086273712
2021/22,61,0.18910919214645552,0.16534950531306722,-0.023759686833388305,0.15285709625139887,-0.03625209589505665
2021/22,59,0.4189704847539144,0.5352929112034103,0.11632242644949586,0.4953608330225502,0.07639034826863578
2021/22,54,0.2351210546281425,0.3284970549570993,0.09337600032895679,0.18484201975889902,-0.05027903486924348
2021/22,57,0.28622831275942284,0.24865775727516695,-0.03757055548425589,0.28439376058506965,-0.0018345521743531878
2021/22,56,0.2648659783353643,0.28539848903729165,0.020532510701927353,0.3449654621612268,0.08009948382586252
2021/22,55,0.13986240393768617,0.16765898807993715,0.027796584142250974,0.20484351718008706,0.06498111324240088
2021/22,53,0.02649826672150806,0.017216002785421652,-0.009282263936086409,0.08322553213554372,0.05672726541403566
2021/22,52,0.36222664226622703,0.3599465352294885,-0.0022801070367385323,0.38921048565522376,0.02698384338899673
2021/22,51,0.16488195785275697,0.14560456360023247,-0.019277394252524505,0.181769545680655,0.016887587827898037
2021/22,50,0.20528088327917654,0.10113212343902545,-0.1041487598401511,0.15632690849097927,-0.04895397478819727
2021/22,49,0.3914021826722304,0.41741812552028135,0.02601594284805092,0.43955961152803624,0.04815742885580582
2021/22,69,0.13028433655463534,0.1233084185451672,-0.006975918009468132,0.12635271636716844,-0.0039316201874669
2021/22,58,0.059642761400043556,0.04393071585262412,-0.015712045547419437,0.05776730875670026,-0.001875452643343295
2021/22,70,0.13782567951899174,0.15817615746848163,0.02035047794948988,0.1348061473698806,-0.0030195321491111315
2021/22,48,0.12122409940367852,0.08755025661523695,-0.03367384278844157,0.07567727016463702,-0.045546829239041506
2021/22,72,0.2953107632944407,0.3114715595573886,0.016160796262947863,0.34202911798037583,0.046718354685935104
2021/22,92,0.10631406947519068,0.21399447913368097,0.1076804096584903,0.11317432452394115,0.0068602550487504715
2021/22,91,0.14477044920708249,0.16506995547925138,0.020299506272168893,0.137753539064568,-0.0070169101425144875
2021/22,90,0.18004729060899585,0.2440689086914062,0.06402161808241036,0.1600224052185015,-0.02002488539049435
2021/22,89,0.10348289452986853,0.03961413285877849,-0.06386876167109004,0.16369450377045575,0.060211609240587216
2021/22,88,0.17331545037095483,0.18837520400779129,0.015059753636836454,0.1390042637947946,-0.034311186576160224
2021/22,87,0.1897231344200658,0.1133397706668781,-0.0763833637531877,0.17733492032915,-0.012388214090915811
2021/22,86,0.2412515886715323,0.21141561069716824,-0.029835977974364047,0.2792556423595618,0.038004053688029504
2021/22,85,0.2450945404580541,0.2568051004368021,0.011710559978748009,0.15214418840103305,-0.09295035205702104
2021/22,84,0.10404792219710339,0.086702036160952,-0.017345886036151392,0.10164601257583422,-0.0024019096212691687
2021/22,71,0.48196725299136894,0.4868861239141362,0.004918870922767271,0.42046267283829963,-0.06150458015306931
2021/22,83,0.06737251847734879,0.023840044101745776,-0.043532474375603016,0.0911978393357264,0.023825320858377602
2021/22,81,0.269074447622708,0.28778925681898626,0.01871480919627827,0.27338676950371044,0.0043123218810024455
2021/22,80,0.22524622455917329,0.2523899926236408,0.027143768064467527,0.2467456705908896,0.0214994460317163
2021/22,79,0.19541552707882281,0.2205098203410835,0.025094293262260675,0.22972951058265328,0.03431398350383047
2021/22,78,0.10404854668168333,0.05304749920742852,-0.05100104747425481,0.1664923370695734,0.062443790387890066
2021/22,77,0.26731199422242824,0.4643887404697876,0.19707674624735938,0.36295397658430406,0.09564198236187582
2021/22,76,0.3716583112839682,0.566943479923365,0.19528516863939682,0.4548600129939977,0.0832017017100295
2021/22,75,0.07060667780950997,0.19618827547981055,0.12558159767030058,0.15898691012703622,0.08838023231752626
2021/22,74,0.40351207817480805,0.4943219910031475,0.09080991282833945,0.29108614764718976,-0.11242593052761829
2021/22,73,0.1026300664541719,0.06927801594541197,-0.03335205050875993,0.10186416895359751,-0.000765897500574389
2021/22,82,0.13779550227175533,0.14031342290332943,0.0025179206315741054,0.13756967336039533,-0.00022582891135999872
2021/22,47,0.09642039121879104,0.06538273586308492,-0.031037655355706115,0.12143194976064338,0.025011558541852344
2021/22,1,0.18995402717107399,0.15874622464869614,-0.031207802522377842,0.15522387384836211,-0.03473015332271187
2021/22,45,0.13627536773061474,0.15749891164663551,0.02122354391602077,0.14001756497316115,0.0037421972425464023
2021/22,20,0.36732144217121393,0.23976779860696057,-0.12755364356425336,0.3629676122802618,-0.004353829890952121
2021/22,19,0.279308100672938,0.23039795424393625,-0.04891014642900174,0.29108220638753624,0.011774105714598249
2021/22,18,0.04687304280223838,0.0441051186452785,-0.0027679241569598736,0.09484918328980958,0.047976140487571206
2021/22,17,0.5212646006522679,0.4836886557912516,-0.037575944861016286,0.5423880791874327,0.02112347853516483
2021/22,16,0.2379939151549703,0.08417933737777009,-0.1538145777772002,0.1645320335211282,-0.0734618816338421
2021/22,15,0.09486994014294929,0.04236986420688812,-0.05250007593606117,0.19421821311996154,0.09934827297701225
2021/22,14,0.17219202810851547,0.13661428399694825,-0.03557774411156722,0.1545758598912504,-0.017616168217265082
2021/22,13,0.10021179915913417,0.07765301782812789,-0.022558781331006278,0.09921888114705732,-0.0009929180120768488
2021/22,11,0.13561876095536815,0.161284180255847,0.02566541930047886,0.13341036422952596,-0.0022083967258421933
2021/22,10,0.31348183488084275,0.23071110536805517,-0.08277072951278758,0.31732261254919303,0.0038407776683502814
2021/22,9,0.23160353626715469,0.289577042955669,0.05797350668851431,0.2376921944020398,0.006088658134885128
2021/22,8,0.2553893363761751,0.20979161727417642,-0.045597719101998696,0.21136817994078244,-0.04402115643539267
2021/22,7,0.1924301966728775,0.20659761437652258,0.014167417703645074,0.15137136250454175,-0.04105883416833575
2021/22,6,0.22878263121660652,0.19547556434779612,-0.03330706686881041,0.25849778375247134,0.02971515253586482
2021/22,5,0.11316496931139083,0.11565583082143815,0.002490861510047321,0.11540921567979907,0.0022442463684082398
2021/22,4,0.22270766004177128,0.2561272625566454,0.033419602514874136,0.20296269628239466,-0.01974496375937662
2021/22,3,0.2457922982423668,0.32618563872216066,0.08039334047979385,0.3981698382090937,0.15237753996672687
2021/22,2,0.17947850694763232,0.13266100977321918,-0.046817497174413136,0.32916909355533563,0.14969058660770332
2021/22,46,0.2872548598895561,0.31389673380754557,0.026641873917989445,0.3959165193692255,0.10866165947966938
2021/22,21,0.16130711948571105,0.17619829201909296,0.014891172533381902,0.1347055941312155,-0.02660152535449556
2021/22,22,0.4541791856108264,0.37211091988967354,-0.08206826572115283,0.36139666942599685,-0.09278251618482952
2021/22,12,0.17006442058621946,0.23820032202172126,0.0681359014355018,0.14595436597674186,-0.0241100546094776
2021/22,24,0.15936467965206455,0.13732597927913479,-0.022038700372929765,0.19190485177476171,0.032540172122697164
2021/22,23,0.08446745440339433,0.06701622313463795,-0.017451231268756376,0.13803839124323838,0.053570936839844055
2021/22,43,0.0767961801153171,0.10207455567428719,0.025278375558970098,0.2047731550942604,0.12797697497894328
2021/22,42,0.20012903871691234,0.11823151854522375,-0.0818975201716886,0.2700416814259973,0.06991264270908498
2021/22,41,0.3004425244546416,0.2707861129459204,-0.02965641150872117,0.24319809429223915,-0.05724443016240244
2021/22,40,0.021354695785426227,0.015110367331507182,-0.006244328453919045,0.041845077214127724,0.020490381428701496
2021/22,39,0.20640891044209406,0.1610754022072325,-0.04533350823486157,0.19939983723233273,-0.007009073209761324
2021/22,38,0.38107730786904637,0.3370009417409436,-0.044076366128102784,0.25149900281669424,-0.12957830505235213
2021/22,37,0.13955545355859753,0.13193662800910594,-0.007618825549491587,0.1343947464470318,-0.0051607071115657155
2021/22,36,0.2955835064437086,0.2634852010844072,-0.032098305359301416,0.18142864264431244,-0.11415486379939618
2021/22,35,0.03979501068563231,0.06407869280996255,0.02428368212433024,0.060368521456718706,0.0205735107710864
2021/22,44,0.15622595254614943,0.20260045256767928,0.046374500021529846,0.29010121910789854,0.1338752665617491
2021/22,25,0.06028002358875,0.012369452591760075,-0.04791057099698993,0.06024563328379913,-3.439030495087231e-05
2021/22,33,0.38346948890438093,0.5872505321755243,0.20378104327114333,0.41635316118621846,0.03288367228183753
2021/22,32,0.16239828326491335,0.2842197438330822,0.12182146056816884,0.186585469317642,0.024187186052728654
2021/22,31,0.140212362324171,0.07437821445246398,-0.06583414787170702,0.231110421324831,0.09089805900066
2021/22,30,0.14377782411721773,0.12938369289868243,-0.014394131218535305,0.1376660282094577,-0.006111795907760037
2021/22,29,0.15235265181415233,0.20727684590991702,0.054924194095764683,0.2353464453469904,0.08299379353283806
2021/22,28,0.14348719171426233,0.15576744058681655,0.012280248872554217,0.13999441435124957,-0.003492777363012761
2021/22,27,0.2192123080872664,0.24114990814919818,0.021937600061931767,0.17028602047823996,-0.04892628760902645
2021/22,26,0.1648532006959579,0.21330912042231032,0.04845591972635241,0.2658888045861646,0.10103560389020669
2021/22,34,0.2700225809816112,0.31374695648654805,0.04372437550493685,0.3997585836541335,0.12973600267252233
2022/23,63,0.09725953606170405,0.14198001532848242,0.04472047926677837,0.3785064325328604,0.28124689647115636
2022/23,64,0.29831470109820113,0.33437183233191675,0.03605713123371562,0.27866505980954415,-0.019649641288656983
2022/23,65,0.30773777104487915,0.3102368621341721,0.0024990910892929707,0.22535633167822072,-0.08238143936665843
2022/23,70,0.03810004330347082,0.02644902415181154,-0.011651019151659277,0.05621334419280591,0.01811330088933509
2022/23,67,0.08838122855726209,0.1526058446863505,0.0642246161290884,0.11769254264427169,0.0293113140870096
2022/23,68,0.18597782790430792,0.2165908020058233,0.030612974101515394,0.19390921038133718,0.007931382477029264
2022/23,69,0.01680289160107758,0.01317248832083733,-0.00363040328024025,0.054375211621852555,0.03757232002077497
2022/23,62,0.23912606127379038,0.2537086378072555,0.01458257653346512,0.22408904069820343,-0.015037020575586951
2022/23,66,0.0870686128853167,0.08463768233424732,-0.0024309305510693824,0.12483621983746851,0.03776760695215181
2022/23,61,0.14333453299473276,0.18647119686849575,0.043136663873763,0.11954953149529386,-0.023785001499438893
2022/23,55,0.051354840874037515,0.054199879656716375,0.0028450387826788603,0.12054397631316907,0.06918913543913155
2022/23,59,0.5820737684292805,0.49557527449204425,-0.08649849393723624,0.5479374634539586,-0.03413630497532194
2022/23,58,0.41747868407591143,0.523730585266821,0.1062519011909096,0.47737746958520555,0.05989878550929412
2022/23,57,0.02104236050950275,0.006316962648746924,-0.014725397860755825,0.026497600798093796,0.005455240288591047
2022/23,56,0.19824634024578114,0.21059157500747588,0.012345234761694746,0.19797103689749507,-0.00027530334828607117
2022/23,54,0.21468532532815637,0.19945000212945807,-0.015235323198698303,0.18985789899376282,-0.024827426334393554
2022/23,53,0.4956213713399943,0.301808176874327,-0.1938131944656673,0.248610262349795,-0.2470111089901993
2022/23,52,0.11991279057800477,0.12336347770116278,0.0034506871231580055,0.1327435678676556,0.012830777289650819
2022/23,51,0.1582547463069087,0.11396812629418389,-0.044286620012724806,0.21913307782000668,0.06087833151309799
2022/23,50,0.22724772680516309,0.24622790251238946,0.018980175707226377,0.24236913852836184,0.015121411723198752
2022/23,60,0.06155074816108676,0.03108064366026196,-0.030470104500824796,0.22521855826947812,0.16366781010839138
2022/23,71,0.19303921152303583,0.18228783306263102,-0.010751378460404803,0.17532809545333286,-0.017711116069702965
2022/23,93,0.5075495962856753,0.7186279750214783,0.21107837873580304,0.6469706740705463,0.139421077784871
2022/23,73,0.16823061233473005,0.16336228150994783,-0.004868330824782219,0.07005911246073068,-0.09817149987399937
2022/23,49,0.19154187560938515,0.22703491284646832,0.035493037237083164,0.17960828005639276,-0.011933595552992393
2022/23,92,0.13625640866469857,0.21252505733521165,0.07626864867051308,0.16249722208463452,0.02624081341993595
2022/23,91,0.0166939837639294,0.09037585389573367,0.07368187013180427,0.07327632259710042,0.056582338833171014
2022/23,90,0.1148993846902295,0.16508808584393944,0.050188701153709936,0.13631161241538522,0.02141222772515572
2022/23,89,0.15520074850768428,0.07275212158644774,-0.08244862692123654,0.27699660939047754,0.12179586088279326
2022/23,88,0.15560213218307334,0.16596265928434828,0.010360527101274941,0.22330142281307624,0.0676992906300029
2022/23,87,0.28029907299231827,0.3186581828625076,0.03835910987018931,0.252575828075157,-0.02772324491716127
2022/23,86,0.40583289447180104,0.46877711749364065,0.06294422302183961,0.32207884042112483,-0.08375405405067621
2022/23,85,0.20351400080162774,0.0730453543953331,-0.13046864640629463,0.14128159087481018,-0.062232409926817556
2022/23,72,0.21828292911489167,0.17183005129095513,-0.046452877823936534,0.16749287848910135,-0.05079005062579031
2022/23,84,0.09729787448103352,0.06431188854287295,-0.03298598593816057,0.18406151289713776,0.08676363841610424
2022/23,82,0.22028085508460718,0.2835191592093028,0.06323830412469564,0.21100952780978494,-0.009271327274822244
2022/23,81,0.13542547638280966,0.1376493844255865,0.0022239080427768343,0.13493304554095054,-0.0004924308418591261
2022/23,80,0.1969317295548086,0.2088013228500435,0.011869593295234904,0.2477461917725472,0.05081446221773861
2022/23,79,0.16066657291256073,0.14088851582314282,-0.019778057089417905,0.15672481222390275,-0.00394176068865798
2022/23,78,0.137675810245988,0.13937633826751014,0.0017005280215221519,0.14422112508171453,0.00654531483572654
2022/23,77,0.34198838976774937,0.5426892999200978,0.20070091015234848,0.47431662547269854,0.13232823570494917
2022/23,76,0.22105199630063385,0.20378180455551323,-0.017270191745120622,0.20133918969241255,-0.019712806608221306
2022/23,75,0.025803539523299862,0.027328198524207332,0.0015246590009074697,0.13655051613362673,0.11074697661032687
2022/23,74,0.12976232593076537,0.1320201106498754,0.002257784719110034,0.13553123812052442,0.005768912189759057
2022/23,83,0.38524050379150593,0.2625791632592416,-0.12266134053226435,0.48273217218862446,0.09749166839711854
2022/23,48,0.1553090982045749,0.1304237872465141,-0.02488531095806079,0.1420179003131054,-0.013291197891469486
2022/23,47,0.2908891783518065,0.2701093432111975,-0.020779835140608993,0.162696784552254,-0.1281923937995525
2022/23,46,0.4134036059275798,0.3027197104909485,-0.11068389543663132,0.2836935250324937,-0.12971008089508612
2022/23,21,0.22998523178475924,0.35130966608386405,0.1213244342991048,0.4688227334491689,0.23883750166440967
2022/23,20,0.15793731908072678,0.13656529299626355,-0.02137202608446323,0.13479731296352435,-0.023140006117202433
2022/23,19,0.20464279537368257,0.18450143124821325,-0.020141364125469324,0.1457532896858961,-0.058889505687786475
2022/23,18,0.07561733461972649,0.08188946420674813,0.006272129587021641,0.16031605586215544,0.08469872124242896
2022/23,17,0.22227975598191488,0.20002232520598345,-0.022257430775931425,0.23306600453224308,0.010786248550328198
2022/23,16,0.16288943878235904,0.1551503005629796,-0.007739138219379438,0.20041339317207685,0.03752395438971781
2022/23,15,0.24898543523331568,0.13990716280034857,-0.10907827243296711,0.2758366416753529,0.0268512064420372
2022/23,14,0.6664885670769121,0.5688104298944123,-0.09767813718249974,0.4507104599296293,-0.21577810714728274
2022/23,13,0.20184061640974363,0.20641629029947922,0.004575673889735593,0.22842110667201226,0.026580490262268636
2022/23,22,0.22311145950024636,0.1832149750731656,-0.03989648442708077,0.18519346017452634,-0.037917999325720014
2022/23,12,0.1637590798563207,0.14031331537015096,-0.02344576448616975,0.162051062396736,-0.0017080174595847097
2022/23,10,0.2458029141392642,0.2097911712353151,-0.036011742903949095,0.2247666896482814,-0.021036224490982802
2022/23,9,0.14521247930922201,0.1293456056187718,-0.01586687369045023,0.13757542372034512,-0.007637055588876895
2022/23,8,0.580276446228669,0.5415209750916736,-0.0387554711369954,0.3349364344478334,-0.24534001178083564
2022/23,7,0.3371097027801021,0.4000838464493946,0.06297414366929249,0.29464927713067895,-0.04246042564942315
2022/23,6,0.14759614815339436,0.08922751352316995,-0.05836863463022442,0.05473245042544254,-0.09286369772795183
2022/23,5,0.15872808408366645,0.15555610760865912,-0.003171976475007332,0.18387252898965112,0.025144444905984664
2022/23,4,0.16218635294642175,0.16265607426609308,0.00046972131967132347,0.14022935326708724,-0.02195699967933451
2022/23,3,0.14276768876184082,0.11532789005942934,-0.027439798702411478,0.15713027101891858,0.01436258225707776
2022/23,2,0.17121714330940951,0.17813325303676109,0.0069161097273515715,0.36074364434535455,0.18952650103594504
2022/23,11,0.37282453856750825,0.4604087339752432,0.08758419540773493,0.2360342829498348,-0.13679025561767344
2022/23,23,0.13907194558340746,0.1467412011989011,0.007669255615493642,0.15449500524995513,0.015423059666547667
2022/23,1,0.11664544068456364,0.13927172071120508,0.022626280026641438,0.097907200959786,-0.018738239724777644
2022/23,25,0.08989759689267526,0.10452719862077195,0.014629601728096686,0.12189818030165159,0.032000583408976324
2022/23,24,0.1385513197596165,0.10820935885051719,-0.030341960909099297,0.24819447274233822,0.10964315298272173
2022/23,45,0.2165912720533932,0.20156055220973812,-0.015030719843655088,0.23197634923738397,0.015385077183990764
2022/23,44,0.4031322012708215,0.32420927463010496,-0.07892292664071654,0.2749535696496904,-0.12817863162113108
2022/23,43,0.32003128240737855,0.3249826738497344,0.004951391442355846,0.3790883552509681,0.059057072843589575
2022/23,42,0.4272759351247329,0.5591799330974538,0.13190399797272095,0.2130186719358895,-0.2142572631888434
2022/23,41,0.10180201011345438,0.09519907355895507,-0.006602936554499311,0.1395288136217975,0.03772680350834312
2022/23,39,0.15999745408979707,0.16701171733078796,0.007014263240990887,0.20132757078665772,0.04133011669686065
2022/23,38,0.27167957938741727,0.2699341396995241,-0.0017454396878931466,0.3570596995811371,0.08538012019371982
2022/23,37,0.13854390862212718,0.13333349856019733,-0.005210410061929849,0.14154563509107773,0.003001726468950555
2022/23,36,0.2538668484260637,0.3380435196348173,0.0841766712087536,0.2612784375753917,0.007411589149327991
2022/23,40,0.1373911448734733,0.13994184418236527,0.002550699308891985,0.16050146514794722,0.023110320274473933
2022/23,34,0.01427739893045299,0.023862078341492548,0.009584679411039559,0.08408522713634324,0.06980782820589025
2022/23,33,0.14455702509641033,0.13806452975617337,-0.0064924953402369645,0.14961469002349848,0.005057664927088146
2022/23,32,0.15591381019413958,0.15755441284065974,0.0016406026465201617,0.18367565471666264,0.02776184452252306
2022/23,26,0.19688437646459622,0.18119953222709834,-0.015684844237497886,0.43238757372345415,0.23550319725885793
2022/23,31,0.20999095737740536,0.22031172930468834,0.010320771927282979,0.1852850636642551,-0.024705893713150268
2022/23,30,0.12478247365804673,0.15427572164582068,0.029493247987773946,0.1598815854262105,0.03509911176816377
2022/23,29,0.24485361830543828,0.22288521281509582,-0.021968405490342457,0.39914945596798546,0.15429583766254718
2022/23,28,0.24312535924384476,0.2506140776935916,0.007488718449746856,0.2600720091955073,0.016946649951662562
2022/23,27,0.11341628484532668,0.07228992374332326,-0.04112636110200342,0.2481718155661564,0.1347555307208297
2022/23,35,0.143099321062243,0.12329578238922712,-0.019803538673015875,0.12467741759150944,-0.018421903470733553
2023/24,61,0.3932741358980366,0.4824845250133628,0.0892103891153262,0.3975484734975404,0.004274337599503797
2023/24,62,0.04718985926782313,0.06393375005043392,0.016743890782610786,0.11172898886874522,0.06453912960092209
2023/24,63,0.23341340368119665,0.20182016585444676,-0.03159323782674989,0.14820219120144115,-0.0852112124797555
2023/24,67,0.04342559643110902,0.17331761606291524,0.12989201963180622,0.10062269488514594,0.05719709845403692
2023/24,65,0.19465654993817566,0.1983598252611205,0.0037032753229448434,0.26566197738971153,0.07100542745153587
2023/24,66,0.19371224532380937,0.2177473142519989,0.024035068928189518,0.17790340175799113,-0.015808843565818242
2023/24,60,0.18212117890452,0.1650768667011893,-0.01704431220333072,0.18148361047648504,-0.0006375684280349736
2023/24,64,0.15281049559511578,0.12886283454709088,-0.0239476610480249,0.1790496796551599,0.026239184060044107
2023/24,59,0.3634259904312263,0.32788550683562206,-0.035540483595604244,0.3916152896170824,0.02818929918585611
2023/24,49,0.5007638767147092,0.610375828874805,0.10961195216009578,0.4010406694748084,-0.09972320723990086
2023/24,57,0.19087319536449832,0.1954727060963029,0.00459951073180459,0.22501348367640434,0.03414028831190602
2023/24,56,0.1404114808882956,0.1297006720737507,-0.01071080881454492,0.13013408376622804,-0.010277397122067572
2023/24,55,0.4159741429429888,0.4539081989828062,0.03793405603981742,0.40922881337459316,-0.0067453295683956305
2023/24,54,0.13440048347361436,0.13168551464509434,-0.0027149688285200146,0.12981534008123882,-0.004585143392375535
2023/24,53,0.158512437199955,0.06439873360309434,-0.09411370359686067,0.22114795386449237,0.06263551666453737
2023/24,52,0.2186030636305691,0.22824892370315014,0.00964586007258103,0.22341929898693552,0.004816235356366411
2023/24,51,0.12882522763531404,0.16050264779238102,0.03167742015706698,0.166845449950693,0.038020222315378965
2023/24,50,0.11057645331517826,0.11301202471071967,0.0024355713955414027,0.1935463422945646,0.08296988897938634
2023/24,68,0.14196771711271544,0.1354564563339215,-0.006511260778793937,0.12837641162737184,-0.013591305485343597
2023/24,58,0.13895770773581895,0.08938259747471114,-0.04957511026110781,0.160760195391701,0.021802487655882052
2023/24,69,0.22981658013541234,0.2715928336171408,0.041776253481728476,0.150374547798981,-0.07944203233643135
2023/24,80,0.26969641707622516,0.25403135865412685,-0.01566505842209831,0.2099599047735966,-0.05973651230262855
2023/24,71,0.15929445645739834,0.148191482799888,-0.01110297365751034,0.14700925639738802,-0.012285200060010326
2023/24,48,0.13788078994658431,0.1534545292753786,0.015573739328794273,0.19176470210923716,0.05388391216265284
2023/24,91,0.022689344393830576,0.0186870172789751,-0.004002327114855476,0.031596289914874405,0.008906945521043829
2023/24,90,0.2740247981448448,0.21178326243997592,-0.0622415357048689,0.27908656330716286,0.005061765162318044
2023/24,89,0.24174284156086887,0.14765751763390544,-0.09408532392696342,0.2789606401186494,0.03721779855778054
2023/24,88,0.03835948451965509,0.02404637846199835,-0.01431310605765674,0.06341658451683878,0.02505709999718369
2023/24,87,0.017452319561260483,0.010685434751048927,-0.006766884810211557,0.055780310669916774,0.03832799110865629
2023/24,86,0.1635828968259887,0.19857850380088632,0.03499560697489762,0.11124049017370313,-0.05234240665228557
2023/24,85,0.14310360077677473,0.14253039126847297,-0.000573209508301753,0.14487461990055578,0.0017710191237810535
2023/24,84,0.14283806448151473,0.18945011576536436,0.046612051283849626,0.15298997972152623,0.010151915240011494
2023/24,92,0.4850383219932888,0.3921202455313745,-0.0929180764619143,0.37771316976601493,-0.10732515222727385
2023/24,83,0.04642314212661294,0.0740203075321968,0.02759716540558385,0.08862857615620406,0.04220543402959112
2023/24,81,0.09282274721452932,0.1262657602172312,0.03344301300270189,0.07302793239597948,-0.019794814818549847
2023/24,79,0.14577947119307585,0.13574990640379847,-0.010029564789277384,0.15756778130386817,0.011788310110792316
2023/24,78,0.15161816562217345,0.17081479333956992,0.01919662771739647,0.12930043543899533,-0.02231773018317812
2023/24,77,0.239388815294192,0.2530633931604551,0.01367457786626311,0.2293199980549791,-0.010068817239212907
2023/24,76,0.22988550547944894,0.14641664571004334,-0.0834688597694056,0.29299285085502047,0.06310734537557153
2023/24,75,0.11646058617167819,0.13625913839217582,0.01979855222049763,0.15093753236566132,0.03447694619398313
2023/24,74,0.3741550754653468,0.4060222743954799,0.03186719893013307,0.34297801032957187,-0.03117706513577495
2023/24,73,0.12757192424721936,0.13325573846890035,0.005683814221680988,0.13344045323856846,0.005868528991349098
2023/24,72,0.1314035782326508,0.23496214149827374,0.10355856326562293,0.172696208993779,0.041292630761128185
2023/24,82,0.1825592483481924,0.08592835302249235,-0.09663089532570004,0.2270397535294892,0.044480505181296814
2023/24,47,0.028603416670787155,0.022269632617035386,-0.006333784053751769,0.057744431375832364,0.02914101470504521
2023/24,70,0.0884160449702234,0.0377501753371948,-0.050665869633028604,0.15443115946696231,0.06601511449673891
2023/24,45,0.07694135408655844,0.031683596806113504,-0.04525775728044494,0.07682829790056736,-0.00011305618599108391
2023/24,20,0.11319013341064185,0.10747615055445137,-0.005713982856190486,0.1498296804451854,0.03663954703454356
2023/24,19,0.1339362981685473,0.07679829362018473,-0.05713800454836257,0.1576645359085465,0.023728237739999214
2023/24,18,0.03938842591123355,0.013044363279174674,-0.02634406263205888,0.21662985622026534,0.17724143030903178
2023/24,17,0.12105868032191278,0.1347397185826742,0.013681038260761419,0.19034936460239915,0.06929068428048638
2023/24,16,0.13592202011934618,0.13273649476991797,-0.003185525349428203,0.14175929084038552,0.005837270721039345
2023/24,15,0.3758565977581237,0.3182894785016844,-0.057567119256439314,0.33740563042693833,-0.03845096733118536
2023/24,14,0.1900989139231859,0.18180672937527026,-0.008292184547915638,0.25795137212489244,0.06785245820170654
2023/24,13,0.16426089890353954,0.12280723108299121,-0.04145366782054832,0.2451425570984343,0.08088165819489476
2023/24,11,0.05900004719861849,0.036511306465520504,-0.022488740733097985,0.0511315980730557,-0.007868449125562789
2023/24,10,0.1773015201283752,0.17801781922499166,0.0007162990966164684,0.13904428965857416,-0.038257230469801035
2023/24,9,0.3242702225122197,0.29008501699477335,-0.03418520551744636,0.3729594860321029,0.048689263519883175
2023/24,8,0.20093068131089384,0.1574064777003551,-0.04352420361053874,0.16820005410481845,-0.03273062720607539
2023/24,7,0.07011201561463196,0.028617929007220946,-0.04149408660741101,0.10938084419804509,0.03926882858341313
2023/24,6,0.13056881647890045,0.10833343965981136,-0.02223537681908909,0.20156100741402333,0.07099219093512288
2023/24,5,0.02932077635441186,0.009922925601049543,-0.019397850753362318,0.09983950105764662,0.07051872470323475
2023/24,4,0.19252179210458212,0.13782657969808293,-0.05469521240649919,0.25936848462406153,0.06684669251947942
2023/24,3,0.0399373576136659,0.07611043610465638,0.03617307849099048,0.0895033935334651,0.0495660359197992
2023/24,2,0.14355477268090172,0.16273283498918492,0.0191780623082832,0.1919094631433477,0.048354690462445976
2023/24,1,0.06865987486696094,0.0491861458149732,-0.019473729051987743,0.15303358354937274,0.0843737086824118
2023/24,21,0.5857585856680809,0.6362955395541285,0.05053695388604762,0.37418428686017186,-0.21157429880790907
2023/24,22,0.34378399489008177,0.2697982140873805,-0.0739857808027013,0.41455047116390176,0.07076647627381999
2023/24,12,0.11041773232082647,0.06849162983955286,-0.04192610248127361,0.20809967011077243,0.09768193778994597
2023/24,24,0.027681530516111885,0.021899901846155024,-0.005781628669956861,0.05357923348886847,0.025897702972756585
2023/24,23,0.1910755306775669,0.2572207570798926,0.0661452264023257,0.19496098981339938,0.003885459135832464
2023/24,43,0.20156555920779068,0.18359217771852115,-0.017973381489269524,0.2405392409258008,0.038973681718010134
2023/24,42,0.014030512722917098,0.019664859840421156,0.005634347117504058,0.09501043778027682,0.08097992505735972
2023/24,41,0.1347775793232352,0.14683628626790438,0.012058706944669179,0.1358354546261518,0.0010578753029165944
2023/24,40,0.12373653666244179,0.12789103910075,0.0041545024383082135,0.20408280640168386,0.08034626973924207
2023/24,39,0.1689114891857168,0.19149354522945036,0.02258205604373356,0.17887578184223982,0.009964292656523016
2023/24,38,0.42696399877354446,0.3920203951363432,-0.03494360363720128,0.3534159759876409,-0.07354802278590356
2023/24,37,0.19365526540556,0.22250354589194737,0.02884828048638738,0.19000861958423085,-0.0036466458213291475
2023/24,36,0.061500832170862385,0.059084371860774434,-0.0024164603100879506,0.16400849107546445,0.10250765890460206
2023/24,35,0.2832037642357278,0.38197002664391155,0.09876626240818376,0.37302957187349983,0.08982580763777204
2023/24,44,0.05572272545504363,0.07162092304054288,0.01589819758549925,0.10402761385332336,0.04830488839827973
2023/24,46,0.16205303867817547,0.12211957274090705,-0.03993346593726842,0.2566438295219717,0.09459079084379621
2023/24,34,0.12875054084572232,0.104552321476725,-0.024198219368997326,0.13751212043616604,0.008761579590443713
2023/24,26,0.36478578839627934,0.36514822328720675,0.00036243489092741,0.41614412067570183,0.05135833227942249
2023/24,27,0.21712136824130357,0.18498806447150243,-0.03213330376980114,0.16866142367642303,-0.048459944564880536
2023/24,28,0.28147873843668186,0.2869962508188202,0.005517512382138323,0.18974630542707133,-0.09173243300961054
2023/24,25,0.1594889958487455,0.14805437392801546,-0.011434621920730054,0.1501599593225192,-0.009329036526226325
2023/24,30,0.17789737437045652,0.17081229404769527,-0.007085080322761256,0.14838886047571767,-0.029508513894738853
2023/24,31,0.5285001550559374,0.6262645143897303,0.0977643593337929,0.3224650575257769,-0.20603509753016047
2023/24,32,0.1856454710967453,0.08830903277197776,-0.09733643832476756,0.25202991096794686,0.06638443987120154
2023/24,33,0.2338012034014665,0.2095901489050403,-0.024211054496426215,0.22009077334043564,-0.01371043006103087
2023/24,29,0.20655167115284406,0.22056556232773505,0.014013891174890991,0.15701578529235072,-0.049535885860493345
2024/25,61,0.25586760138379216,0.25140485767108955,-0.00446274371270261,0.35968649909394257,0.1038188977101504
2024/25,68,0.24881163914322332,0.24729144047586418,-0.0015201986673591406,0.2932061757130582,0.04439453656983486
2024/25,67,0.13132756503669601,0.13517890368618465,0.0038513386494886392,0.1251762564005101,-0.006151308636185904
2024/25,66,0.14480880992577738,0.12929897204195834,-0.015509837883819044,0.1317496878924055,-0.013059122033371895
2024/25,65,0.13867848040873437,0.14618027866492994,0.007501798256195569,0.12465328768523526,-0.014025192723499114
2024/25,64,0.13926516895834756,0.13125581950414453,-0.008009349454203035,0.1283557649639973,-0.010909403994350253
2024/25,63,0.026653005693567527,0.028074782815441894,0.0014217771218743673,0.11929982516033626,0.09264681946676873
2024/25,62,0.07655499873961825,0.14475940298126738,0.06820440424164913,0.26307525806154164,0.1865202593219234
2024/25,60,0.09455635176186958,0.0722324428568068,-0.022323908905062778,0.15507063845907748,0.0605142866972079
2024/25,69,0.05461497417984543,0.033774111429881556,-0.02084086274996387,0.22308045057196407,0.16846547639211865
2024/25,58,0.3362055218718339,0.3111076543942841,-0.025097867477549773,0.3606100070199929,0.024404485148159016
2024/25,57,0.5388148699903532,0.558508126176033,0.01969325618567974,0.48569410408770247,-0.053120765902650746
2024/25,56,0.026829413411460116,0.050621754797872426,0.02379234138641231,0.22756207036823248,0.20073265695677237
2024/25,55,0.14253646357083313,0.1293147265997242,-0.013221736971108927,0.12466168440073788,-0.01787477917009525
2024/25,53,0.07661227245678762,0.15397527201236816,0.07736299955558054,0.22745270035770593,0.1508404279009183
2024/25,52,0.04029650705883387,0.03517342181544779,-0.005123085243386082,0.07068741951527509,0.030390912456441217
2024/25,51,0.11290031835689252,0.10013945148897588,-0.012760866867916637,0.17212738740410233,0.05922706904720981
2024/25,50,0.19293341432005376,0.22722444605588196,0.034291031735828204,0.1783984787625266,-0.014534935557527162
2024/25,49,0.13730483365085533,0.13378305814722707,-0.003521775503628255,0.12830275962436957,-0.009002074026485757
2024/25,59,0.1065139322547422,0.17843808473207953,0.07192415247733733,0.21433492074230387,0.10782098848756166
2024/25,54,0.13261791115435406,0.17664437413919842,0.04402646298484436,0.13363287805179253,0.001014966897438463
2024/25,92,0.05567874773269163,0.11242085462050305,0.05674210688781142,0.06376473515579816,0.008085987423106525
2024/25,72,0.12871035195716674,0.1376052737953875,0.00889492183822077,0.15422845909617316,0.02551810713900643
2024/25,48,0.143029178460489,0.1485875212782261,0.005558342817737122,0.13472893257816612,-0.008300245882322865
2024/25,91,0.15149811264107102,0.39595166070803134,0.24445354806696032,0.3089905632083026,0.15749245056723157
2024/25,90,0.2501341842149034,0.30656731268002074,0.05643312846511733,0.3792645377793743,0.1291303535644709
2024/25,89,0.2099483083018031,0.2514047191140218,0.04145641081221868,0.25428271350329984,0.04433440520149673
2024/25,88,0.3580615823262174,0.46207210652211594,0.10401052419589857,0.3679684313696613,0.00990684904344391
2024/25,87,0.024601550062213234,0.012036587783692335,-0.0125649622785209,0.10565095760311956,0.08104940754090632
2024/25,86,0.12591981426035592,0.13643747682197743,0.01051766256162151,0.1356252474621829,0.009705433201826985
2024/25,85,0.366671917176205,0.31034874786811084,-0.05632316930809417,0.23911989375091197,-0.12755202342529304
2024/25,84,0.2852069241149465,0.42981592989349593,0.1446090057785494,0.31517390515575266,0.02996698104080614
2024/25,71,0.25206040448714306,0.18626125203683302,-0.06579915245031004,0.2021003963299101,-0.04996000815723298
2024/25,83,0.2831387834501081,0.2663629266429505,-0.016775856807157596,0.3812956987332387,0.09815691528313059
2024/25,81,0.2121767195827294,0.20290464065954084,-0.00927207892318857,0.12907982890535966,-0.08309689067736975
2024/25,80,0.13527979185644595,0.17364030055058283,0.038360508694136874,0.23387540192369605,0.0985956100672501
2024/25,79,0.22910159781910128,0.20288465154840804,-0.026216946270693237,0.19067285652384808,-0.0384287412952532
2024/25,78,0.014425247322979019,0.014331939885344501,-9.330743763451797e-05,0.05840690684014618,0.04398165951716716
2024/25,77,0.4336388675522661,0.37472633995435223,-0.05891252759791388,0.3951518553764439,-0.03848701217582223
2024/25,76,0.16063044767035523,0.16032383165007089,-0.0003066160202843393,0.13857427645533008,-0.02205617121502515
2024/25,75,0.1783412820065542,0.1352932218829218,-0.04304806012363238,0.15046849545248098,-0.027872786554073214
2024/25,74,0.4105412540165715,0.4508025777582281,0.040261323741656585,0.37070495262059605,-0.03983630139597544
2024/25,73,0.14363042875166554,0.13576414632755132,-0.007866282424114218,0.13144570974893152,-0.012184719002734018
2024/25,82,0.07991345869424984,0.08139256301723438,0.0014791043229845369,0.20787366890885134,0.1279602102146015
2024/25,47,0.06978618813457488,0.12278208881882022,0.05299590068424534,0.1651480707251978,0.09536188259062292
2024/25,70,0.15695932120989103,0.14667724081192768,-0.010282080397963356,0.15221105466173604,-0.004748266548154995
2024/25,45,0.3349406882226588,0.23521660800947733,-0.09972408021318149,0.36313336053679496,0.028192672314136136
2024/25,20,0.20943359095506384,0.20675426502818434,-0.0026793259268795,0.20890009260982043,-0.0005334983452434106
2024/25,19,0.17267967289787017,0.1714503140089015,-0.0012293588889686624,0.2671404520146485,0.0944607791167783
2024/25,18,0.16330290685184473,0.26285398186026177,0.09955107500841703,0.2518137586515204,0.08851085179967566
2024/25,17,0.3930720208816676,0.33317480174936154,-0.05989721913230606,0.2418222534634143,-0.1512497674182533
2024/25,16,0.3542917128733824,0.2874904243235389,-0.06680128854984352,0.2087075025304428,-0.1455842103429396
2024/25,15,0.2756141321452752,0.2637050961391774,-0.011909036006097773,0.1949918944084719,-0.0806222377368033
2024/25,14,0.2679284824358787,0.23292230947365522,-0.03500617296222347,0.2784007418925205,0.01047225945664182
2024/25,13,0.1439534940964741,0.1568733858242766,0.012919891727802502,0.14281713655484704,-0.0011363575416270533
2024/25,46,0.4879465992034106,0.45931222227587026,-0.02863437692754034,0.3798965336121061,-0.10805006559130448
2024/25,21,0.033779466427037434,0.025670424407929618,-0.008109042019107816,0.07721143426946563,0.04343196784242819
2024/25,11,0.1472505165534788,0.15645892408933657,0.009208407535857777,0.1584942474232073,0.011243730869728519
2024/25,9,0.8106949425170238,0.7859118787067279,-0.024783063810295936,0.6520474595675705,-0.1586474829494533
2024/25,8,0.5775391586328664,0.6254779017245826,0.047938743091716196,0.2913403478637708,-0.28619881076909565
2024/25,7,0.18450569333589198,0.21874390295520038,0.0342382096193084,0.14193805075017213,-0.04256764258571985
2024/25,6,0.637311922441919,0.6687359285842922,0.03142400614237317,0.6159723056320081,-0.021339616809910922
2024/25,5,0.1843922311703316,0.15803878534543045,-0.02635344582490115,0.1642743101759086,-0.020117920994423
2024/25,4,0.17001818781036188,0.12705679645155196,-0.042961391358809914,0.1417877267713359,-0.02823046103902599
2024/25,3,0.22060951202214604,0.2653730739189509,0.04476356189680483,0.28238352007327716,0.06177400805113112
2024/25,2,0.4785464107555839,0.5417758225174634,0.06322941176187946,0.34864134282838627,-0.12990506792719764
2024/25,1,0.11863697436025344,0.11953860097950761,0.0009016266192541644,0.13068219148003024,0.012045217119776797
2024/25,10,0.5246723570489209,0.40352222866924436,-0.12115012837967654,0.4271075093276227,-0.0975648477212982
2024/25,22,0.21236028738124685,0.2602076235703246,0.04784733618907777,0.20023003540335962,-0.012130251977887224
2024/25,12,0.15299333592642256,0.2115227759337467,0.05852944000732413,0.22668391137944666,0.0736905754530241
2024/25,24,0.21420987045673295,0.2068537179068064,-0.007356152549926553,0.294619619764397,0.08040974930766404
2024/25,23,0.5547645710153093,0.48349707403846975,-0.07126749697683954,0.5188127868661683,-0.03595178414914102
2024/25,44,0.23288214472922325,0.2367805047180768,0.0038983599888535447,0.19495185229592604,-0.03793029243329721
2024/25,43,0.22897026864840098,0.3228067233018241,0.09383645465342311,0.3771410236211799,0.14817075497277893
2024/25,42,0.31007046092456064,0.3303279196267531,0.020257458702192477,0.19643970833305618,-0.11363075259150446
2024/25,41,0.2181319262081515,0.2521500892225807,0.0340181630144292,0.17926635677101152,-0.03886556943713998
2024/25,40,0.2429876009080271,0.18763611466428062,-0.05535148624374647,0.24970946626416549,0.00672186535613839
2024/25,38,0.13844340514085332,0.13675520585386922,-0.0016881992869841045,0.1279629403436346,-0.01048046479721873
2024/25,37,0.24035010742245255,0.21011942756044796,-0.03023067986200459,0.29847586575973906,0.058125758337286504
2024/25,36,0.07111870807795913,0.1165550409290478,0.04543633285108867,0.1575096316005693,0.08639092352261017
2024/25,35,0.19314799411813016,0.19056127932524253,-0.0025867147928876344,0.3291599043571445,0.13601191023901432
2024/25,39,0.405353511887051,0.2501851158883507,-0.1551683959987003,0.3043341585481145,-0.10101935333893647
2024/25,33,0.2957314972195249,0.2220854520944183,-0.07364604512510661,0.2821091909748274,-0.013622306244697513
2024/25,34,0.17435113042422037,0.2955004513623413,0.12114932093812095,0.23339551293710797,0.0590443825128876
2024/25,26,0.025272553283137232,0.010300623056202381,-0.01497193022693485,0.07697506596050038,0.05170251267736315
2024/25,27,0.2631695746399607,0.3146862758346492,0.051516701194688486,0.22556093942859265,-0.03760863521136806
2024/25,28,0.48013088433547185,0.42237934835705204,-0.05775153597841981,0.3962701108656801,-0.08386077346979176
2024/25,25,0.1207207313260509,0.13125137030187034,0.010530638975819434,0.12117772268968502,0.00045699136363411275
2024/25,30,0.06403237071253952,0.056979466942136944,-0.007052903770402574,0.1423701436333065,0.07833777292076698
2024/25,31,0.20254483085409108,0.2358604319197387,0.033315601065647626,0.20511345954298044,0.0025686286888893517
2024/25,32,0.08768786656898975,0.08033378629010336,-0.007354080278886385,0.09983909700710054,0.012151230438110797
2024/25,29,0.10784431534606337,0.10710165357355614,-0.0007426617725072304,0.3272488880052399,0.2194045726591765
2025/26,61,0.2206840409412803,0.16273225423600418,-0.05795178670527612,0.2748353555620808,0.05415131462080047
2025/26,68,0.13767464092698695,0.13033280297060937,-0.007341837956377578,0.13222645643441128,-0.0054481844925756695
2025/26,67,0.09544468397026552,0.06589610596551738,-0.02954857800474814,0.13050904769780647,0.035064363727540945
2025/26,66,0.21647624619260825,0.20495364970752736,-0.011522596485080888,0.22132138006228624,0.004845133869677998
2025/26,65,0.1589134304337758,0.12007495057014372,-0.038838479863632064,0.21689524387276293,0.057981813438987145
2025/26,64,0.13875001063908057,0.14309696774309932,0.0043469571040187505,0.13182985377817447,-0.006920156860906107
2025/26,63,0.1285554434464205,0.14752128926439645,0.018965845817975946,0.08826988003297338,-0.04028556341344712
2025/26,62,0.13106562805554822,0.22566481705668293,0.0945991890011347,0.21705425946998502,0.0859886314144368
2025/26,60,0.1380684301161592,0.13986418833633513,0.0017957582201759137,0.13870974090342114,0.0006413107872619284
2025/26,49,0.37791229649405494,0.3512498568112903,-0.02666243968276466,0.29716818959316216,-0.08074410690089279
2025/26,58,0.13911178948818828,0.13669671054648624,-0.002415078941702037,0.12623292295319097,-0.012878866534997313
2025/26,57,0.06919311206985561,0.07799806321280531,0.008804951142949699,0.06378191943655191,-0.005411192633303696
2025/26,56,0.11661671226551772,0.1070174576897014,-0.009599254575816313,0.14207967602902877,0.02546296376351105
2025/26,55,0.16225462740948726,0.13777272872533894,-0.024481898684148323,0.24380891972013813,0.08155429231065087
2025/26,54,0.2195476535852256,0.21217687352363207,-0.007370780061593529,0.29027700067508,0.0707293470898544
2025/26,53,0.3111179650693622,0.2158671162777834,-0.09525084879157877,0.32091054485250703,0.00979257978314485
2025/26,52,0.5688557351764735,0.6017700389702341,0.03291430379376059,0.4303049782356895,-0.138550756940784
2025/26,51,0.3688092487954937,0.3426121191080087,-0.026197129687485,0.33305445698158387,-0.035754791813909836
2025/26,50,0.14371620206038271,0.12698253843439797,-0.016733663625984746,0.13031676831789626,-0.01339943374248645
2025/26,59,0.1056871496434101,0.08517417922786444,-0.02051297041554566,0.09703668956464152,-0.008650460078768574
2025/26,69,0.1488101728885696,0.14884635704925453,3.618416068493224e-05,0.1496412794230888,0.0008311065345192048
2025/26,92,0.26842156388046984,0.4751295756383872,0.20670801175791736,0.3033099089058165,0.034888345025346656
2025/26,71,0.2616931649076675,0.2036508598396276,-0.05804230506803987,0.2348671964200145,-0.02682596848765298
2025/26,48,0.04946901006857431,0.04078966801767203,-0.008679342050902275,0.12116004295893865,0.07169103289036434
2025/26,91,0.20159804707772716,0.263608567859405,0.06201052078167785,0.27630759143475514,0.07470954435702798
2025/26,90,0.26347673760051304,0.2772788773355625,0.013802139735049457,0.18491371655764532,-0.07856302104286772
2025/26,89,0.21791008171449125,0.37402966147558275,0.1561195797610915,0.30136430998154284,0.0834542282670516
2025/26,88,0.3484988310920565,0.2589227547274509,-0.08957607636460557,0.33262852746232147,-0.015870303629735016
2025/26,87,0.027853745378761785,0.018550806826698796,-0.00930293855206299,0.02922790144783497,0.001374156069073186
2025/26,86,0.14185976972472758,0.16707485500494568,0.025215085280218097,0.15755805425784078,0.0156982845331132
2025/26,85,0.5738251111027357,0.46674452799457966,-0.10708058310815605,0.3794324269451073,-0.1943926841576284
2025/26,84,0.2615981276756262,0.3203506218385015,0.05875249416287531,0.2263545438309761,-0.03524358384465007
2025/26,83,0.4897162112308656,0.3496400617703621,-0.1400761494605035,0.37586673297545165,-0.11384947825541397
2025/26,82,0.02827768523995049,0.039330162575346404,0.011052477335395914,0.07517698877906426,0.04689930353911377
2025/26,81,0.07580785352284382,0.08192220657204734,0.006114353049203519,0.12156576743758722,0.0457579139147434
2025/26,80,0.19863072448701982,0.18487157238636875,-0.013759152100651068,0.2295894234339331,0.030958698946913277
2025/26,79,0.07096453624728863,0.08007199921170713,0.0091074629644185,0.07109218869339637,0.00012765244610773996
2025/26,78,0.15064631764435987,0.16671507847719985,0.01606876083283998,0.23188417960494156,0.08123786196058169
2025/26,77,0.08672551112312375,0.12627036361363608,0.03954485249051233,0.09999965675694794,0.013274145633824189
2025/26,76,0.15626850772361334,0.1441915251851129,-0.012076982538500425,0.16500793382232554,0.0087394260987122
2025/26,75,0.38392531243974076,0.39869080878682084,0.014765496347080076,0.4254757484890001,0.04155043604925934
2025/26,74,0.11157815294165925,0.25459151334455665,0.14301336040289742,0.2182436307029716,0.10666547776131234
2025/26,73,0.5111411029851072,0.4695303884065332,-0.04161071457857396,0.4444283832723014,-0.06671271971280579
2025/26,72,0.3381909761240144,0.3848457457504262,0.046654769626411796,0.31935438109186565,-0.01883659503214874
2025/26,70,0.36331777048910513,0.2849965528543081,-0.07832121763479705,0.3430449174692872,-0.020272853019817905
2025/26,47,0.2232082739258742,0.22265697044539604,-0.0005513034804781602,0.19664147177868385,-0.026566802147190344
2025/26,24,0.19102614350072655,0.2061330460397574,0.015106902539030853,0.15782051055467142,-0.033205632946055136
2025/26,45,0.2563129794263318,0.27710429862200925,0.02079131919567745,0.21472297434967674,-0.04159000507665506
2025/26,19,0.08903400111963743,0.09036890759095945,0.00133490647132202,0.10175670225663418,0.01272270113699675
2025/26,18,0.22190001477253168,0.23219908898357713,0.01029907421104545,0.22467866069054712,0.0027786459180154377
2025/26,17,0.0989747364550031,0.10632843645185214,0.007353699996849039,0.08795527158665807,-0.011019464868345027
2025/26,16,0.15759183592364173,0.2033425147884194,0.045750678864777655,0.18235542400718363,0.0247635880835419
2025/26,15,0.13910228877796282,0.13405259127118405,-0.0050496975067787775,0.13646697811434827,-0.002635310663614554
2025/26,14,0.11004658477498243,0.15484507855917987,0.04479849378419744,0.22628214471429886,0.11623555993931643
2025/26,13,0.3801724196847882,0.31733131020879446,-0.06284110947599375,0.3764987774738486,-0.0036736422109396316
2025/26,12,0.13465077087635283,0.12739500706594775,-0.007255763810405075,0.13354913038826255,-0.0011016404880902775
2025/26,11,0.34150018184783865,0.2756871036975338,-0.06581307815030485,0.30526179860753605,-0.036238383240302596
2025/26,20,0.3072763540012757,0.32527163647554336,0.017995282474267682,0.31313713159151957,0.005860777590243893
2025/26,10,0.14821583326886792,0.15218311770739418,0.0039672844385262584,0.136651529918814,-0.011564303350053928
2025/26,8,0.13961543473615395,0.13170095917154764,-0.00791447556460631,0.12704516614790196,-0.012570268588251998
2025/26,7,0.18857261867161035,0.13771371390156265,-0.0508589047700477,0.19510263062864378,0.006530011957033427
2025/26,6,0.04716855153007038,0.051234797871503875,0.004066246341433495,0.1539709065095775,0.10680235497950713
2025/26,5,0.037215000993770744,0.028484565104598042,-0.008730435889172702,0.04586847973013413,0.008653478736363386
2025/26,4,0.17863356374733108,0.17223181305952467,-0.006401750687806407,0.30980545737016185,0.13117189362283077
2025/26,3,0.07120489779422562,0.059839804421065734,-0.011365093373159885,0.09929431242330249,0.028089414629076867
2025/26,2,0.17666430095040625,0.1544303215750552,-0.022233979375351043,0.29679410506993686,0.12012980411953061
2025/26,1,0.18025564512932143,0.21386366005592655,0.03360801492660512,0.18168807780697221,0.00143243267765078
2025/26,93,0.2592383189630215,0.2742053812022003,0.014967062239178763,0.22261386836283714,-0.03662445060018438
2025/26,9,0.15977443047476747,0.08638090403880871,-0.07339352643595876,0.16520579560238174,0.005431365127614274
2025/26,46,0.04871489517606355,0.04678493963367258,-0.0019299555423909695,0.08567980163954535,0.0369649064634818
2025/26,21,0.3289581192305156,0.4134658543385459,0.08450773510803028,0.3711666068505145,0.0422084876199989
2025/26,23,0.1648423413977005,0.16535774386539284,0.0005154024676923552,0.25306811997957684,0.08822577858187636
2025/26,44,0.0814167887022465,0.0761146817499263,-0.005302106952320196,0.12981685468824714,0.048400065986000634
2025/26,43,0.42130747768332544,0.35285485154440677,-0.06845262613891867,0.4499520081637006,0.028644530480375185
2025/26,42,0.2854351475229959,0.28827091649351355,0.002835768970517627,0.2665022332275578,-0.01893291429543814
2025/26,41,0.14945155700946464,0.15398224686231282,0.004530689852848185,0.13878103337197478,-0.010670523637489854
2025/26,40,0.15175260935509838,0.15385247443354502,0.0020998650784466444,0.17592165239000543,0.02416904303490705
2025/26,39,0.15277202478753094,0.13582104450619675,-0.016950980281334183,0.1298516958887116,-0.022920328898819342
2025/26,38,0.14802550007679408,0.15113102367987602,0.0031055236030819444,0.21511127837167518,0.0670857782948811
2025/26,37,0.3373142961733304,0.2897273107475096,-0.047586985425820794,0.28312540034413536,-0.05418889582919506
2025/26,36,0.17959593024302342,0.19204788734010014,0.012451957097076721,0.15257480247918384,-0.02702112776383958
2025/26,22,0.24983680807391984,0.2537323354746506,0.0038955274007307916,0.1679405287080632,-0.08189627936585664
2025/26,35,0.14418745871459987,0.1314086332650976,-0.012778825449502262,0.1359267984352966,-0.008260660279303278
2025/26,33,0.09120047573776445,0.0854243197303489,-0.005776156007415545,0.10132266203342324,0.010122186295658794
2025/26,32,0.06741799194418821,0.06829505804436731,0.0008770661001790969,0.10784393815673429,0.04042594621254608
2025/26,31,0.21064193280182822,0.17855329151595706,-0.03208864128587116,0.2466135682020642,0.035971635400235985
2025/26,30,0.23010379832424738,0.2833163721121622,0.05321257378791483,0.2846375851766378,0.05453378685239041
2025/26,29,0.17712712522905488,0.2021528928653338,0.025025767636278923,0.2566282470403962,0.07950112181134134
2025/26,28,0.07351822483199673,0.0648109692723295,-0.008707255559667226,0.08931056433626114,0.01579233950426441
2025/26,27,0.2622642622480324,0.3013225773796905,0.03905831513165808,0.3804691335056859,0.1182048712576535
2025/26,26,0.05158016720791492,0.01632130361678329,-0.03525886359113163,0.046733645763894195,-0.0048465214440207224
2025/26,25,0.13078764335013512,0.13213126795473312,0.0013436246045979983,0.13183649931559344,0.0010488559654583118
2025/26,34,0.46179681079656915,0.4666902914280595,0.004893480631490366,0.396272626294355,-0.06552418450221414
2025/26,94,0.15132486457817992,0.18826713835447723,0.0369422737762973,0.1677085789708014,0.016383714392621485
