season,team_home_advantage,team_home_prior_sd,match_id,date,home_team,away_team,home_goals,away_goals,season_game,holdout_game,actual_result,actual_result_idx,p_home_v2,p_draw_v2,p_away_v2,p_home_book,p_draw_book,p_away_book,rps_v2,rps_book,d_book_v2,rps_paper,d_paper_v2
2016/17,False,0.15,2016/17|2017-03-12|Hamburg|M'gladbach,2017-03-12,Hamburg,M'gladbach,2,1,215,1,home_win,0,0.2719825645705775,0.31136902054896953,0.4166484148804528,0.37432299641216665,0.3113416668571037,0.31433533673072966,0.3518026439558137,0.24513920836813544,-0.10666343558767824,0.24012095461495597,-0.1116816893408577
2016/17,False,0.15,2016/17|2017-05-06|Bayern Munich|Darmstadt,2017-05-06,Bayern Munich,Darmstadt,1,0,281,67,home_win,0,0.871797250702372,0.071597969393081,0.05660477990454702,0.9010479709498631,0.06727001974899663,0.031682009301140346,0.009820023017756332,0.005397626883248337,-0.0044223961345079945,0.05546983686197958,0.045649813844223244
2016/17,False,0.15,2016/17|2017-05-05|FC Koln|Werder Bremen,2017-05-05,FC Koln,Werder Bremen,4,3,280,66,home_win,0,0.5063079504751153,0.26825216261826945,0.22543988690661557,0.41027762592160283,0.2754391926833233,0.31428318139507394,0.1472774911862743,0.223273198298235,0.07599570711196069,0.22850832570622764,0.08123083451995333
2016/17,False,0.15,2016/17|2017-04-30|Hoffenheim|Ein Frankfurt,2017-04-30,Hoffenheim,Ein Frankfurt,1,0,279,65,home_win,0,0.4581848520987579,0.29564323705517503,0.24617191084606738,0.6584686263404176,0.20786403670491999,0.13366733695466243,0.1770821320924244,0.06725531808117628,-0.10982681401124812,0.09500661477351557,-0.08207551731890883
2016/17,False,0.15,2016/17|2017-04-30|Augsburg|Hamburg,2017-04-30,Augsburg,Hamburg,4,0,278,64,home_win,0,0.4057674794606012,0.2955656505830311,0.29866686995636793,0.3879631932355136,0.29743844814722703,0.3145983586172593,0.22115709383807045,0.23678059003957147,0.015623496201501025,0.20536224134806672,-0.01579485249000373
2016/17,False,0.15,2016/17|2017-04-29|Wolfsburg|Bayern Munich,2017-04-29,Wolfsburg,Bayern Munich,0,6,277,63,away_win,2,0.1964261043849683,0.25055213391257103,0.5530217617024608,0.1192571606065455,0.18053293926073738,0.7002099001327172,0.11918637999771317,0.05204818716718542,-0.06713819283052774,0.176580740851549,0.05739436085383584
2016/17,False,0.15,2016/17|2017-04-29|Werder Bremen|Hertha,2017-04-29,Werder Bremen,Hertha,2,0,276,62,home_win,0,0.47629238046076944,0.27788444243904153,0.2458231771001887,0.5448287930933908,0.24517295689202587,0.2099982500145832,0.16734935258153918,0.12564004630300332,-0.04170930627853586,0.11719024739459132,-0.05015910518694787
2016/17,False,0.15,2016/17|2017-04-29|RB Leipzig|Ingolstadt,2017-04-29,RB Leipzig,Ingolstadt,0,0,275,61,draw,1,0.5385455445690479,0.2646590675091579,0.19679538792179407,0.6200639276243105,0.22115146854320789,0.1587846038324815,0.1643798641412309,0.20484591237756217,0.040466048236331265,0.25780849199919653,0.09342862785796563
2016/17,False,0.15,2016/17|2017-04-29|Mainz|M'gladbach,2017-04-29,Mainz,M'gladbach,1,2,274,60,away_win,2,0.38695817320828063,0.3273378190042401,0.28570400778747923,0.4538558786346397,0.2730720606826802,0.2730720606826802,0.3299776961517796,0.367204693765673,0.03722699761389342,0.321209260278983,-0.008768435872796576
2016/17,False,0.15,2016/17|2017-04-29|Dortmund|FC Koln,2017-04-29,Dortmund,FC Koln,0,0,273,59,draw,1,0.6947941751576943,0.19135493069399667,0.11385089414830904,0.7546580308183715,0.15305077068079298,0.09229119850083564,0.2478504859657151,0.28901320439969136,0.04116271843397626,0.21087151207068294,-0.03697897389503216
2016/17,False,0.15,2016/17|2017-04-29|Darmstadt|Freiburg,2017-04-29,Darmstadt,Freiburg,3,0,272,58,home_win,0,0.3391445725800263,0.2647190725286324,0.39613635489134125,0.2801999620325255,0.26577232171106757,0.45402771625640703,0.2968269538085174,0.362126630893493,0.06529967708497558,0.2132776813445983,-0.08354927246391913
2016/17,False,0.15,2016/17|2017-04-28|Leverkusen|Schalke 04,2017-04-28,Leverkusen,Schalke 04,1,4,271,57,away_win,2,0.42572001983375646,0.28414874221909525,0.29013123794714857,0.4453834249730786,0.28319177310426963,0.2714248019226518,0.34257559731285103,0.3645941072470986,0.022018509934247588,0.32573844802311447,-0.016837149289736564
2016/17,False,0.15,2016/17|2017-04-23|Schalke 04|RB Leipzig,2017-04-23,Schalke 04,RB Leipzig,1,1,270,56,draw,1,0.4726774558008316,0.28532000474180186,0.2420025394573664,0.3192659227344018,0.25458347605054893,0.4261506012150494,0.14099460316308068,0.1417675321676985,0.0007729290046178117,0.1259169306167837,-0.015077672546296994
2016/17,False,0.15,2016/17|2017-04-23|Freiburg|Leverkusen,2017-04-23,Freiburg,Leverkusen,2,1,269,55,home_win,0,0.350964699867177,0.27702645573196083,0.3720088444008621,0.26997395124606355,0.27841063722250303,0.4516154115314335,0.2798187005654843,0.3684472558959955,0.08862855533051117,0.2324373834359803,-0.047381317129504
2016/17,False,0.15,2016/17|2017-04-22|M'gladbach|Dortmund,2017-04-22,M'gladbach,Dortmund,2,3,268,54,away_win,2,0.2519500547700986,0.24000395073170847,0.5080459944981927,0.2849829937815646,0.24818772116672963,0.4668292850517058,0.1527487868139638,0.18274315901158927,0.029994372197625463,0.30448641787118674,0.15173763105722293
2016/17,False,0.15,2016/17|2017-04-22|Ingolstadt|Werder Bremen,2017-04-22,Ingolstadt,Werder Bremen,2,4,267,53,away_win,2,0.46387201915066645,0.26936085132207094,0.2667671295272626,0.4283276388682568,0.26799734781647755,0.30367501331526564,0.37640384624630313,0.3341665266499756,-0.04223731959632754,0.24975612447169535,-0.12664772177460779
2016/17,False,0.15,2016/17|2017-04-22|Hertha|Wolfsburg,2017-04-22,Hertha,Wolfsburg,1,0,266,52,home_win,0,0.3157773702324426,0.3186045737615816,0.3656180560059756,0.33696820062638594,0.29714468600690397,0.36588711336671004,0.30091858498181034,0.2867422733542181,-0.014176311627592253,0.14270289627415364,-0.1582156887076567
2016/17,False,0.15,2016/17|2017-04-22|Hamburg|Darmstadt,2017-04-22,Hamburg,Darmstadt,1,2,265,51,away_win,2,0.6082788120305368,0.22623293797035515,0.16548824999910822,0.7319054175634634,0.1745112561450251,0.09358332629151155,0.5332064870274161,0.6786383633177541,0.14543187629033794,0.5121528501041945,-0.021053636923221597
2016/17,False,0.15,2016/17|2017-04-22|Ein Frankfurt|Augsburg,2017-04-22,Ein Frankfurt,Augsburg,3,1,264,50,home_win,0,0.6591410219221719,0.22105448970431543,0.1198044883735126,0.5325279788565214,0.27757832325665704,0.18989369788682156,0.0652689791853502,0.1272948535245502,0.062025874339199996,0.14929186961676724,0.08402289043141704
2016/17,False,0.15,2016/17|2017-04-22|Bayern Munich|Mainz,2017-04-22,Bayern Munich,Mainz,2,2,263,49,draw,1,0.7243996013282306,0.18669405126454802,0.08890634740722142,0.8365822554199307,0.11368190927309162,0.04973583530697758,0.26632956050689643,0.3511717616985905,0.08484220119169406,0.24288968326239332,-0.02343987724450311
2016/17,False,0.15,2016/17|2017-05-06|Dortmund|Hoffenheim,2017-05-06,Dortmund,Hoffenheim,2,1,282,68,home_win,0,0.6385025450519696,0.21560072630263238,0.1458967286453977,0.650841647397442,0.19655417751402748,0.15260417508853064,0.0759831326816661,0.07259979472329156,-0.0033833379583745327,0.22401790133832422,0.14803476865665813
2016/17,False,0.15,2016/17|2017-05-06|Hertha|RB Leipzig,2017-05-06,Hertha,RB Leipzig,1,4,284,70,away_win,2,0.33012246765697006,0.32639358685725967,0.3434839454857702,0.2562599184342098,0.27187686637202874,0.47186321519376134,0.26999708674342915,0.17229880463068953,-0.09769828211273962,0.2804673605963539,0.01047027385292476
2016/17,False,0.15,2016/17|2017-05-06|Ingolstadt|Leverkusen,2017-05-06,Ingolstadt,Leverkusen,1,1,285,71,draw,1,0.41279839366500964,0.2665000080378505,0.32070159829713984,0.41697647881621086,0.27680641955313434,0.30621710163065485,0.13662601448137618,0.13381914860852234,-0.0028068658728538365,0.13382453658805044,-0.0028014778933257434
2016/17,False,0.15,2016/17|2017-05-06|M'gladbach|Augsburg,2017-05-06,M'gladbach,Augsburg,1,1,286,72,draw,1,0.6070001306733278,0.2266014574124331,0.16639841191423896,0.5450737916562319,0.2575151771604245,0.19741103118334355,0.1980687950625089,0.1680382767916862,-0.030030518270822704,0.18296858169640381,-0.015100213366105092
2016/17,False,0.15,2016/17|2017-05-20|M'gladbach|Darmstadt,2017-05-20,M'gladbach,Darmstadt,2,2,306,92,draw,1,0.7165588904531413,0.1660105841641149,0.11743052538274396,0.7833152762730229,0.13542795232936078,0.08125677139761647,0.2636232858895521,0.31009274247032337,0.046469456580771284,0.17146039240687214,-0.09216289348267995
2016/17,False,0.15,2016/17|2017-05-20|Ingolstadt|Schalke 04,2017-05-20,Ingolstadt,Schalke 04,1,1,305,91,draw,1,0.34601884142587824,0.2849598531585383,0.3690213054155836,0.39825825560320044,0.25918394412271784,0.34255780027408156,0.12795288123616422,0.13797774234236088,0.010024861106196659,0.12874309008778947,0.000790208851625257
2016/17,False,0.15,2016/17|2017-05-20|Hoffenheim|Augsburg,2017-05-20,Hoffenheim,Augsburg,0,0,304,90,draw,1,0.6533702281890296,0.2075979250522681,0.1390318467587023,0.6770823239219487,0.19288199797383607,0.1300356781042153,0.22311125474845991,0.23767487547378485,0.014563620725324938,0.25153691327635996,0.02842565852790005
2016/17,False,0.15,2016/17|2017-05-20|Hertha|Leverkusen,2017-05-20,Hertha,Leverkusen,2,6,303,89,away_win,2,0.30001811392454114,0.29713375978754436,0.4028481262879142,0.46002891243164723,0.26626673464114364,0.27370435292720907,0.22330061448034677,0.369565983614964,0.14626536913461724,0.39645485528324165,0.17315424080289488
2016/17,False,0.15,2016/17|2017-05-20|Hamburg|Wolfsburg,2017-05-20,Hamburg,Wolfsburg,2,1,302,88,home_win,0,0.2833120884180255,0.29895562136364034,0.4177322902183343,0.39659466557985784,0.28035140153058913,0.3230539328895531,0.34407091444939325,0.23423092058104572,-0.10983999386834753,0.2403472015639589,-0.10372371288543436
2016/17,False,0.15,2016/17|2017-05-20|FC Koln|Mainz,2017-05-20,FC Koln,Mainz,2,0,301,87,home_win,0,0.3819601377066126,0.3251476838517489,0.29289217844163873,0.6631663572153207,0.19207166510345883,0.14476197768122043,0.23387954978795894,0.06720646654688756,-0.16667308324107138,0.1526521277169933,-0.08122742207096564
2016/17,False,0.15,2016/17|2017-05-20|Ein Frankfurt|RB Leipzig,2017-05-20,Ein Frankfurt,RB Leipzig,2,2,300,86,draw,1,0.3815009908899377,0.32258522282048036,0.29591378628958215,0.33563987815426277,0.2800195554886992,0.3843405663570382,0.11655398748312037,0.13018589937752856,0.013631911894408183,0.1415021927303265,0.024948205247206118
2016/17,False,0.15,2016/17|2017-05-20|Dortmund|Werder Bremen,2017-05-20,Dortmund,Werder Bremen,4,3,299,85,home_win,0,0.7931155375674406,0.12321545335145999,0.08366900908109942,0.8252276604701659,0.102829415283717,0.07194292424611703,0.024900841938311095,0.017860577506907067,-0.007040264431404028,0.10142730457632645,0.07652646263801535
2016/17,False,0.15,2016/17|2017-05-20|Bayern Munich|Freiburg,2017-05-20,Bayern Munich,Freiburg,4,1,298,84,home_win,0,0.823368154015068,0.10844002200647135,0.06819182397846052,0.8461288952245978,0.10288359732290707,0.050987507452495244,0.01792446693677705,0.013138021400510529,-0.004786445536266519,0.04217492419690434,0.024250457260127294
2016/17,False,0.15,2016/17|2017-04-21|FC Koln|Hoffenheim,2017-04-21,FC Koln,Hoffenheim,1,1,262,48,draw,1,0.3517300098132022,0.292822625414874,0.35544736477192396,0.32589646432036956,0.268752974686113,0.4053505609935175,0.1250284144632502,0.13525879137713864,0.01023037691388845,0.13957393140358704,0.014545516940336845
2016/17,False,0.15,2016/17|2017-05-13|Wolfsburg|M'gladbach,2017-05-13,Wolfsburg,M'gladbach,1,1,297,83,draw,1,0.4827779980099695,0.2729534594555552,0.24426854253447566,0.4692810278090428,0.256753232492382,0.2739657396985752,0.14637085811721545,0.14764095479504952,0.001270096677834065,0.1319279877207069,-0.014442870396508545
2016/17,False,0.15,2016/17|2017-05-13|Schalke 04|Hamburg,2017-05-13,Schalke 04,Hamburg,1,1,295,81,draw,1,0.6461365885807516,0.2226056937565074,0.13125771766274086,0.535619372139202,0.24261966609275734,0.22176096176804064,0.21736053977440165,0.16803301798753967,-0.04932752178686198,0.18556038370873326,-0.031800156065668383
2016/17,False,0.15,2016/17|2017-05-13|RB Leipzig|Bayern Munich,2017-05-13,RB Leipzig,Bayern Munich,4,5,294,80,away_win,2,0.20281449435748522,0.27341443611431887,0.5237710695281961,0.19922380336351878,0.21733505821474774,0.5834411384217335,0.1339638566699004,0.10660570449300369,-0.027358152176896716,0.3328690326295428,0.1989051759596424
2016/17,False,0.15,2016/17|2017-05-13|Mainz|Ein Frankfurt,2017-05-13,Mainz,Ein Frankfurt,4,2,293,79,home_win,0,0.3727285247519596,0.3577073408979039,0.2695641343501366,0.5247118060156353,0.2725586325692328,0.20272956141513185,0.2330671630938957,0.1334990712062454,-0.09956809188765028,0.22354564768188648,-0.009521515412009213
2016/17,False,0.15,2016/17|2017-05-13|Leverkusen|FC Koln,2017-05-13,Leverkusen,FC Koln,2,2,292,78,draw,1,0.44027672432026954,0.28928558694686074,0.27043768873286955,0.4376009409767309,0.29086828124269354,0.27153077778057544,0.13349006873268157,0.13261177341292232,-0.000878295319759248,0.13961954528443082,0.006129476551749252
2016/17,False,0.15,2016/17|2017-05-13|Freiburg|Ingolstadt,2017-05-13,Freiburg,Ingolstadt,1,1,291,77,draw,1,0.45563414459545426,0.28438647053251137,0.2599793848720342,0.3744567346253568,0.268788121840667,0.3567551435339763,0.13759587713983637,0.13374603927211642,-0.0038498378677199463,0.1465182581061864,0.008922380966350035
2016/17,False,0.15,2016/17|2017-05-13|Darmstadt|Hertha,2017-05-13,Darmstadt,Hertha,0,2,290,76,away_win,2,0.40283603536222073,0.28110584289128127,0.3160581217464981,0.3566152309350437,0.27470360926368914,0.368681159801267,0.3150266821076403,0.26286895046236386,-0.05215773164527643,0.31889732984506214,0.0038706477374218506
2016/17,False,0.15,2016/17|2017-05-13|Augsburg|Dortmund,2017-05-13,Augsburg,Dortmund,1,1,289,75,draw,1,0.15172508155364567,0.1781673756503425,0.6701075427960117,0.13073713490959665,0.17385257301808066,0.6954102920723226,0.23603230964228464,0.25034383638224156,0.01431152673995692,0.13488026834263844,-0.1011520412996462
2016/17,False,0.15,2016/17|2017-05-07|Hamburg|Mainz,2017-05-07,Hamburg,Mainz,0,0,288,74,draw,1,0.3312467222857711,0.33241652883624256,0.3363367488779865,0.40826025838409535,0.28649842693620725,0.3052413146796974,0.11142339983544018,0.12992434938161918,0.018500949546178994,0.13983536997452467,0.02841197013908449
2016/17,False,0.15,2016/17|2017-05-07|Freiburg|Schalke 04,2017-05-07,Freiburg,Schalke 04,2,0,287,73,home_win,0,0.2993720915316869,0.2892009552306683,0.41142695323764444,0.2512400040489928,0.2684482235044033,0.4803117724466039,0.33007580198754705,0.39567046514367527,0.06559466315612822,0.2981784309574297,-0.03189737103011736
2016/17,False,0.15,2016/17|2017-05-13|Werder Bremen|Hoffenheim,2017-05-13,Werder Bremen,Hoffenheim,3,5,296,82,away_win,2,0.273622951117965,0.24979692600682674,0.47658012287520846,0.33220789671640744,0.2322306386998583,0.43556146458373424,0.17441894357391818,0.21447647345179915,0.04005752987788097,0.315784542910241,0.1413655993363228
2016/17,False,0.15,2016/17|2017-04-16|Werder Bremen|Hamburg,2017-04-16,Werder Bremen,Hamburg,2,1,261,47,home_win,0,0.43441592457058703,0.28580567237574445,0.2797784030536684,0.4491119976149576,0.26461193372989394,0.28627606865514843,0.19908065059730248,0.1927157893282149,-0.006364861269087585,0.09948303130154884,-0.09959761929575364
2016/17,False,0.15,2016/17|2017-05-06|Ein Frankfurt|Wolfsburg,2017-05-06,Ein Frankfurt,Wolfsburg,0,2,283,69,away_win,2,0.45507655454749146,0.32428645636641995,0.22063698908608836,0.3811119254528322,0.2690817715422469,0.349806303004921,0.4072506866398068,0.28399907166724686,-0.12325161497255993,0.3947315517021036,-0.01251913493770318
2016/17,False,0.15,2016/17|2017-04-15|Wolfsburg|Ingolstadt,2017-04-15,Wolfsburg,Ingolstadt,3,0,259,45,home_win,0,0.5653937881694642,0.24558392658470699,0.18902228524582868,0.4786063466998169,0.280326574495607,0.24106707880457603,0.11230599184062204,0.1649823390925416,0.05267634725191955,0.18522620923235628,0.07292021739173424
2016/17,False,0.15,2016/17|2017-04-04|Dortmund|Hamburg,2017-04-04,Dortmund,Hamburg,3,0,235,21,home_win,0,0.7887433376219121,0.13690877317515057,0.07434788920293738,0.7639320803053651,0.15066765220198264,0.08540026749265218,0.02507849301403084,0.03151063419838458,0.006432141184353743,0.0984326514369679,0.07335415842293706
2016/17,False,0.15,2016/17|2017-04-02|Leverkusen|Wolfsburg,2017-04-02,Leverkusen,Wolfsburg,3,3,234,20,draw,1,0.5663400831775625,0.23271500626422312,0.20094491055821412,0.4805825569271131,0.2730886953012008,0.2463287477716861,0.18055997344640856,0.14581872300068444,-0.034741250445724126,0.15047933162079036,-0.030080641825618204
2016/17,False,0.15,2016/17|2017-04-02|Ingolstadt|Mainz,2017-04-02,Ingolstadt,Mainz,2,1,233,19,home_win,0,0.35608938896370973,0.3157147361649167,0.32819587487137397,0.4098414303989527,0.298634456906554,0.2915241126944932,0.26116670364385747,0.21663672277793292,-0.04452998086592455,0.16709903021137001,-0.09406767343248745
2016/17,False,0.15,2016/17|2017-04-01|Schalke 04|Dortmund,2017-04-01,Schalke 04,Dortmund,1,1,232,18,draw,1,0.25370373247673583,0.2667464389948528,0.47954982852841144,0.25911899541558703,0.2511461032489536,0.4897349013354594,0.14716681095712797,0.15349146368561759,0.006324652728489616,0.12668654397167453,-0.020480266985453438
2016/17,False,0.15,2016/17|2017-04-01|RB Leipzig|Darmstadt,2017-04-01,RB Leipzig,Darmstadt,4,0,231,17,home_win,0,0.6708401467570925,0.20309473260278862,0.12606512064011902,0.7217211227518816,0.18380912489561033,0.09446975235250808,0.06211931181445007,0.04318183381600878,-0.018937477998441296,0.08622097457883793,0.024101662764387854
2016/17,False,0.15,2016/17|2017-04-01|Hamburg|FC Koln,2017-04-01,Hamburg,FC Koln,2,1,230,16,home_win,0,0.3087464214222341,0.3289633740013993,0.3622902045763662,0.45868716209642674,0.28701477394337815,0.25429806396019516,0.3045428511142766,0.1788435469065618,-0.1256993042077148,0.20223993674484286,-0.10230291436943373
2016/17,False,0.15,2016/17|2017-04-01|Freiburg|Werder Bremen,2017-04-01,Freiburg,Werder Bremen,2,5,229,15,away_win,2,0.41021347922744655,0.27506276246899936,0.3147237583035543,0.4222463470453612,0.2790916026054809,0.2986620503491579,0.31893931298674627,0.33508344860679934,0.01614413562005307,0.3262470391040444,0.00730772611729813
2016/17,False,0.15,2016/17|2017-04-01|Ein Frankfurt|M'gladbach,2017-04-01,Ein Frankfurt,M'gladbach,0,0,228,14,draw,1,0.3841514359858885,0.32362068634179697,0.29222787767231423,0.35816740945804115,0.29382595865719546,0.34800663188476344,0.11648472912944272,0.12469625451683068,0.008211525387387966,0.12368953931915452,0.007204810189711808
2016/17,False,0.15,2016/17|2017-03-31|Hertha|Hoffenheim,2017-03-31,Hertha,Hoffenheim,1,3,226,12,away_win,2,0.32780547282561107,0.3199355338247131,0.352258993349676,0.3280336764610815,0.2990306989690956,0.3729356245698227,0.26351241985539886,0.25040791191310585,-0.013104507942293009,0.2951976549435974,0.03168523508819854
2016/17,False,0.15,2016/17|2017-04-04|FC Koln|Ein Frankfurt,2017-04-04,FC Koln,Ein Frankfurt,1,0,236,22,home_win,0,0.3482127732732717,0.33055737076059094,0.32122985596613746,0.39388520963009993,0.31334638082394534,0.2927684095459549,0.2640076046440724,0.22654424036660786,-0.03746336427746455,0.17003295259382895,-0.09397465205024347
2016/17,False,0.15,2016/17|2017-03-19|Mainz|Schalke 04,2017-03-19,Mainz,Schalke 04,0,1,225,11,away_win,2,0.37237847583745937,0.31554919399059106,0.31207233017194974,0.3311492754444633,0.2874492244327306,0.38140150012280605,0.3059551040910402,0.2461619733388538,-0.059793130752186396,0.3153337397168636,0.009378635625823417
2016/17,False,0.15,2016/17|2017-03-18|Wolfsburg|Darmstadt,2017-03-18,Wolfsburg,Darmstadt,1,0,223,9,home_win,0,0.6496770370839383,0.20912688966138204,0.14119607325467962,0.6027011975029303,0.24498826731415868,0.15231053518291104,0.0713312547244146,0.0905224187966552,0.0191911640722406,0.17118034232477938,0.09984908760036479
2016/17,False,0.15,2016/17|2017-03-18|Werder Bremen|RB Leipzig,2017-03-18,Werder Bremen,RB Leipzig,3,0,222,8,home_win,0,0.3391458122746742,0.28729989006744,0.37355429765788595,0.28274334885647007,0.2630346971935526,0.45422195394997733,0.28813553536638825,0.36038734352988333,0.07225180816349508,0.28141391013472916,-0.00672162523165909
2016/17,False,0.15,2016/17|2017-03-18|Hoffenheim|Leverkusen,2017-03-18,Hoffenheim,Leverkusen,1,0,221,7,home_win,0,0.4778556018171453,0.2573222069374342,0.2648221912454208,0.4352768081239362,0.2661339180105588,0.29858927386550504,0.17138278276488078,0.20403391895510953,0.03265113619022875,0.09889623288681589,-0.0724865498780649
2016/17,False,0.15,2016/17|2017-03-18|FC Koln|Hertha,2017-03-18,FC Koln,Hertha,4,2,220,6,home_win,0,0.4522837367535451,0.32509670038470023,0.2226195628617549,0.3906297122866277,0.3122549610953616,0.29711532661801077,0.17477628739670933,0.22980483242960265,0.05502854503289331,0.21135524884673118,0.036578961450021846
2016/17,False,0.15,2016/17|2017-03-18|Ein Frankfurt|Hamburg,2017-03-18,Ein Frankfurt,Hamburg,0,0,219,5,draw,1,0.5293276706983137,0.2841185580321624,0.18655377126952405,0.4283972833343009,0.29909444476693564,0.27250827189876364,0.15749504627089214,0.12889249531072983,-0.028602550960162315,0.13395164920430602,-0.02354339706658612
2016/17,False,0.15,2016/17|2017-03-18|Augsburg|Freiburg,2017-03-18,Augsburg,Freiburg,1,1,218,4,draw,1,0.44493326510004255,0.2749465032276775,0.28012023167228006,0.4005662822969545,0.30383510576703987,0.2955986119360056,0.13821647729235828,0.12391594294584836,-0.014300534346509922,0.14067638275593353,0.002459905463575246
2016/17,False,0.15,2016/17|2017-03-17|Dortmund|Ingolstadt,2017-03-17,Dortmund,Ingolstadt,1,0,217,3,home_win,0,0.8052618696403221,0.12093342906587268,0.0738047012938053,0.7489882295462055,0.1671506951798176,0.08386107527397686,0.02168503667452536,0.035019794426228025,0.013334757751702665,0.06396406687048702,0.04227903019596166
2016/17,False,0.15,2016/17|2017-03-12|Schalke 04|Augsburg,2017-03-12,Schalke 04,Augsburg,3,0,216,2,home_win,0,0.5914119466289557,0.2562490700900201,0.1523389832810242,0.5694572991165335,0.26049642406394613,0.1700462768195204,0.09507568159231777,0.1071413767721055,0.012065695179787728,0.1542142568576966,0.05913857526537883
2016/17,False,0.15,2016/17|2017-04-16|Darmstadt|Schalke 04,2017-04-16,Darmstadt,Schalke 04,2,1,260,46,home_win,0,0.21899674391613427,0.2315337789407894,0.5494694771430761,0.2172865532299353,0.2518295437434122,0.5308839030266526,0.4559413961627431,0.4472390291237436,-0.008702367038999514,0.31727705419548036,-0.13866434196726274
2016/17,False,0.15,2016/17|2017-03-19|M'gladbach|Bayern Munich,2017-03-19,M'gladbach,Bayern Munich,0,1,224,10,away_win,2,0.24704024513534178,0.28967699437716943,0.4632827604874888,0.1090759703647556,0.17436656008575496,0.7165574695494894,0.1745471389532301,0.04611861768960082,-0.12842852126362928,0.2127456993260966,0.03819856037286651
2016/17,False,0.15,2016/17|2017-04-04|Hoffenheim|Bayern Munich,2017-04-04,Hoffenheim,Bayern Munich,1,0,237,23,home_win,0,0.28689298516549616,0.29390184185096196,0.4192051729835421,0.16180555398603708,0.21467622842445708,0.6235182175895059,0.3421272958311692,0.5456724484973243,0.20354515266615514,0.2223944478582404,-0.1197328479729288
2016/17,False,0.15,2016/17|2017-04-01|Bayern Munich|Augsburg,2017-04-01,Bayern Munich,Augsburg,6,0,227,13,home_win,0,0.7980676598160684,0.1274564713515399,0.07447586883239193,0.8689519111582191,0.0934267992015973,0.03762128964018343,0.023161662525249337,0.009294481511636936,-0.0138671810136124,0.07403826159931295,0.05087659907406362
2016/17,False,0.15,2016/17|2017-04-15|RB Leipzig|Freiburg,2017-04-15,RB Leipzig,Freiburg,4,0,258,44,home_win,0,0.5821364954964462,0.24247805641336448,0.1753854480901895,0.7042866676320988,0.18718135143568207,0.1085319809322192,0.10268498189889401,0.04961278291260019,-0.05307219898629382,0.09451200838520135,-0.008172973513692658
2016/17,False,0.15,2016/17|2017-04-04|Werder Bremen|Schalke 04,2017-04-04,Werder Bremen,Schalke 04,3,0,238,24,home_win,0,0.28952764359318384,0.28988644496867394,0.4205859114381427,0.3265328915528089,0.27363091470905776,0.39983619373813334,0.34083173905925346,0.30671346399160937,-0.03411827506764409,0.19084080238560008,-0.14999093667365337
2016/17,False,0.15,2016/17|2017-04-15|Mainz|Hertha,2017-04-15,Mainz,Hertha,1,0,257,43,home_win,0,0.46331757826724446,0.3124284698616111,0.2242539518711445,0.4580296802062287,0.28999512297080754,0.2519751968229639,0.16915892836338037,0.17861166367566703,0.009452735312286659,0.2216988329967813,0.05253990463340094
2016/17,False,0.15,2016/17|2017-04-15|Leverkusen|Bayern Munich,2017-04-15,Leverkusen,Bayern Munich,0,0,256,42,draw,1,0.1935339360586042,0.22254891513920896,0.5839171488021866,0.17980425173647654,0.24376447063776052,0.5764312776257631,0.18920731053580553,0.1823012933838918,-0.006906017151913718,0.1278491844484738,-0.06135812608733174
2016/17,False,0.15,2016/17|2017-04-15|Hoffenheim|M'gladbach,2017-04-15,Hoffenheim,M'gladbach,5,3,255,41,home_win,0,0.5927481992304772,0.244221375697579,0.16303042507194365,0.5508835252499419,0.24092694716090818,0.20818952758915,0.09621647436457892,0.12252424364485648,0.02630776928027756,0.11936375970068278,0.023147285336103857
2016/17,False,0.15,2016/17|2017-04-15|Dortmund|Ein Frankfurt,2017-04-15,Dortmund,Ein Frankfurt,3,1,254,40,home_win,0,0.6132675806937548,0.24598836985013078,0.14074404945611463,0.6948957997628169,0.18915117329451195,0.11595302694267123,0.08468542579988335,0.05326683872976948,-0.03141858707011387,0.11100775450616368,0.026322328706280332
2016/17,False,0.15,2016/17|2017-04-15|Augsburg|FC Koln,2017-04-15,Augsburg,FC Koln,2,1,253,39,home_win,0,0.30393461906780284,0.3077037841188749,0.38836159681332183,0.3417305585980285,0.29901423877327493,0.35925520262869665,0.3176658722058391,0.28119147904972475,-0.03647439315611434,0.2152465996367932,-0.10241927256904587
2016/17,False,0.15,2016/17|2017-04-09|Hertha|Augsburg,2017-04-09,Hertha,Augsburg,2,0,251,37,home_win,0,0.47943659841849506,0.29462127494832985,0.22594212663317514,0.5301415059755114,0.27941931226629524,0.19043918175819344,0.16101804982681447,0.12851704317784532,-0.032501006648969155,0.12845140305347905,-0.03256664677333543
2016/17,False,0.15,2016/17|2017-04-08|Schalke 04|Wolfsburg,2017-04-08,Schalke 04,Wolfsburg,4,1,250,36,home_win,0,0.4499829604692447,0.30484362767233475,0.2451734118584207,0.4694776416349941,0.26956271181789493,0.26095964654711107,0.1813143728282376,0.17477695492558035,-0.006537417902657244,0.14215740450579586,-0.039156968322441726
2016/17,False,0.15,2016/17|2017-04-08|RB Leipzig|Leverkusen,2017-04-08,RB Leipzig,Leverkusen,1,0,249,35,home_win,0,0.4470858492745374,0.2610861703731835,0.2918279803522794,0.5162714666867084,0.253466611551614,0.2302619217616775,0.19543881409447494,0.14350692327740458,-0.051931890817070364,0.10366041988748535,-0.09177839420698959
2016/17,False,0.15,2016/17|2017-04-08|Hamburg|Hoffenheim,2017-04-08,Hamburg,Hoffenheim,2,1,248,34,home_win,0,0.22713404451071037,0.26458160266028674,0.5082843528290028,0.34402662380294763,0.28174594190758645,0.3742274342894659,0.42783738424258544,0.28517362142711805,-0.1426637628154674,0.34052557855334087,-0.08731180568924457
2016/17,False,0.15,2016/17|2017-04-09|Ingolstadt|Darmstadt,2017-04-09,Ingolstadt,Darmstadt,3,2,252,38,home_win,0,0.642958210012004,0.21027924663771916,0.14676254335027697,0.6662121866559811,0.22057025098745323,0.11321756235656559,0.07450904196423705,0.0621162603814722,-0.012392781582764849,0.13472837573752053,0.06021933377328348
2016/17,False,0.15,2016/17|2017-04-05|Augsburg|Ingolstadt,2017-04-05,Augsburg,Ingolstadt,2,3,239,25,away_win,2,0.3818609598430536,0.2918973728341762,0.3262416673227701,0.36688963594433033,0.3032802872976353,0.3298300767580343,0.29988404175212946,0.2918678654907526,-0.00801617626137685,0.3534510015614657,0.053566959809336234
2016/17,False,0.15,2016/17|2017-04-08|FC Koln|M'gladbach,2017-04-08,FC Koln,M'gladbach,2,3,246,32,away_win,2,0.43984427944081017,0.29888193027724685,0.26127379028194303,0.33688815969373803,0.29176920973475523,0.3713426305715067,0.3695897015406061,0.2543518601392933,-0.11523784140131282,0.34980729411802836,-0.019782407422577752
2016/17,False,0.15,2016/17|2017-04-08|Bayern Munich|Dortmund,2017-04-08,Bayern Munich,Dortmund,4,1,245,31,home_win,0,0.5195945497270814,0.2666078814156633,0.2137975688572551,0.6727340491614162,0.20003904516816043,0.1272269056704233,0.13824939855059926,0.06164484405237658,-0.07660455449822268,0.13602649715507378,-0.002222901395525473
2016/17,False,0.15,2016/17|2017-04-07|Ein Frankfurt|Werder Bremen,2017-04-07,Ein Frankfurt,Werder Bremen,2,2,244,30,draw,1,0.5542452807529088,0.2716431602332181,0.17411155901387299,0.4875742466079978,0.27684300442996485,0.23558274896203735,0.16875133310955606,0.1466139387819335,-0.022137394327622573,0.1225903027262831,-0.04616103038327296
2016/17,False,0.15,2016/17|2017-04-05|Wolfsburg|Freiburg,2017-04-05,Wolfsburg,Freiburg,0,1,243,29,away_win,2,0.6012677333175794,0.23664508123313255,0.16208718544928818,0.6119503344656085,0.23038130238705262,0.15766836314733876,0.5318103859585779,0.5420028991477268,0.010192513189148933,0.4375258189624852,-0.09428456699609267
2016/17,False,0.15,2016/17|2017-04-05|Mainz|RB Leipzig,2017-04-05,Mainz,RB Leipzig,2,3,242,28,away_win,2,0.37831374942526796,0.3193348328117061,0.30235141776302593,0.2806190972097533,0.2782274571767157,0.44115344561353115,0.31491741865073214,0.19552827453422283,-0.1193891441165093,0.24553938850953033,-0.06937803014120181
2016/17,False,0.15,2016/17|2017-04-05|M'gladbach|Hertha,2017-04-05,M'gladbach,Hertha,1,0,241,27,home_win,0,0.5148445827621616,0.2836931369876094,0.2014622802502294,0.5106268045077769,0.28253702151438953,0.20683617397783363,0.13798141461942146,0.14113366366602914,0.003152249046607686,0.17723903019168905,0.03925761557226759
2016/17,False,0.15,2016/17|2017-04-05|Darmstadt|Leverkusen,2017-04-05,Darmstadt,Leverkusen,0,2,240,26,away_win,2,0.24300184033409597,0.21831600452114175,0.5386821551447625,0.18709061497255294,0.23623007770028373,0.5766793073271633,0.13593202419381933,0.10710165352790914,-0.028830370665910196,0.2729874675907795,0.13705544339696019
2016/17,False,0.15,2016/17|2017-04-08|Freiburg|Mainz,2017-04-08,Freiburg,Mainz,1,0,247,33,home_win,0,0.3707856413288967,0.29996807234329237,0.32924628632781117,0.3355934274021135,0.298760002443345,0.3656465701545416,0.25215691310927135,0.2875667539885253,0.03540984087925397,0.16021667770036535,-0.091940235408906
2017/18,False,0.15,2017/18|2018-04-21|Hannover|Bayern Munich,2018-04-21,Hannover,Bayern Munich,0,3,275,62,away_win,2,0.14078623010508726,0.1724151283892163,0.6867986415056964,0.12978762025776003,0.18769286621891448,0.6825195135233256,0.05895792677493991,0.058819342832819206,-0.00013858394212070552,0.09701597149016711,0.038058044715227196
2017/18,False,0.15,2017/18|2018-04-21|RB Leipzig|Hoffenheim,2018-04-21,RB Leipzig,Hoffenheim,2,5,276,63,away_win,2,0.4432791648119834,0.25382442829790375,0.3028964068901134,0.4131417228826532,0.2506463922887048,0.33621188482864195,0.3412249187415623,0.3056503725145956,-0.03557454622696671,0.34575277691788553,0.0045278581763232295
2017/18,False,0.15,2017/18|2018-04-21|Stuttgart|Werder Bremen,2018-04-21,Stuttgart,Werder Bremen,2,0,277,64,home_win,0,0.40936521792235775,0.32606510370472436,0.26456967837291756,0.39015122729690704,0.28687590242419636,0.32297287027889654,0.20942328025712661,0.23811350025182887,0.028690219994702254,0.2206304497837218,0.011207169526595173
2017/18,False,0.15,2017/18|2018-04-22|Augsburg|Mainz,2018-04-22,Augsburg,Mainz,2,0,278,65,home_win,0,0.5065563954682761,0.3052339522991646,0.18820965223255945,0.41329525148227625,0.2946757684284507,0.292028980089273,0.1394547320233806,0.2147516935726132,0.0752969615492326,0.16036774931054792,0.020913017287167324
2017/18,False,0.15,2017/18|2018-04-28|Freiburg|FC Koln,2018-04-28,Freiburg,FC Koln,3,2,282,69,home_win,0,0.43238569355209117,0.2877942564592299,0.27982004998867926,0.4583211351860409,0.2742202297601874,0.2674586350537718,0.2002426306300037,0.18247505702548303,-0.017767573604520664,0.21715363581792005,0.016911005187916356
2017/18,False,0.15,2017/18|2018-04-27|Hoffenheim|Hannover,2018-04-27,Hoffenheim,Hannover,3,1,280,67,home_win,0,0.6903331195519823,0.18401118464151944,0.12565569580649827,0.750827775964184,0.15156461316047193,0.09760761087534395,0.05584146536751106,0.03580702146587372,-0.02003444390163734,0.0986121893150059,0.042770723947494836
2017/18,False,0.15,2017/18|2018-04-28|Bayern Munich|Ein Frankfurt,2018-04-28,Bayern Munich,Ein Frankfurt,4,1,281,68,home_win,0,0.7801623675195398,0.1428407500721172,0.07699688240834313,0.466522535088484,0.27621305901839416,0.2572644058931218,0.02712855227760904,0.1753915900539793,0.14826303777637026,0.03798941446606322,0.010860862188454182
2017/18,False,0.15,2017/18|2018-04-21|Hamburg|Freiburg,2018-04-21,Hamburg,Freiburg,1,0,274,61,home_win,0,0.3475322140790734,0.34206570901067324,0.31040207691025357,0.4711347574049075,0.27944095926308266,0.24942428333200986,0.26103183050737744,0.17095545897042638,-0.09007637153695106,0.16838822679007415,-0.09264360371730329
2017/18,False,0.15,2017/18|2018-04-22|FC Koln|Schalke 04,2018-04-22,FC Koln,Schalke 04,2,2,279,66,draw,1,0.3469347450983101,0.2863454691812029,0.3667197857204867,0.2655383383841272,0.28329235519469387,0.45116930642117903,0.12742355929765464,0.13703217610418544,0.0096086168065308,0.13670545215896945,0.009281892861314811
2017/18,False,0.15,2017/18|2018-04-21|Ein Frankfurt|Hertha,2018-04-21,Ein Frankfurt,Hertha,0,3,273,60,away_win,2,0.5077812418277662,0.2812762605823703,0.21094249758986375,0.49532744001443263,0.27721450478080467,0.22745805520476278,0.44022676583093545,0.4210851646496294,-0.019141601181306034,0.34555040522045544,-0.09467636061048001
2017/18,False,0.15,2017/18|2018-04-14|Bayern Munich|M'gladbach,2018-04-14,Bayern Munich,M'gladbach,5,1,263,50,home_win,0,0.7983681672743282,0.12280598661085736,0.07882584611481458,0.7217219281985401,0.17305943216128403,0.10521863964017593,0.023434454992014832,0.04425482368663384,0.020820368694619007,0.06699066753197916,0.04355621253996433
2017/18,False,0.15,2017/18|2018-04-20|M'gladbach|Wolfsburg,2018-04-20,M'gladbach,Wolfsburg,3,0,271,58,home_win,0,0.5186312725300729,0.27146078966184356,0.20990793780808378,0.5660206625104784,0.24157705695236295,0.1924022805371587,0.1378885970704296,0.11267835146187177,-0.025210245608557835,0.20418908194170013,0.06630048487127052
2017/18,False,0.15,2017/18|2018-04-16|Mainz|Freiburg,2018-04-16,Mainz,Freiburg,2,0,270,57,home_win,0,0.3776459422767778,0.35169224234162205,0.27066181538160006,0.4538898655289885,0.29842911647930437,0.24768101799170694,0.23029119573511164,0.1797910828226773,-0.050500112912434336,0.1710228868215899,-0.05926830891352175
2017/18,False,0.15,2017/18|2018-04-15|Werder Bremen|RB Leipzig,2018-04-15,Werder Bremen,RB Leipzig,1,1,269,56,draw,1,0.4406259424262373,0.26891962108031986,0.29045443649344344,0.36670012149384607,0.2679731657070413,0.3653267127991126,0.13925750040886659,0.1339662930941034,-0.00529120731476318,0.13845989356707042,-0.0007976068417961668
2017/18,False,0.15,2017/18|2018-04-15|Schalke 04|Dortmund,2018-04-15,Schalke 04,Dortmund,2,0,268,55,home_win,0,0.3956361568658413,0.2769644105334166,0.3273994326007419,0.31071760155465933,0.284447017166656,0.40483538127868474,0.2362230216775889,0.3195009553708097,0.08327793369322078,0.2024694642938289,-0.03375355738376001
2017/18,False,0.15,2017/18|2018-04-14|Stuttgart|Hannover,2018-04-14,Stuttgart,Hannover,1,1,267,54,draw,1,0.5639964590064364,0.25573132249037134,0.18027221850319222,0.5447167619859741,0.25001102665510094,0.20527221135892496,0.17529503926793077,0.16942651577233375,-0.005868523495597022,0.13228197793516075,-0.043013061332770025
2017/18,False,0.15,2017/18|2018-04-14|Leverkusen|Ein Frankfurt,2018-04-14,Leverkusen,Ein Frankfurt,4,1,266,53,home_win,0,0.5618774722302127,0.26726753259450886,0.17085499517527825,0.5740023527768676,0.24153564349521658,0.18446200372791588,0.11057138935786624,0.10775011312948098,-0.0028212762283852666,0.1538596832031651,0.04328829384529885
2017/18,False,0.15,2017/18|2018-04-14|Hoffenheim|Hamburg,2018-04-14,Hoffenheim,Hamburg,2,0,265,52,home_win,0,0.6331571583762093,0.22437081411622564,0.14247202750756502,0.6412401406767508,0.2030593778809711,0.15570048144227813,0.07743597453636696,0.07647563829149737,-0.000960336244869589,0.11459659322282162,0.03716061868645466
2017/18,False,0.15,2017/18|2018-04-14|Hertha|FC Koln,2018-04-14,Hertha,FC Koln,2,1,264,51,home_win,0,0.5596430323706912,0.24556359811883532,0.19479336951047335,0.5357184956370088,0.24809355268685906,0.2161879516761322,0.11592935787246196,0.13114727287174194,0.015217914999279977,0.14654084501886983,0.030611487146407865
2017/18,False,0.15,2017/18|2018-04-28|Hertha|Augsburg,2018-04-28,Hertha,Augsburg,2,2,283,70,draw,1,0.411756621756361,0.31247718019347775,0.27576619805016156,0.46688682955008126,0.27564787394340956,0.2574652965065092,0.12279525577362585,0.14213584525625567,0.019340589482629816,0.12918548087400927,0.006390225100383423
2017/18,False,0.15,2017/18|2018-04-21|Dortmund|Leverkusen,2018-04-21,Dortmund,Leverkusen,4,0,272,59,home_win,0,0.38393978100832177,0.2792219612274631,0.3368382577642151,0.4519091348477525,0.2609956500724988,0.2870952150797487,0.2464951026588531,0.19141362949251314,-0.05508147316633996,0.21608488650386337,-0.030410216154989733
2017/18,False,0.15,2017/18|2018-04-28|Leverkusen|Stuttgart,2018-04-28,Leverkusen,Stuttgart,0,1,284,71,away_win,2,0.4732878409110956,0.30954163814771873,0.21717052094118602,0.6733227405316954,0.19256764768657952,0.134109611781725,0.4184116868188906,0.6015648386629538,0.18315315184406322,0.44989137816103925,0.03147969134214862
2017/18,False,0.15,2017/18|2018-05-12|Wolfsburg|FC Koln,2018-05-12,Wolfsburg,FC Koln,4,1,306,93,home_win,0,0.390217742449541,0.28627339124976653,0.3235088663006924,0.5914230525504087,0.23179288282854502,0.17678406462104612,0.2382461940992468,0.09909386374558216,-0.13915233035366464,0.19399341448848426,-0.044252779610762544
2017/18,False,0.15,2017/18|2018-04-28|Wolfsburg|Hamburg,2018-04-28,Wolfsburg,Hamburg,1,3,286,73,away_win,2,0.4311996557801935,0.33169853201230376,0.23710181220750315,0.41520511406815774,0.2836430285058636,0.3011518574259786,0.3839733940410168,0.33039200656375584,-0.05358138747726099,0.37611224515885,-0.007861148882166824
2017/18,False,0.15,2017/18|2018-04-13|Wolfsburg|Augsburg,2018-04-13,Wolfsburg,Augsburg,0,0,262,49,draw,1,0.3114502929357712,0.3125483211737894,0.37600138589043974,0.4318085618787676,0.299351947805526,0.26883949031570653,0.11918916358065441,0.12936665283250914,0.01017748925185473,0.1307486814054842,0.011559517824829793
2017/18,False,0.15,2017/18|2018-05-12|Schalke 04|Ein Frankfurt,2018-05-12,Schalke 04,Ein Frankfurt,1,0,305,92,home_win,0,0.5277986437515513,0.2737506465580992,0.19845070969034947,0.42963986070499727,0.28351234994196045,0.28684778935304234,0.1311784025097389,0.20379617137667114,0.07261776886693225,0.10394621555230421,-0.02723218695743468
2017/18,False,0.15,2017/18|2018-05-12|Mainz|Werder Bremen,2018-05-12,Mainz,Werder Bremen,1,2,304,91,away_win,2,0.41275729115373333,0.3222346302905847,0.265008078555682,0.37493233784414365,0.2572095193653756,0.3678581427904806,0.35529085299448915,0.2700887927987876,-0.08520206019570153,0.34269080830758414,-0.01260004468690501
2017/18,False,0.15,2017/18|2018-05-12|Leverkusen|Hannover,2018-05-12,Leverkusen,Hannover,3,2,303,90,home_win,0,0.687491519383581,0.19950018767702235,0.11300829293939667,0.7948664594814103,0.1269289372470315,0.0782046032715581,0.05521621236512961,0.02409786470927684,-0.03111834765585277,0.13798183162302186,0.08276561925789225
2017/18,False,0.15,2017/18|2018-05-12|Hoffenheim|Dortmund,2018-05-12,Hoffenheim,Dortmund,3,1,302,89,home_win,0,0.4411281768545595,0.2494790011538596,0.3093928219915809,0.42930337650765366,0.22876024992309246,0.34193637356925394,0.20403081650291127,0.22130755981762862,0.017276743314717347,0.17702378333807428,-0.02700703316483699
2017/18,False,0.15,2017/18|2018-05-12|Hertha|RB Leipzig,2018-05-12,Hertha,RB Leipzig,2,6,301,88,away_win,2,0.47313371121715075,0.2617397547546168,0.2651265340282325,0.22452338919162038,0.2430003763320779,0.5324762344763018,0.3819472598397364,0.1344946118117749,-0.24745264802796146,0.4222963767502126,0.04034911691047621
2017/18,False,0.15,2017/18|2018-05-12|Hamburg|M'gladbach,2018-05-12,Hamburg,M'gladbach,2,1,300,87,home_win,0,0.2998137402404805,0.27115114596953876,0.4290351137899808,0.42608562353167656,0.23511712720181666,0.3387972492665067,0.33716596361040346,0.222080643813788,-0.11508531979661546,0.28669211389245575,-0.050473849717947716
2017/18,False,0.15,2017/18|2018-05-12|Freiburg|Augsburg,2018-05-12,Freiburg,Augsburg,2,0,299,86,home_win,0,0.35473793572998985,0.3163994239855981,0.3288626402844119,0.4754416813196015,0.30553462279159344,0.21902369588880516,0.2622568838804147,0.1615664045287991,-0.10069047935161557,0.26474967286954143,0.0024927889891267485
2017/18,False,0.15,2017/18|2018-05-12|Bayern Munich|Stuttgart,2018-05-12,Bayern Munich,Stuttgart,1,4,298,85,away_win,2,0.6795856659641274,0.20927739864367656,0.11113693539219616,0.8278856990083789,0.10586079429943206,0.066253506692189,0.6259571125039418,0.7786386221936131,0.1526815096896713,0.6351864182479993,0.009229305744057448
2017/18,False,0.15,2017/18|2018-04-28|Schalke 04|M'gladbach,2018-04-28,Schalke 04,M'gladbach,1,1,285,72,draw,1,0.5462521158310694,0.2510469437529877,0.20270094041594292,0.5163518809645063,0.2534818324734849,0.2301662865620087,0.16973952264771383,0.15979789222266425,-0.009941630425049586,0.17178662881552997,0.002047106167816143
2017/18,False,0.15,2017/18|2018-05-05|Werder Bremen|Leverkusen,2018-05-05,Werder Bremen,Leverkusen,0,0,297,84,draw,1,0.28223668788352646,0.283939742715582,0.43382356940089223,0.2488878903617165,0.24030554931476075,0.5108065603235228,0.1339302186775967,0.16143426201912725,0.02750404334153056,0.1338463684108205,-8.38502667761809e-05
2017/18,False,0.15,2017/18|2018-05-05|RB Leipzig|Wolfsburg,2018-05-05,RB Leipzig,Wolfsburg,4,1,295,82,home_win,0,0.6206168600259497,0.2266407477496705,0.1527423922243797,0.548347348750292,0.24219808455968228,0.20945456669002568,0.08363090263949806,0.12393066644409839,0.04029976380460033,0.16746756224511394,0.08383665960561588
2017/18,False,0.15,2017/18|2018-05-05|M'gladbach|Freiburg,2018-05-05,M'gladbach,Freiburg,3,1,294,81,home_win,0,0.5725782694587902,0.25072160193263016,0.1767001286085796,0.46698123041215267,0.2788545061603997,0.2541642634274477,0.10695613559456557,0.17435424076827988,0.0673981051737143,0.15339579735454084,0.04643966175997527
2017/18,False,0.15,2017/18|2018-05-05|Hannover|Hertha,2018-05-05,Hannover,Hertha,3,1,293,80,home_win,0,0.3626677881058235,0.2987978330589867,0.3385343788351899,0.36394030949496187,0.2877168228455746,0.34834286765946354,0.2603989369856256,0.26295734166729173,0.0025584046816661266,0.25821460254384565,-0.002184334441779956
2017/18,False,0.15,2017/18|2018-05-05|FC Koln|Bayern Munich,2018-05-05,FC Koln,Bayern Munich,1,3,292,79,away_win,2,0.1213932231079771,0.13830955118709887,0.740297225704924,0.10221673466010704,0.1580774297843091,0.7397058355555839,0.04109092279655113,0.03910065644419575,-0.0019902663523553854,0.07957376762126933,0.0384828448247182
2017/18,False,0.15,2017/18|2018-05-05|Ein Frankfurt|Hamburg,2018-05-05,Ein Frankfurt,Hamburg,3,0,291,78,home_win,0,0.5802695245929914,0.2474210943401883,0.1723093810668202,0.4900700406309351,0.25529826723967564,0.25463169212938924,0.10293209739451206,0.16243293104940612,0.05950083365489406,0.17664461288950234,0.07371251549499028
2017/18,False,0.15,2017/18|2018-05-05|Dortmund|Mainz,2018-05-05,Dortmund,Mainz,1,2,290,77,away_win,2,0.6764355514298136,0.20610211580344837,0.11746233276673837,0.7273560848933478,0.1695055919577541,0.10313832314889801,0.618218894661842,0.6667038708177747,0.048484976155932724,0.49915969275791744,-0.11905920190392455
2017/18,False,0.15,2017/18|2018-05-05|Augsburg|Schalke 04,2018-05-05,Augsburg,Schalke 04,1,2,289,76,away_win,2,0.39456642757132804,0.3083064704065047,0.2971271020221674,0.31375358712180396,0.2974919682770763,0.3887544446011197,0.3248564882390784,0.23603122121334252,-0.0888252670257359,0.271704474003401,-0.05315201423567745
2017/18,False,0.15,2017/18|2018-04-29|Werder Bremen|Dortmund,2018-04-29,Werder Bremen,Dortmund,1,1,288,75,draw,1,0.30770580825087784,0.2707945101005929,0.42149968164852897,0.2370932154012207,0.24732312571041043,0.515583658888369,0.13617242303056876,0.16101985105100378,0.02484742802043502,0.1291945250957534,-0.006977897934815347
2017/18,False,0.15,2017/18|2018-04-29|Mainz|RB Leipzig,2018-04-29,Mainz,RB Leipzig,3,0,287,74,home_win,0,0.33880839338628893,0.29748473628777944,0.36370687032593163,0.27781581469816824,0.2600356025574855,0.4621485827443462,0.2847285140893523,0.36756565501633925,0.08283714092698696,0.21858350007035643,-0.06614501401899586
2017/18,False,0.15,2017/18|2018-05-05|Stuttgart|Hoffenheim,2018-05-05,Stuttgart,Hoffenheim,2,0,296,83,home_win,0,0.3927844401734134,0.29641229201834735,0.3108032678082392,0.32762530009780966,0.26387118764634393,0.4085035122558463,0.23265470368789753,0.3094814282969615,0.07682672460906398,0.2603495032619147,0.02769479957401716
2017/18,False,0.15,2017/18|2018-04-09|RB Leipzig|Leverkusen,2018-04-09,RB Leipzig,Leverkusen,1,4,261,48,away_win,2,0.3286121021226896,0.29056119805130043,0.38082669982600975,0.44702666976295524,0.25312159482681623,0.29985173541022847,0.24568074465492148,0.3450202179437134,0.09933947328879192,0.37665871593365147,0.13097797127872998
2017/18,False,0.15,2017/18|2018-03-17|Augsburg|Werder Bremen,2018-03-17,Augsburg,Werder Bremen,1,3,236,23,away_win,2,0.5267122340359595,0.2719096689860922,0.2013780969779487,0.3949356161427235,0.2852312783253003,0.31983310553197614,0.45761136073485725,0.3093005726141542,-0.14831078812070303,0.34405520075129964,-0.11355615998355761
2017/18,False,0.15,2017/18|2018-04-08|Dortmund|Stuttgart,2018-04-08,Dortmund,Stuttgart,3,0,259,46,home_win,0,0.5207587304180008,0.2701610702183973,0.209080199363602,0.6410147884164459,0.20908636875386216,0.14989884282969196,0.13669336211824495,0.07567002260868491,-0.06102333950956004,0.14006138831404516,0.0033680261958002056
2017/18,False,0.15,2017/18|2018-03-11|Stuttgart|RB Leipzig,2018-03-11,Stuttgart,RB Leipzig,0,0,233,20,draw,1,0.38881722633117816,0.30428997172200634,0.30689280194681573,0.3039514704061765,0.2878124542784149,0.4082360753154086,0.122681013689319,0.12952159477550237,0.006840581086183378,0.12734941598657631,0.004668402297257318
2017/18,False,0.15,2017/18|2018-03-11|Dortmund|Ein Frankfurt,2018-03-11,Dortmund,Ein Frankfurt,3,2,232,19,home_win,0,0.6113231322630404,0.2249506664590936,0.16372620127786622,0.5188346448923206,0.2771048671583985,0.2040604879492809,0.08893798824934716,0.13658039084899892,0.04764240259965176,0.19359435311731804,0.10465636486797088
2017/18,False,0.15,2017/18|2018-03-10|Leverkusen|M'gladbach,2018-03-10,Leverkusen,M'gladbach,2,0,231,18,home_win,0,0.5947065520929313,0.23286150604302552,0.17243194186404304,0.5765734699045761,0.23311224022457744,0.19031428987084642,0.09699777674570229,0.10775477765884772,0.010757000913145437,0.13843000409235315,0.04143222734665086
2017/18,False,0.15,2017/18|2018-03-10|Hoffenheim|Wolfsburg,2018-03-10,Hoffenheim,Wolfsburg,3,0,230,17,home_win,0,0.60913456271264,0.23330555779943055,0.15755987948792946,0.5699145896018091,0.24303090978032263,0.18705450061786827,0.08880045284504501,0.10998142321939021,0.0211809703743452,0.2021329883205429,0.1133325354754979
2017/18,False,0.15,2017/18|2018-03-10|Hertha|Freiburg,2018-03-10,Hertha,Freiburg,0,0,229,16,draw,1,0.35666836021350246,0.33431641318382666,0.3090152266026709,0.4222009189778851,0.3156259297213316,0.26217315130078345,0.11135136472484439,0.12349418862437705,0.012142823899532668,0.15354523273732046,0.04219386801247607
2017/18,False,0.15,2017/18|2018-03-10|Hannover|Augsburg,2018-03-10,Hannover,Augsburg,1,3,228,15,away_win,2,0.3889348897422498,0.2942568145358143,0.31680829572193575,0.4114216363820247,0.28763105552371643,0.30094730809425885,0.30901062662659096,0.32897121447196304,0.01996058784537208,0.31782892871528673,0.008818302088695773
2017/18,False,0.15,2017/18|2018-03-10|Bayern Munich|Hamburg,2018-03-10,Bayern Munich,Hamburg,6,0,227,14,home_win,0,0.730530699271352,0.17965300287301175,0.08981629785563623,0.8487505480052608,0.11091626479614203,0.040333187198597104,0.04034033569783947,0.012251581359152993,-0.02808875433868648,0.05945948761350153,0.01911915191566206
2017/18,False,0.15,2017/18|2018-03-09|Mainz|Schalke 04,2018-03-09,Mainz,Schalke 04,0,1,226,13,away_win,2,0.2875696563624097,0.2944150630330132,0.4180152806045771,0.28829110857688034,0.29350118885236615,0.41820770257075346,0.21070126043508172,0.21079702031624367,9.575988116194978e-05,0.24712939021422034,0.03642812977913862
2017/18,False,0.15,2017/18|2018-03-04|Freiburg|Bayern Munich,2018-03-04,Freiburg,Bayern Munich,0,4,225,12,away_win,2,0.26011796337886123,0.311109916500135,0.4287721201210037,0.12464183381088827,0.2106017191977078,0.664756446991404,0.19698132281170977,0.06396191328478422,-0.13301940952692554,0.16134308728827484,-0.035638235523434925
2017/18,False,0.15,2017/18|2018-03-12|Werder Bremen|FC Koln,2018-03-12,Werder Bremen,FC Koln,3,1,234,21,home_win,0,0.5469098682612815,0.23903863160934025,0.21405150012937835,0.5276265981661322,0.249007450665139,0.22336595116872876,0.12555435609332324,0.13651448945080583,0.010960133357482582,0.1350626930217746,0.00950833692845135
2017/18,False,0.15,2017/18|2018-03-04|FC Koln|Stuttgart,2018-03-04,FC Koln,Stuttgart,2,3,224,11,away_win,2,0.3547060531601866,0.27541846678261445,0.3698754800571991,0.3782089415640873,0.2853155173202764,0.3364755411156363,0.2614366473908113,0.2916533555084074,0.03021670811759608,0.3263927595521716,0.06495611216136032
2017/18,False,0.15,2017/18|2018-03-03|Schalke 04|Hertha,2018-03-03,Schalke 04,Hertha,1,0,222,9,home_win,0,0.6214597931019888,0.23336943326602747,0.145170773631984,0.5922599392418438,0.2571654999339585,0.15057456082419757,0.08218362087764887,0.09446232775723246,0.012278706879583587,0.1788014113560561,0.09661779047840723
2017/18,False,0.15,2017/18|2018-03-03|RB Leipzig|Dortmund,2018-03-03,RB Leipzig,Dortmund,1,1,221,8,draw,1,0.3423713998400062,0.2732183206983628,0.38441027946163064,0.44503801109513047,0.26998150811588245,0.284980480788987,0.1324947191920873,0.13963635287511583,0.007141633683028531,0.1322356998395252,-0.00025901935256208986
2017/18,False,0.15,2017/18|2018-03-03|Hamburg|Mainz,2018-03-03,Hamburg,Mainz,0,0,220,7,draw,1,0.38148167759342844,0.3403137264025156,0.2782045960040563,0.45592451870789136,0.288662269241091,0.2554132120510177,0.11146303378863824,0.13655153782462023,0.025088504035981993,0.12311023854128939,0.011647204752651144
2017/18,False,0.15,2017/18|2018-03-03|Ein Frankfurt|Hannover,2018-03-03,Ein Frankfurt,Hannover,1,0,219,6,home_win,0,0.40309938869548095,0.2930461341584359,0.3038544771460837,0.5537414350647883,0.2591981185409647,0.1870604463942471,0.224308941528714,0.11706915869162471,-0.10723978283708929,0.15715376259246236,-0.06715517893625164
2017/18,False,0.15,2017/18|2018-03-03|Augsburg|Hoffenheim,2018-03-03,Augsburg,Hoffenheim,0,2,218,5,away_win,2,0.5129307699562211,0.26524811890654115,0.2218211111372382,0.32953546862216293,0.28029453652919606,0.39016999484864096,0.43433017891978265,0.24024313013146753,-0.19408704878831512,0.3921049429330597,-0.04222523598672295
2017/18,False,0.15,2017/18|2018-03-02|M'gladbach|Werder Bremen,2018-03-02,M'gladbach,Werder Bremen,2,2,217,4,draw,1,0.5470684398743758,0.25610160891634043,0.196829951209284,0.47566012407689057,0.27237521071442056,0.25196466520868877,0.1690129537998163,0.1448693730752848,-0.024143580724531488,0.12448420259636718,-0.04452875120344911
2017/18,False,0.15,2017/18|2018-02-26|Dortmund|Augsburg,2018-02-26,Dortmund,Augsburg,1,1,216,3,draw,1,0.5413917457166537,0.24946925071278803,0.20913900357055823,0.6839664292310834,0.19483505852598593,0.1211985122429305,0.16842207257230593,0.24124957784250922,0.07282750527020329,0.14261448424285,-0.025807588329455927
2017/18,False,0.15,2017/18|2018-02-25|RB Leipzig|FC Koln,2018-02-25,RB Leipzig,FC Koln,1,2,215,2,away_win,2,0.6491494742122262,0.19926475330260474,0.15158577248516905,0.6465982880306262,0.21271534094253716,0.14068637102683654,0.5706008706597986,0.5782546295115821,0.007653758851783543,0.4839079267664394,-0.08669294389335919
2017/18,False,0.15,2017/18|2018-04-08|Ein Frankfurt|Hoffenheim,2018-04-08,Ein Frankfurt,Hoffenheim,1,1,260,47,draw,1,0.4033150030024559,0.2872765306414503,0.3094084663560939,0.41877277601117197,0.26442833824011674,0.31679888574871123,0.12919829534985053,0.1378660859698641,0.008667790620013577,0.1426652351503286,0.013466939800478084
2017/18,False,0.15,2017/18|2018-03-03|Wolfsburg|Leverkusen,2018-03-03,Wolfsburg,Leverkusen,1,2,223,10,away_win,2,0.22990195822714235,0.27062414907669036,0.49947389269616743,0.2755457869264747,0.264344738677431,0.46010947439609445,0.1516906472447013,0.18370363016489588,0.03201298292019458,0.2666600362366284,0.11496938899192707
2017/18,False,0.15,2017/18|2018-03-16|Freiburg|Stuttgart,2018-03-16,Freiburg,Stuttgart,1,2,235,22,away_win,2,0.415526095514112,0.3368368833588634,0.24763702112702504,0.3829348013074144,0.30707035953896433,0.30999483915362114,0.36935599401591007,0.311373092023493,-0.05798290199241707,0.29706232842392044,-0.07229366559198963
2017/18,False,0.15,2017/18|2018-02-25|Leverkusen|Schalke 04,2018-02-25,Leverkusen,Schalke 04,0,2,214,1,away_win,2,0.5533879054347063,0.257647296921155,0.18896479764413882,0.4641937145801133,0.27305512622359607,0.26275115919629055,0.48200813667091225,0.3795058289610485,-0.10250230770986374,0.4157806970326816,-0.06622743963823063
2017/18,False,0.15,2017/18|2018-03-17|Ein Frankfurt|Mainz,2018-03-17,Ein Frankfurt,Mainz,3,0,237,24,home_win,0,0.5203091750119301,0.2924336726286977,0.18725715235937232,0.558052693451352,0.2604245902772976,0.18152271627135058,0.13258426434373813,0.11413395914406692,-0.01845030519967121,0.14699872023841107,0.01441445589467294
2017/18,False,0.15,2017/18|2018-04-07|Hamburg|Schalke 04,2018-04-07,Hamburg,Schalke 04,3,2,257,44,home_win,0,0.2645070353945503,0.3031356076574537,0.43235735694799565,0.23684995327815073,0.27031075000165683,0.49283929672019244,0.36394139254558516,0.41264428310160733,0.04870289055602217,0.34886735728329465,-0.015074035262290508
2017/18,False,0.15,2017/18|2018-04-07|Freiburg|Wolfsburg,2018-04-07,Freiburg,Wolfsburg,0,2,256,43,away_win,2,0.4236235423989254,0.3390361797347992,0.2373402778662754,0.40271905827737714,0.31642211721793917,0.2808588245046838,0.38055337871985206,0.33967333509630143,-0.04088004362355063,0.32328740438377285,-0.05726597433607922
2017/18,False,0.15,2017/18|2018-04-07|FC Koln|Mainz,2018-04-07,FC Koln,Mainz,1,1,255,42,draw,1,0.44965797288865317,0.2954562081710729,0.25488581894027423,0.4709223891881019,0.2634619853025326,0.2656156255093654,0.13357953663959343,0.1461597785766808,0.012580241937087372,0.14207365529340965,0.008494118653816218
2017/18,False,0.15,2017/18|2018-04-07|Augsburg|Bayern Munich,2018-04-07,Augsburg,Bayern Munich,1,4,254,41,away_win,2,0.19649306689814766,0.25290123947632803,0.5506056936255246,0.1259342331249853,0.22227101975515842,0.6517947471198564,0.12028238397041803,0.06855316460305148,-0.05172921936736655,0.15916266223613548,0.03888027826571745
2017/18,False,0.15,2017/18|2018-04-06|Hannover|Werder Bremen,2018-04-06,Hannover,Werder Bremen,2,1,253,40,home_win,0,0.32922666590791066,0.27904299483722333,0.3917303392548661,0.3087700938926194,0.2594982703991163,0.43173163570826434,0.3016947622108751,0.3320954941842758,0.030400731973400708,0.2652729245885214,-0.03642183762235368
2017/18,False,0.15,2017/18|2018-04-01|Werder Bremen|Ein Frankfurt,2018-04-01,Werder Bremen,Ein Frankfurt,2,1,252,39,home_win,0,0.45251169043004696,0.29234430705265874,0.2551440025172941,0.41193038929685144,0.27814103208932706,0.30992857861382156,0.18242095556815488,0.2209407954370682,0.03851983986891333,0.22226903393623232,0.03984807836807744
2017/18,False,0.15,2017/18|2018-04-01|Mainz|M'gladbach,2018-04-01,Mainz,M'gladbach,0,0,251,38,draw,1,0.3385984591654239,0.2839755973093339,0.3774259435252425,0.31764824143053405,0.27088336144214986,0.41146839712731614,0.12854962969755926,0.13510332355921678,0.0065536938616575224,0.12696019339223846,-0.001589436305320796
2017/18,False,0.15,2017/18|2018-03-31|Stuttgart|Hamburg,2018-03-31,Stuttgart,Hamburg,1,1,250,37,draw,1,0.6165176552669808,0.2558228619728726,0.12765948276014671,0.5759682752315036,0.24705238201554341,0.17697934275295293,0.19819548139724197,0.18153057091721014,-0.016664910480031825,0.12890212346563618,-0.06929335793160579
2017/18,False,0.15,2017/18|2018-03-31|Schalke 04|Freiburg,2018-03-31,Schalke 04,Freiburg,2,0,249,36,home_win,0,0.4519905576435876,0.31847889576172717,0.22953054659468486,0.6168951884253028,0.25717530282637957,0.12592950874831763,0.17649931036592054,0.08131376891263843,-0.0951855414532821,0.13294330545110936,-0.04355600491481118
2017/18,False,0.15,2017/18|2018-03-31|Leverkusen|Augsburg,2018-03-31,Leverkusen,Augsburg,0,0,248,35,draw,1,0.5929430915446487,0.2531000478075532,0.15395686064779823,0.6556391407568433,0.2156517262092045,0.1287091330339521,0.1876421123755256,0.22321436190936167,0.03557224953383606,0.1570403071814414,-0.030601805194084203
2017/18,False,0.15,2017/18|2018-04-07|M'gladbach|Hertha,2018-04-07,M'gladbach,Hertha,2,1,258,45,home_win,0,0.4973840940840821,0.26681946594192585,0.2357964399739919,0.5512767568311653,0.25278752839149293,0.19593571477734184,0.1541113549920436,0.11987167664263249,-0.03423967834941111,0.22542163467293713,0.07131027968089354
2017/18,False,0.15,2017/18|2018-03-31|Hertha|Wolfsburg,2018-03-31,Hertha,Wolfsburg,0,0,246,33,draw,1,0.5478106341242838,0.27722522201110966,0.1749641438646067,0.41193261319751495,0.3050875916494096,0.28297979515307553,0.16535447124896233,0.124883021140305,-0.040471450108657325,0.12886797340715145,-0.03648649784181088
2017/18,False,0.15,2017/18|2018-03-31|Hannover|RB Leipzig,2018-03-31,Hannover,RB Leipzig,2,3,245,32,away_win,2,0.39937545314024436,0.27801208717544296,0.32261245968431285,0.21659831382972325,0.24489759101350617,0.5385040951567706,0.3091773161729562,0.1299466498704752,-0.179230666302481,0.27472258235285113,-0.034454733820105055
2017/18,False,0.15,2017/18|2018-03-31|Bayern Munich|Dortmund,2018-03-31,Bayern Munich,Dortmund,6,0,244,31,home_win,0,0.6428046515705413,0.21514888793262946,0.14204646049682937,0.7159716758457907,0.17387883556254918,0.11014948859166013,0.07388285693965982,0.04640249937942643,-0.02748035756023339,0.10490702291994583,0.03102416598028601
2017/18,False,0.15,2017/18|2018-03-18|RB Leipzig|Bayern Munich,2018-03-18,RB Leipzig,Bayern Munich,2,1,243,30,home_win,0,0.19486604347596662,0.24143982958871407,0.5636941269353195,0.1796933902990701,0.22786294713914718,0.5924436625617827,0.482995878344708,0.5119462136143267,0.02895033526961871,0.33992486213413975,-0.14307101621056822
2017/18,False,0.15,2017/18|2018-03-18|FC Koln|Leverkusen,2018-03-18,FC Koln,Leverkusen,2,0,242,29,home_win,0,0.19351795986551812,0.22209885548631936,0.5843831846481625,0.19730733519034352,0.22934076137418755,0.5733519034354688,0.49595849377950224,0.4865239596561515,-0.009434534123350768,0.32071997925952506,-0.17523851451997718
2017/18,False,0.15,2017/18|2018-03-18|Dortmund|Hannover,2018-03-18,Dortmund,Hannover,1,0,241,28,home_win,0,0.6534688249585314,0.20079344643471356,0.14573772860675469,0.663820533668979,0.19874056710659857,0.1374388992244224,0.07066167040753855,0.06595304230131552,-0.004708628106223037,0.12692669242554167,0.05626502201800311
2017/18,False,0.15,2017/18|2018-03-17|Wolfsburg|Schalke 04,2018-03-17,Wolfsburg,Schalke 04,0,1,240,27,away_win,2,0.3108654579138192,0.3204769829762043,0.3686575591099768,0.24364383257466413,0.2900521816365049,0.4663039857888309,0.2476153052964706,0.17209687636827967,-0.07551842892819094,0.2662843362760057,0.018669030979535067
2017/18,False,0.15,2017/18|2018-03-17|M'gladbach|Hoffenheim,2018-03-17,M'gladbach,Hoffenheim,3,3,239,26,draw,1,0.4469149621127704,0.25881662412009854,0.2942684137671313,0.3038883005165669,0.25670564333109996,0.43940605615233325,0.14316344135064124,0.14271289068709733,-0.00045055066354390827,0.13363340595985843,-0.009530035390782815
2017/18,False,0.15,2017/18|2018-03-17|Hamburg|Hertha,2018-03-17,Hamburg,Hertha,1,2,238,25,away_win,2,0.3132874291472259,0.34077019146200355,0.34594237939077077,0.3363097893336333,0.3115969294145484,0.35209328125181827,0.2629701921693424,0.2664436953003341,0.0034735031309917064,0.2843467398868019,0.021376547717459504
2017/18,False,0.15,2017/18|2018-03-31|Hoffenheim|FC Koln,2018-03-31,Hoffenheim,FC Koln,6,0,247,34,home_win,0,0.6085865978351017,0.2152863393387625,0.1761270628261355,0.6102800748417369,0.20513615961066786,0.18458376554759529,0.09211259682703099,0.09297639328454593,0.0008637964575149426,0.13488222780567166,0.04276963097864067
2018/19,False,0.15,2018/19|2019-04-27|Hannover|Mainz,2019-04-27,Hannover,Mainz,1,0,275,61,home_win,0,0.3331354517784431,0.26139516156580006,0.40546938665575727,0.3144896439987739,0.2579147874064019,0.42759556859482417,0.3045568745948684,0.32638120923342945,0.021824334638561038,0.3349184258161588,0.030361551221290417
2018/19,False,0.15,2018/19|2019-04-27|RB Leipzig|Freiburg,2019-04-27,RB Leipzig,Freiburg,2,1,276,62,home_win,0,0.757841863382256,0.14586628371495702,0.09629185290278698,0.7552799020841833,0.161665263322367,0.08305483459344971,0.033956342032814966,0.033393015936636114,-0.0005633260961788525,0.05534522415755545,0.021388882124740487
2018/19,False,0.15,2018/19|2019-04-27|Stuttgart|M'gladbach,2019-04-27,Stuttgart,M'gladbach,1,0,277,63,home_win,0,0.287892387645903,0.25047419448973735,0.4616334178643594,0.26891466791720436,0.2515429193437415,0.47954241273905407,0.36010133203089173,0.3822233442011025,0.02212201217021076,0.3301421052091511,-0.029959226821740625
2018/19,False,0.15,2018/19|2019-05-04|Bayern Munich|Hannover,2019-05-04,Bayern Munich,Hannover,3,1,281,67,home_win,0,0.8621637320114494,0.0743926309831759,0.06344363700537496,0.9264906247972491,0.045442159216246024,0.028067215986504898,0.011511965924740651,0.0030956984279659626,-0.008416267496774689,0.026265452958595597,0.014753487033854946
2018/19,False,0.15,2018/19|2019-04-28|Nurnberg|Bayern Munich,2019-04-28,Nurnberg,Bayern Munich,1,1,279,65,draw,1,0.11759128839072555,0.1543704015284784,0.7280383100807961,0.04367657841549877,0.09709303381765376,0.8592303877668475,0.27193374602534615,0.3700922513820261,0.09815850535667997,0.18307202590037783,-0.08886172012496832
2018/19,False,0.15,2018/19|2019-05-03|Mainz|RB Leipzig,2019-05-03,Mainz,RB Leipzig,3,3,280,66,draw,1,0.2526138456102704,0.22413171637021953,0.5232544380195099,0.20256011937572732,0.22669695603031165,0.5707429245939611,0.16880448095056144,0.18338904396778838,0.014584563017226937,0.15464868986263877,-0.01415579108792267
2018/19,False,0.15,2018/19|2019-04-27|Fortuna Dusseldorf|Werder Bremen,2019-04-27,Fortuna Dusseldorf,Werder Bremen,4,1,274,60,home_win,0,0.4348055658162416,0.2550113169404472,0.3101831172433113,0.32512901945216355,0.25803890432711396,0.41683207622072255,0.20782915732753832,0.3145999100760382,0.1067707527484999,0.2933318575878565,0.0855027002603182
2018/19,False,0.15,2018/19|2019-04-28|Hoffenheim|Wolfsburg,2019-04-28,Hoffenheim,Wolfsburg,1,4,278,64,away_win,2,0.6514655827556205,0.19189435805184288,0.1566400591925367,0.6683241611347146,0.18529063740828605,0.1463852014569994,0.5678316976369442,0.5876577043240139,0.019826006687069686,0.4271422201045375,-0.14068947753240668
2018/19,False,0.15,2018/19|2019-04-27|Ein Frankfurt|Hertha,2019-04-27,Ein Frankfurt,Hertha,0,0,273,59,draw,1,0.5980869805956044,0.21573241535334894,0.18618060405104664,0.6963445722184837,0.17924425099698002,0.12441117678453627,0.19618562684138974,0.2501869520835281,0.054001325242138354,0.18932509125414632,-0.0068605355872434215
2018/19,False,0.15,2018/19|2019-04-21|Freiburg|Dortmund,2019-04-21,Freiburg,Dortmund,0,4,268,54,away_win,2,0.2619575398371485,0.24980034388467823,0.4882421162781732,0.15202590622763512,0.19803783694683755,0.6499362568255274,0.165258942114487,0.07282825022482843,-0.09243069188965856,0.21005429862957803,0.044795356515091034
2018/19,False,0.15,2018/19|2019-04-26|Augsburg|Leverkusen,2019-04-26,Augsburg,Leverkusen,1,4,271,57,away_win,2,0.20764329410665514,0.21978390388979532,0.5725728020035492,0.1993280674791808,0.22627685049501411,0.5743950820258051,0.11290487358727988,0.11043561234440302,-0.002469261242876858,0.21462394459482437,0.10171907100754449
2018/19,False,0.15,2018/19|2019-04-22|Wolfsburg|Ein Frankfurt,2019-04-22,Wolfsburg,Ein Frankfurt,1,1,270,56,draw,1,0.28910291201411936,0.2651436431106632,0.445753444875217,0.32826998926330003,0.2586105750960216,0.4131194356406785,0.14113831367658355,0.1392144269774999,-0.0019238866990836656,0.13304947711861712,-0.008088836557966439
2018/19,False,0.15,2018/19|2019-04-21|Hertha|Hannover,2019-04-21,Hertha,Hannover,0,0,269,55,draw,1,0.5948466856494429,0.2264618908132274,0.17869142353732953,0.5775547445255474,0.22992700729927007,0.19251824817518245,0.1928866021369622,0.18531637940220577,-0.007570222734756438,0.17594017009490057,-0.016946432042061643
2018/19,False,0.15,2018/19|2019-04-20|Schalke 04|Hoffenheim,2019-04-20,Schalke 04,Hoffenheim,2,5,267,53,away_win,2,0.20908434885523283,0.1956122426732136,0.5953034084715536,0.2797346325282471,0.2477039494143257,0.4725614180574272,0.10374779806547946,0.17822146117865273,0.07447366311317327,0.16049086383722114,0.05674306577174168
2018/19,False,0.15,2018/19|2019-04-20|Mainz|Fortuna Dusseldorf,2019-04-20,Mainz,Fortuna Dusseldorf,3,1,266,52,home_win,0,0.388884601994501,0.2569593785574724,0.35415601944802677,0.48416750400564873,0.24699915813486134,0.26883333785949,0.2494442578953453,0.1691772637342185,-0.08026699416112679,0.16986437575551486,-0.07957988213983044
2018/19,False,0.15,2018/19|2019-04-20|M'gladbach|RB Leipzig,2019-04-20,M'gladbach,RB Leipzig,1,2,265,51,away_win,2,0.2529812119621308,0.2611378269858823,0.48588096105198675,0.3272385891188698,0.2664401627252,0.40632124815593007,0.16415893990732855,0.22976977729982057,0.06561083739249202,0.2079475880555946,0.04378864814826605
2018/19,False,0.15,2018/19|2019-04-20|Leverkusen|Nurnberg,2019-04-20,Leverkusen,Nurnberg,2,0,264,50,home_win,0,0.691439537938624,0.1875048060053245,0.12105565605605151,0.7564638523103002,0.15567101783877563,0.08786512985092416,0.05493201530534545,0.03351506813762951,-0.021416947167715944,0.11662074780472967,0.06168873249938422
2018/19,False,0.15,2018/19|2019-04-20|Bayern Munich|Werder Bremen,2019-04-20,Bayern Munich,Werder Bremen,1,0,263,49,home_win,0,0.7967970407249051,0.12023511142751116,0.08296784784758386,0.8510874534648291,0.09741362419175753,0.051498922343413224,0.024087553217307843,0.01241354275906119,-0.011674010458246653,0.09947780935298586,0.07539025613567801
2018/19,False,0.15,2018/19|2019-05-04|Hertha|Stuttgart,2019-05-04,Hertha,Stuttgart,3,1,282,68,home_win,0,0.5119614587147439,0.2501479532426602,0.23789058804259616,0.42566473394118104,0.26488376106665884,0.3094515049921601,0.14738677482954637,0.21281061589038366,0.06542384106083729,0.15180881074487523,0.004422035915328859
2018/19,False,0.15,2018/19|2019-04-27|Dortmund|Schalke 04,2019-04-27,Dortmund,Schalke 04,2,4,272,58,away_win,2,0.6375945284433208,0.20785012939411635,0.15455534216256298,0.6547810546902119,0.2093036632703053,0.13591528203948297,0.5606517260833608,0.5876903146970662,0.02703858861370545,0.568832595258907,0.008180869175546168
2018/19,False,0.15,2018/19|2019-05-04|Werder Bremen|Dortmund,2019-05-04,Werder Bremen,Dortmund,2,2,284,70,draw,1,0.30832872298350295,0.26936478517379364,0.4223064918427032,0.2521586318884497,0.2217157902253795,0.5261255778861706,0.13670468723456453,0.17019604967095592,0.03349136243639139,0.14117284671203392,0.004468159477469397
2018/19,False,0.15,2018/19|2019-05-11|RB Leipzig|Bayern Munich,2019-05-11,RB Leipzig,Bayern Munich,0,0,295,81,draw,1,0.24138259551319471,0.23938084422748027,0.5192365602593255,0.1952166501548148,0.209552214097069,0.5952311357481163,0.16393608146331107,0.19620482273082981,0.03226874126751875,0.1361263090200655,-0.027809772443245562
2018/19,False,0.15,2018/19|2019-05-05|Freiburg|Fortuna Dusseldorf,2019-05-05,Freiburg,Fortuna Dusseldorf,1,1,286,72,draw,1,0.3899297131425701,0.25187165923340743,0.3581986276240225,0.4262077127057294,0.2609667545711551,0.3128255327231154,0.1401757190115901,0.13975641414667528,-0.00041930486491481567,0.14380448445439933,0.0036287654428092397
2018/19,False,0.15,2018/19|2019-05-18|Wolfsburg|Augsburg,2019-05-18,Wolfsburg,Augsburg,8,1,306,92,home_win,0,0.5523675014916287,0.2503249455229134,0.197307552985458,0.7322453122058618,0.1566553990456625,0.11109928874847559,0.11965256209297814,0.042017812398076816,-0.07763474969490133,0.06699786686599454,-0.0526546952269836
2018/19,False,0.15,2018/19|2019-05-18|Werder Bremen|RB Leipzig,2019-05-18,Werder Bremen,RB Leipzig,2,1,305,91,home_win,0,0.25261123471887886,0.2529157943000213,0.4944729709810999,0.43922392724496306,0.2431613761805033,0.3176146965745336,0.4015467427496571,0.20767444962734777,-0.19387229312230936,0.27806841928591924,-0.12347832346373788
2018/19,False,0.15,2018/19|2019-05-18|Schalke 04|Stuttgart,2019-05-18,Schalke 04,Stuttgart,0,0,304,90,draw,1,0.5201113647361674,0.25746126793106694,0.22242736733276597,0.5881359024599202,0.214221686326461,0.19764241121361878,0.15999488273315182,0.19248318123633898,0.03248829850318716,0.14026006125168217,-0.019734821481469655
2018/19,False,0.15,2018/19|2019-05-18|Mainz|Hoffenheim,2019-05-18,Mainz,Hoffenheim,4,2,303,89,home_win,0,0.24829279940950447,0.19363947868662454,0.5580677219038709,0.23499899209353373,0.19936389903017002,0.5656371088762963,0.4382516488252879,0.4525859405179222,0.014334291692634338,0.2345303674286357,-0.2037212813966522
2018/19,False,0.15,2018/19|2019-05-18|M'gladbach|Dortmund,2019-05-18,M'gladbach,Dortmund,0,2,302,88,away_win,2,0.336532285991601,0.2564200504476367,0.40704766356076266,0.33769415436744077,0.22855646513393532,0.4337493804986239,0.23242322640174184,0.21733855298981658,-0.015084673411925265,0.2827651659385646,0.050341939536822755
2018/19,False,0.15,2018/19|2019-05-18|Hertha|Leverkusen,2019-05-18,Hertha,Leverkusen,1,5,301,87,away_win,2,0.21570116854517812,0.22432895426699526,0.5599698771878266,0.1595807868937956,0.18592233712962367,0.6544968759765807,0.12007675154692585,0.07241921812779262,-0.04765753341913323,0.2696785362460277,0.14960178469910188
2018/19,False,0.15,2018/19|2019-05-18|Freiburg|Nurnberg,2019-05-18,Freiburg,Nurnberg,5,1,300,86,home_win,0,0.4208177454398602,0.30793311870554674,0.27124913585459276,0.5593411436126071,0.22954094101083403,0.21111791537655886,0.20451408884961497,0.11937550095279442,-0.08513858789682055,0.17429921476795734,-0.030214874081657628
2018/19,False,0.15,2018/19|2019-05-18|Fortuna Dusseldorf|Hannover,2019-05-18,Fortuna Dusseldorf,Hannover,2,1,299,85,home_win,0,0.5989326804999694,0.2084002629939598,0.1926670565060709,0.709961787656506,0.15649076680921364,0.1335474455342805,0.09898779471682656,0.05097854241407067,-0.04800925230275589,0.09460178913570766,-0.004386005581118901
2018/19,False,0.15,2018/19|2019-05-18|Bayern Munich|Ein Frankfurt,2019-05-18,Bayern Munich,Ein Frankfurt,5,1,298,84,home_win,0,0.7748626475286229,0.13330706040885995,0.09183029206251715,0.7371859859728751,0.16795019854338547,0.09486381548373936,0.02955981500905415,0.03903517472859139,0.009475359719537238,0.10530698961305032,0.07574717460399617
2018/19,False,0.15,2018/19|2019-05-04|Wolfsburg|Nurnberg,2019-05-04,Wolfsburg,Nurnberg,2,0,285,71,home_win,0,0.5069026777744684,0.28134183896966475,0.21175548325586704,0.5959518502006241,0.22382523406152474,0.1802229157378511,0.1439926769374577,0.09786760335667573,-0.04612507358078198,0.10930970011850782,-0.034682976818949884
2018/19,False,0.15,2018/19|2019-05-12|Ein Frankfurt|Mainz,2019-05-12,Ein Frankfurt,Mainz,0,2,297,83,away_win,2,0.5457436060430831,0.2166774812015807,0.23757891275533588,0.6331363203050525,0.20350810295519545,0.16335557673975215,0.4395609989061216,0.5504177455309475,0.11085674662482586,0.47123980233077045,0.03167880342464885
2018/19,False,0.15,2018/19|2019-04-20|Augsburg|Stuttgart,2019-04-20,Augsburg,Stuttgart,6,0,262,48,home_win,0,0.4586172404742146,0.2670318522904557,0.2743509072353296,0.4002454246373211,0.2847226927449164,0.3150318826177624,0.18418185630630146,0.2294753188670795,0.04529346256077804,0.16622351433727892,-0.017958341969022545
2018/19,False,0.15,2018/19|2019-05-11|Nurnberg|M'gladbach,2019-05-11,Nurnberg,M'gladbach,0,4,294,80,away_win,2,0.30723911701507994,0.3030925390189537,0.3896683439659665,0.2270003546035352,0.2302278477969504,0.5427717975995143,0.23345030269072603,0.13029339503025508,-0.10315690766047095,0.26823509090032516,0.03478478820959913
2018/19,False,0.15,2018/19|2019-05-11|Leverkusen|Schalke 04,2019-05-11,Leverkusen,Schalke 04,1,1,293,79,draw,1,0.6817479176579581,0.19577375552905443,0.12247832681298763,0.7055193454444598,0.17573845513798364,0.1187421994175565,0.23989058188493548,0.2559286283594489,0.01603804647451343,0.18450207234305124,-0.055388509541884234
2018/19,False,0.15,2018/19|2019-05-11|Hoffenheim|Werder Bremen,2019-05-11,Hoffenheim,Werder Bremen,0,1,292,78,away_win,2,0.7105376669795119,0.1579936103634391,0.13146872265704904,0.6807436292468616,0.1732358339660472,0.14602053678709112,0.6296051779598328,0.5963464061747982,-0.03325877178503467,0.41965309538401296,-0.20995208257581988
2018/19,False,0.15,2018/19|2019-05-11|Hannover|Freiburg,2019-05-11,Hannover,Freiburg,3,0,291,77,home_win,0,0.3877999619147865,0.2753218779008737,0.3368781601843398,0.3102860985629285,0.26050758007689717,0.4292063213601742,0.2441378907203613,0.3299616660655398,0.08582377534517849,0.2934428242602106,0.04930493353984933
2018/19,False,0.15,2018/19|2019-05-11|Dortmund|Fortuna Dusseldorf,2019-05-11,Dortmund,Fortuna Dusseldorf,3,2,290,76,home_win,0,0.6718663014605472,0.18368089050972464,0.14445280802972854,0.7053687615511935,0.1674792380112886,0.1271520004375178,0.06426916893242701,0.05148759894256999,-0.012781569989857022,0.10625492517308727,0.041985756240660255
2018/19,False,0.15,2018/19|2019-05-11|Augsburg|Hertha,2019-05-11,Augsburg,Hertha,3,4,289,75,away_win,2,0.35733178639910984,0.2640579576332162,0.37861025596767417,0.3799608464621982,0.25970728069357696,0.36033187284422485,0.25690560977986937,0.27677277887162355,0.019867169091754178,0.30564731058580386,0.048741700805934485
2018/19,False,0.15,2018/19|2019-05-05|Schalke 04|Augsburg,2019-05-05,Schalke 04,Augsburg,0,0,288,74,draw,1,0.503439108964718,0.2535599555599134,0.24300093547536855,0.57905163599182,0.23843302658486704,0.18251533742331286,0.15625019553854672,0.1843063227697745,0.028056127231227773,0.1554556964289971,-0.0007944991095496234
2018/19,False,0.15,2018/19|2019-05-05|Leverkusen|Ein Frankfurt,2019-05-05,Leverkusen,Ein Frankfurt,6,1,287,73,home_win,0,0.5626299748325571,0.23289854852246344,0.20447147664497936,0.5707892539168603,0.23158513882068316,0.1976256072624567,0.11655056183817404,0.11163887259955005,-0.004911689238623992,0.21621363702949825,0.09966307519132421
2018/19,False,0.15,2018/19|2019-05-11|Stuttgart|Wolfsburg,2019-05-11,Stuttgart,Wolfsburg,3,0,296,82,home_win,0,0.3374371507175844,0.2684343309197905,0.3941285183626249,0.3186923268159284,0.2573083166376625,0.42399935654640913,0.2971634091179755,0.3219777999456313,0.024814390827655797,0.40587870323425534,0.10871529411627984
2018/19,False,0.15,2018/19|2019-04-14|Hoffenheim|Hertha,2019-04-14,Hoffenheim,Hertha,2,0,261,47,home_win,0,0.6828265465210253,0.1649490945600543,0.1522243589189203,0.7381409341151938,0.14876378826013906,0.11309527762466712,0.061885627520027846,0.04068035610353192,-0.021205271416495926,0.07926095455341838,0.01737532703339053
2018/19,False,0.15,2018/19|2019-05-04|M'gladbach|Hoffenheim,2019-05-04,M'gladbach,Hoffenheim,2,2,283,69,draw,1,0.3158660028605558,0.22441595569099704,0.4597180414484473,0.420910058253828,0.24351903619672843,0.33557090554944363,0.15555600469815042,0.14488655489525723,-0.010669449802893194,0.1356067748121817,-0.019949229885968728
2018/19,False,0.15,2018/19|2019-04-14|Ein Frankfurt|Augsburg,2019-04-14,Ein Frankfurt,Augsburg,1,3,259,45,away_win,2,0.7087350050109521,0.17045435174257617,0.12081064324647167,0.6630414789371881,0.20042247603484362,0.13653604502796823,0.6376396161782785,0.5925970021635782,-0.04504261401470022,0.5625774599541865,-0.07506215622409196
2018/19,False,0.15,2018/19|2019-03-29|Hoffenheim|Leverkusen,2019-03-29,Hoffenheim,Leverkusen,4,1,235,21,home_win,0,0.4738644884503805,0.23159554495703247,0.2945399665925872,0.4168625647006835,0.2432564592018951,0.33988097609742135,0.1817861842169711,0.22778417318020022,0.045997988963229125,0.20309343412917086,0.02130724991219976
2018/19,False,0.15,2018/19|2019-03-17|Leverkusen|Werder Bremen,2019-03-17,Leverkusen,Werder Bremen,1,3,234,20,away_win,2,0.6344877305407653,0.2034276667978612,0.1620846026613733,0.6082568008283897,0.2221942651427908,0.16954893402881943,0.5523384466519596,0.5298126543633288,-0.02252579228863083,0.385758248788983,-0.16658019786297662
2018/19,False,0.15,2018/19|2019-03-17|Ein Frankfurt|Nurnberg,2019-03-17,Ein Frankfurt,Nurnberg,1,0,233,19,home_win,0,0.6675938093171715,0.2054218061004829,0.12698438458234554,0.7214424609679717,0.1723231546697116,0.10623438436231672,0.063309454766013,0.0444400234862102,-0.018869431279802805,0.09862659663435368,0.035317141868340673
2018/19,False,0.15,2018/19|2019-03-17|Bayern Munich|Mainz,2019-03-17,Bayern Munich,Mainz,6,0,232,18,home_win,0,0.848987899924149,0.08396169295912441,0.06705040711672638,0.8616450166320563,0.10031625973263027,0.038038723635313486,0.013650205731918805,0.010294522959273869,-0.0033556827726449363,0.06302399864346708,0.04937379291154828
2018/19,False,0.15,2018/19|2019-03-16|Wolfsburg|Fortuna Dusseldorf,2019-03-16,Wolfsburg,Fortuna Dusseldorf,5,2,231,17,home_win,0,0.47536034549640904,0.2811824962814341,0.24345715822215666,0.5096969619180861,0.26598939815943834,0.2243136399224757,0.1672590774836278,0.14535683910381236,-0.021902238379815447,0.15919610884785945,-0.008062968635768358
2018/19,False,0.15,2018/19|2019-03-16|Stuttgart|Hoffenheim,2019-03-16,Stuttgart,Hoffenheim,1,1,230,16,draw,1,0.2501952522775136,0.21481710983960173,0.5349876378828851,0.2527917296532891,0.24030818744818844,0.5069000828985225,0.17440471847485856,0.16042567631181526,-0.013979042163043298,0.16057666556354608,-0.013828052911312477
2018/19,False,0.15,2018/19|2019-03-16|Schalke 04|RB Leipzig,2019-03-16,Schalke 04,RB Leipzig,0,1,229,15,away_win,2,0.24283635868736683,0.25438238886961745,0.5027812524430154,0.24788140634507325,0.2698542733895119,0.48226432026541477,0.15309799001133775,0.1647477128409221,0.011649722829584347,0.18244664557168355,0.0293486555603458
2018/19,False,0.15,2018/19|2019-03-16|Hertha|Dortmund,2019-03-16,Hertha,Dortmund,2,3,228,14,away_win,2,0.3312113974021592,0.2775918956091642,0.3911967069886762,0.26638707401988343,0.2671169016199379,0.46649602436017873,0.24017121967526117,0.17779428261418495,-0.06237693706107622,0.24622591689904055,0.006054697223779382
2018/19,False,0.15,2018/19|2019-03-16|Augsburg|Hannover,2019-03-16,Augsburg,Hannover,3,1,227,13,home_win,0,0.6025032761437552,0.23209911537464667,0.16539760848159799,0.5924267798473596,0.23188064891400229,0.17569257123863827,0.09268000718393989,0.09849190468701832,0.0058118975030784364,0.10635566029569607,0.013675653111756184
2018/19,False,0.15,2018/19|2019-03-30|Dortmund|Wolfsburg,2019-03-30,Dortmund,Wolfsburg,2,0,236,22,home_win,0,0.5887220251037836,0.22888695051284397,0.18239102438337246,0.6480716129148694,0.21747369560901658,0.13445469147611397,0.10120802920517438,0.07096582684813928,-0.030242202357035106,0.1551959991966941,0.053987969991519724
2018/19,False,0.15,2018/19|2019-03-15|M'gladbach|Freiburg,2019-03-15,M'gladbach,Freiburg,1,1,226,12,draw,1,0.5667210133600455,0.23103855532553969,0.20224043131441474,0.593034733402487,0.24014245994569847,0.16682280665181454,0.18103694952103874,0.18976002192047375,0.008723072399435011,0.15753616401868759,-0.023500785502351157
2018/19,False,0.15,2018/19|2019-03-10|Hoffenheim|Nurnberg,2019-03-10,Hoffenheim,Nurnberg,2,1,224,10,home_win,0,0.7416302355928266,0.1552782675078016,0.1030914968993718,0.7495157655225052,0.15202442413899872,0.09845981033849611,0.03869139594638574,0.0362183429868346,-0.0024730529595511364,0.08767567843853454,0.0489842824921488
2018/19,False,0.15,2018/19|2019-03-10|Hannover|Leverkusen,2019-03-10,Hannover,Leverkusen,2,3,223,9,away_win,2,0.16883247455818554,0.19823731858429386,0.6329302068575209,0.12632804540823753,0.18337942075389316,0.6902925338378693,0.08162231875155149,0.055938744826616524,-0.025683573924934963,0.1114594343581717,0.02983711560662021
2018/19,False,0.15,2018/19|2019-03-09|RB Leipzig|Augsburg,2019-03-09,RB Leipzig,Augsburg,0,0,222,8,draw,1,0.6613846082156114,0.20125219968640734,0.13736319209798128,0.7342571518390444,0.17245897516504247,0.09328387299591323,0.22814912326393233,0.27391772299395156,0.04576859973001923,0.17689035721103047,-0.05125876605290186
2018/19,False,0.15,2018/19|2019-03-09|Mainz|M'gladbach,2019-03-09,Mainz,M'gladbach,0,1,221,7,away_win,2,0.3604395506184136,0.24681876532420416,0.39274168405738186,0.3285219334379126,0.27484792741143677,0.3966301391506506,0.249339665965734,0.23599092486557377,-0.013348741100160239,0.2385437518722657,-0.010795914093468306
2018/19,False,0.15,2018/19|2019-03-09|Freiburg|Hertha,2019-03-09,Freiburg,Hertha,2,1,220,6,home_win,0,0.3204624910251132,0.26618002892936776,0.413357480045519,0.3887839958059651,0.28701406749205066,0.32420193670198416,0.316317816206688,0.23934594977211993,-0.07697186643456805,0.23318588189557685,-0.08313193431111113
2018/19,False,0.15,2018/19|2019-03-09|Dortmund|Stuttgart,2019-03-09,Dortmund,Stuttgart,3,1,219,5,home_win,0,0.6906636593064063,0.18558848709996809,0.12374785359362571,0.7385369420042313,0.16151642638155977,0.099946631614209,0.055501251471366246,0.03917612993376257,-0.016325121537603675,0.058369261033081425,0.002868009561715179
2018/19,False,0.15,2018/19|2019-03-09|Bayern Munich|Wolfsburg,2019-03-09,Bayern Munich,Wolfsburg,6,0,218,4,home_win,0,0.7294588431606915,0.16660028352624692,0.10394087331306151,0.789910649944685,0.13806461216798216,0.07202473788733299,0.04199811134451661,0.024662548937201854,-0.017335562407314754,0.14157000612542583,0.09957189478090922
2018/19,False,0.15,2018/19|2019-03-08|Werder Bremen|Schalke 04,2019-03-08,Werder Bremen,Schalke 04,4,2,217,3,home_win,0,0.4654708032486137,0.2579266919175985,0.2766025048337878,0.4412116294401902,0.2801947416847185,0.2785936288750915,0.18111520393000397,0.1949294265613397,0.013814222631335749,0.13530427946695173,-0.04581092446305224
2018/19,False,0.15,2018/19|2019-03-03|Wolfsburg|Werder Bremen,2019-03-03,Wolfsburg,Werder Bremen,1,1,216,2,draw,1,0.5247010990065851,0.2567767653047265,0.21852213568868822,0.42798160419635906,0.27721535726355073,0.2948030385400902,0.1615315835423319,0.1350385425314794,-0.02649304101085251,0.1379917170404783,-0.023539866501853607
2018/19,False,0.15,2018/19|2019-03-11|Fortuna Dusseldorf|Ein Frankfurt,2019-03-11,Fortuna Dusseldorf,Ein Frankfurt,0,3,225,11,away_win,2,0.3318488450859762,0.2737938394434898,0.39435731547053393,0.35599442871633385,0.2717060542291796,0.37229951705448655,0.23846335865447724,0.2603699647835499,0.021906606129072664,0.283826697600207,0.045363338945729775
2018/19,False,0.15,2018/19|2019-03-30|Fortuna Dusseldorf|M'gladbach,2019-03-30,Fortuna Dusseldorf,M'gladbach,3,1,237,23,home_win,0,0.3491000010154224,0.2794190354910239,0.37148096349355364,0.25506417090649,0.25776326266211425,0.48717256643139584,0.28083445745811103,0.39613324947529394,0.1152987920171829,0.23532215055742564,-0.04551230690068539
2018/19,False,0.15,2018/19|2019-03-03|Stuttgart|Hannover,2019-03-03,Stuttgart,Hannover,5,1,215,1,home_win,0,0.5292905832071118,0.2591605666146043,0.21154885017828365,0.5655687536522479,0.24627297627389017,0.18815827007386196,0.1331601355346275,0.11206702120022484,-0.021093114334402654,0.20197071156338497,0.06881057602875748
2018/19,False,0.15,2018/19|2019-03-30|Freiburg|Bayern Munich,2019-03-30,Freiburg,Bayern Munich,1,1,238,24,draw,1,0.12452093949994225,0.14891185758533762,0.72656720291472,0.07266478898980767,0.13278743631836087,0.7945477746918315,0.2717026823626342,0.3182931689133373,0.046590486550703136,0.1497880249352433,-0.12191465742739088
2018/19,False,0.15,2018/19|2019-04-13|Werder Bremen|Freiburg,2019-04-13,Werder Bremen,Freiburg,2,1,258,44,home_win,0,0.5511922892263317,0.23707845008778877,0.21172926068587955,0.5917835916916856,0.2361374915752711,0.17207891673304335,0.12312882054024493,0.09812589479807907,-0.025002925742165866,0.11172923930174912,-0.011399581238495812
2018/19,False,0.15,2018/19|2019-04-13|Stuttgart|Leverkusen,2019-04-13,Stuttgart,Leverkusen,0,1,257,43,away_win,2,0.2266990833072145,0.2296711771645008,0.5436297395282849,0.22599896603953842,0.23584879991051103,0.5381522340499506,0.12983314450767633,0.13218944578199604,0.002356301274319711,0.2477891837771251,0.11795603926944878
2018/19,False,0.15,2018/19|2019-04-13|RB Leipzig|Wolfsburg,2019-04-13,RB Leipzig,Wolfsburg,2,0,256,42,home_win,0,0.6387730452578955,0.21705055407575619,0.1441764006663483,0.6504091626268159,0.20707471203289654,0.1425161253402876,0.07563587367067894,0.0712622997786463,-0.004373573892032634,0.11228845818489012,0.03665258451421119
2018/19,False,0.15,2018/19|2019-04-13|Hannover|M'gladbach,2019-04-13,Hannover,M'gladbach,0,1,255,41,away_win,2,0.23882362705730145,0.25794656446911296,0.5032298084735857,0.16844388712438105,0.20262601484627427,0.6289300980293449,0.15190867401499775,0.08303310762904148,-0.06887556638595627,0.1363879371072151,-0.015520736907782634
2018/19,False,0.15,2018/19|2019-04-13|Dortmund|Mainz,2019-04-13,Dortmund,Mainz,2,1,254,40,home_win,0,0.6631132699451715,0.19838323025430013,0.13850349980052853,0.7544175745377063,0.1552499188759267,0.0903325065863671,0.06633794417201491,0.03423534472105953,-0.03210259945095538,0.11123798459049644,0.04490004041848153
2018/19,False,0.15,2018/19|2019-04-14|Fortuna Dusseldorf|Bayern Munich,2019-04-14,Fortuna Dusseldorf,Bayern Munich,1,4,260,46,away_win,2,0.1342694488208489,0.15432279045986338,0.7114077607192878,0.05398999209902554,0.10282717477184504,0.8431828331291294,0.05065688272985524,0.013753271536129654,-0.03690361119372559,0.16556724962664995,0.11491036689679471
2018/19,False,0.15,2018/19|2019-04-07|M'gladbach|Werder Bremen,2019-04-07,M'gladbach,Werder Bremen,1,1,252,38,draw,1,0.44347824786275325,0.2682319380836152,0.2882898140536317,0.4820071269032071,0.25555233499855073,0.2624405380982421,0.13989198660724755,0.15060295321138964,0.010710966604142086,0.1325502259424982,-0.007341760664749342
2018/19,False,0.15,2018/19|2019-04-07|Augsburg|Hoffenheim,2019-04-07,Augsburg,Hoffenheim,0,4,251,37,away_win,2,0.24003364047991613,0.20672584931036836,0.5532405102097155,0.23989942038868056,0.22494033412887826,0.5351602454824411,0.12860509513985846,0.13681386464138462,0.008208769501526159,0.19662786161271636,0.0680227664728579
2018/19,False,0.15,2018/19|2019-04-06|Wolfsburg|Hannover,2019-04-06,Wolfsburg,Hannover,3,1,250,36,home_win,0,0.6112944139502176,0.23989375985690184,0.1488118261928807,0.6668244310938418,0.19813430841927676,0.13504126048688136,0.08661849612058246,0.06462105087491395,-0.021997445245668518,0.04736604472129709,-0.039252451399285376
2018/19,False,0.15,2018/19|2019-04-06|Stuttgart|Nurnberg,2019-04-06,Stuttgart,Nurnberg,1,1,249,35,draw,1,0.47594022138247505,0.28675138253362004,0.23730839608390517,0.5426242385617525,0.2562789939381364,0.20109676750011116,0.14141718459075742,0.16744048708685771,0.026023302496100298,0.13997158749606395,-0.0014455970946934682
2018/19,False,0.15,2018/19|2019-04-12|Nurnberg|Schalke 04,2019-04-12,Nurnberg,Schalke 04,1,1,253,39,draw,1,0.37964617518137495,0.29964199804946895,0.320711826769156,0.2848711578885475,0.284040629731438,0.43108821238001443,0.12349364707972821,0.13349431172487913,0.010000664645150925,0.13179127403789298,0.008297626958164772
2018/19,False,0.15,2018/19|2019-04-06|Leverkusen|RB Leipzig,2019-04-06,Leverkusen,RB Leipzig,2,4,247,33,away_win,2,0.3734807751169569,0.2675314661305791,0.3589877587524643,0.3809893848974326,0.26942895727553245,0.34958165782703493,0.2751922914055761,0.28409846561977614,0.008906174214200036,0.2249703067368411,-0.05022198466873501
2018/19,False,0.15,2018/19|2019-04-06|Hertha|Fortuna Dusseldorf,2019-04-06,Hertha,Fortuna Dusseldorf,1,2,246,32,away_win,2,0.5313451456352662,0.24299010584192765,0.22566474852280605,0.4919782160730056,0.2550044156608773,0.25301736826611715,0.44096137273520575,0.4000128086012274,-0.04094856413397835,0.33659180686997886,-0.10436956586522689
2018/19,False,0.15,2018/19|2019-04-06|Bayern Munich|Dortmund,2019-04-06,Bayern Munich,Dortmund,5,0,245,31,home_win,0,0.6570259753331414,0.20848393949353564,0.13449008517332328,0.6699819168173599,0.19067711472774768,0.13934096845489252,0.06785938230305527,0.06416392035874567,-0.0036954619443096,0.13163119415363256,0.06377181185057729
2018/19,False,0.15,2018/19|2019-04-05|Mainz|Freiburg,2019-04-05,Mainz,Freiburg,5,0,244,30,home_win,0,0.43101036279703997,0.27387429037111133,0.2951153468318488,0.4510309278350515,0.2706185567010309,0.2783505154639175,0.2054211375900192,0.18942302582633658,-0.015998111763682626,0.26935222873750564,0.06393109114748644
2018/19,False,0.15,2018/19|2019-03-31|Hannover|Schalke 04,2019-03-31,Hannover,Schalke 04,0,1,243,29,away_win,2,0.2842545890346176,0.26394905917245326,0.4517963517929293,0.22771909132864981,0.26199938464694117,0.510281524024409,0.19066395564739064,0.14584008513370073,-0.04482387051368991,0.25615279631138155,0.06548884066399091
2018/19,False,0.15,2018/19|2019-03-31|Ein Frankfurt|Stuttgart,2019-03-31,Ein Frankfurt,Stuttgart,3,0,242,28,home_win,0,0.6881965413142572,0.17837674313599203,0.13342671554975058,0.6378918683187931,0.2094159049340314,0.15269222674717564,0.0575120426353929,0.07721860756933259,0.019706564933939692,0.07018155970006965,0.012669517064676748
2018/19,False,0.15,2018/19|2019-03-30|Werder Bremen|Mainz,2019-03-30,Werder Bremen,Mainz,3,1,241,27,home_win,0,0.5612005208661428,0.23459662318832805,0.2042028559455292,0.5898957941377484,0.23567265383227234,0.17443155202997937,0.11712189463222744,0.0993059130047477,-0.017815981627479743,0.10196516162974201,-0.015156733002485434
2018/19,False,0.15,2018/19|2019-03-30|RB Leipzig|Hertha,2019-03-30,RB Leipzig,Hertha,5,0,240,26,home_win,0,0.5564222689185221,0.2545390294424824,0.1890387016389957,0.6074282583643474,0.23879243572062794,0.15377930591502464,0.11624841711437454,0.08888032362927814,-0.027368093485096404,0.13647174474689736,0.02022332763252281
2018/19,False,0.15,2018/19|2019-03-30|Nurnberg|Augsburg,2019-03-30,Nurnberg,Augsburg,3,0,239,25,home_win,0,0.37375599950894367,0.30035439217381565,0.325889608317241,0.3076383361561994,0.28938086813506,0.40298079570874057,0.24919279248010334,0.3208790976353028,0.07168630515519947,0.2443738860913761,-0.004818906388727229
2018/19,False,0.15,2018/19|2019-04-06|Schalke 04|Ein Frankfurt,2019-04-06,Schalke 04,Ein Frankfurt,1,2,248,34,away_win,2,0.2994239414074909,0.2510157305522309,0.4495603280402782,0.2994755787819541,0.27044055036819126,0.4300838708498548,0.19631926457756133,0.20724500827613576,0.010925743698574436,0.1854055147561981,-0.010913749821363228
2019/20,False,0.15,2019/20|2020-06-13|Hertha|Ein Frankfurt,2020-06-13,Hertha,Ein Frankfurt,1,4,275,61,away_win,2,0.3116798895078771,0.2504610739065025,0.43785903658562025,0.4498504486540379,0.2596211365902293,0.29052841475573277,0.20657340813604472,0.3528576782116264,0.14628427007558167,0.32150705890081244,0.11493365076476772
2019/20,False,0.15,2019/20|2020-06-13|Paderborn|Werder Bremen,2020-06-13,Paderborn,Werder Bremen,1,5,276,62,away_win,2,0.43287116290032635,0.312794265261945,0.25433457183772856,0.25531255648222256,0.2367218363500219,0.5079656071677554,0.37169718721355216,0.1536411726136418,-0.21805601459991036,0.3626274566177752,-0.009069730595776981
2019/20,False,0.15,2019/20|2020-06-13|Wolfsburg|Freiburg,2020-06-13,Wolfsburg,Freiburg,2,2,277,63,draw,1,0.5899343660085076,0.23551504932055725,0.17455058467093512,0.6141359000143657,0.21562993822726617,0.17023416175836803,0.18924523140341254,0.20307128675801459,0.013826055354602046,0.13257461910626145,-0.05667061229715109
2019/20,False,0.15,2019/20|2020-06-16|Union Berlin|Paderborn,2020-06-16,Union Berlin,Paderborn,1,0,282,68,home_win,0,0.5109109040201737,0.258199800016748,0.2308892959630783,0.5312528932149095,0.2394563533456366,0.22929075343945388,0.14625900539834485,0.1361490498661127,-0.010109955532232151,0.27369444819503125,0.1274354427966864
2019/20,False,0.15,2019/20|2020-06-14|Schalke 04|Leverkusen,2020-06-14,Schalke 04,Leverkusen,1,1,279,65,draw,1,0.19136517146322626,0.22481730952612702,0.5838175190106465,0.13063882839780883,0.19530110563294156,0.6740600659692496,0.18873176217644844,0.23571173800981066,0.04697997583336222,0.19736616395486736,0.008634401778418926
2019/20,False,0.15,2019/20|2020-06-16|Freiburg|Hertha,2020-06-16,Freiburg,Hertha,2,1,280,66,home_win,0,0.47108964462927144,0.26782580350621,0.26108455186451845,0.37968898138949847,0.27181077497799755,0.348500243632504,0.17395565362034346,0.25311908981075626,0.0791634361904128,0.25331998003102857,0.07936432641068511
2019/20,False,0.15,2019/20|2020-06-16|M'gladbach|Wolfsburg,2020-06-16,M'gladbach,Wolfsburg,3,0,281,67,home_win,0,0.4472543989424442,0.24485463170230756,0.3078909693552482,0.4068352618394369,0.2719790051294286,0.3211857330311344,0.2001622742494965,0.22750234084991833,0.02734006660042182,0.2408647643851042,0.0407024901356077
2019/20,False,0.15,2019/20|2020-06-14|Mainz|Augsburg,2020-06-14,Mainz,Augsburg,0,1,278,64,away_win,2,0.3168918827089631,0.26647952667751457,0.41662859061352253,0.4733545343977507,0.2746789692561596,0.25196649634608953,0.2203713333081983,0.39180931891182796,0.17143798560362966,0.2851382566666607,0.0647669233584624
2019/20,False,0.15,2019/20|2020-06-13|Fortuna Dusseldorf|Dortmund,2020-06-13,Fortuna Dusseldorf,Dortmund,0,1,274,60,away_win,2,0.15273386595326263,0.22094678081401312,0.6263193532327239,0.1332747699847427,0.19575569836793194,0.6709695316473253,0.08148242978871935,0.06301160670943325,-0.018470823079286103,0.06903311983543664,-0.012449309953282708
2019/20,False,0.15,2019/20|2020-06-06|Dortmund|Hertha,2020-06-06,Dortmund,Hertha,1,0,263,49,home_win,0,0.6229025623141765,0.2127515500386016,0.1643458876472222,0.679345652981887,0.19546565065676022,0.12518869636135288,0.0846060241478834,0.05924570997913371,-0.02536031416874969,0.0932052078911992,0.008599183743315794
2019/20,False,0.15,2019/20|2020-06-13|Bayern Munich|M'gladbach,2020-06-13,Bayern Munich,M'gladbach,2,1,272,58,home_win,0,0.6165166667084435,0.19239255684204987,0.1910907764495064,0.6572073422875992,0.20263893053867643,0.14015372717372435,0.09178757587823916,0.06857493671110895,-0.023212639167130206,0.0868460719172171,-0.0049415039610220535
2019/20,False,0.15,2019/20|2020-06-12|Hoffenheim|RB Leipzig,2020-06-12,Hoffenheim,RB Leipzig,0,2,271,57,away_win,2,0.12669996188166313,0.13994551648438583,0.7333545216339512,0.1298883086041954,0.16607940997596268,0.704032281419842,0.043576345736936986,0.052233931576801174,0.008657585839864188,0.13373692284705327,0.09016057711011628
2019/20,False,0.15,2019/20|2020-06-07|Werder Bremen|Wolfsburg,2020-06-07,Werder Bremen,Wolfsburg,0,1,270,56,away_win,2,0.1882564955162187,0.2867191091135363,0.5250243953702453,0.24277831451858675,0.2515383567950306,0.5056833286863828,0.13052116654872473,0.1516451407695303,0.021123974220805586,0.1768769200036142,0.04635575345488949
2019/20,False,0.15,2019/20|2020-06-07|Union Berlin|Schalke 04,2020-06-07,Union Berlin,Schalke 04,1,1,269,55,draw,1,0.3814418376052339,0.32259193204021214,0.2959662303545537,0.4044084078192266,0.30552484728662577,0.29006674489414763,0.11654694249297126,0.12384243840418421,0.007295495911212951,0.1377993134653232,0.02125237097235194
2019/20,False,0.15,2019/20|2020-06-07|Augsburg|FC Koln,2020-06-07,Augsburg,FC Koln,1,1,268,54,draw,1,0.28278993812087,0.24773729663965532,0.46947276523947495,0.3284140301223087,0.2701910441726474,0.4013949257050439,0.15018741320200218,0.13448683078146723,-0.01570058242053496,0.14553394125857363,-0.00465347194342855
2019/20,False,0.15,2019/20|2020-06-06|RB Leipzig|Paderborn,2020-06-06,RB Leipzig,Paderborn,1,1,267,53,draw,1,0.821555905552133,0.09871994816965236,0.07972414627821459,0.8686631923468306,0.09126667686946063,0.04007013078370882,0.3406550227236877,0.3780906785596052,0.037435655835917514,0.22980690156767716,-0.11084812115601053
2019/20,False,0.15,2019/20|2020-06-06|Leverkusen|Bayern Munich,2020-06-06,Leverkusen,Bayern Munich,2,4,266,52,away_win,2,0.2539584450547503,0.2055693340590874,0.5404722208861623,0.12108738837088606,0.16307246273064052,0.7158401488984734,0.13783033579596132,0.04770448830026178,-0.09012584749569955,0.17829341942018712,0.04046308362422579
2019/20,False,0.15,2019/20|2020-06-06|Fortuna Dusseldorf|Hoffenheim,2020-06-06,Fortuna Dusseldorf,Hoffenheim,2,2,265,51,draw,1,0.301187379029615,0.2633958468499266,0.4354167741204582,0.38404472312457505,0.2724786583062627,0.34347661856916223,0.14015080223609766,0.13273326843176864,-0.007417533804329024,0.13912824087857845,-0.0010225613575192138
2019/20,False,0.15,2019/20|2020-06-06|Ein Frankfurt|Mainz,2020-06-06,Ein Frankfurt,Mainz,0,2,264,50,away_win,2,0.633824669255872,0.20200560840724874,0.1641697223368795,0.49211463795380855,0.24238482167874154,0.26550054036744986,0.5501729822078625,0.39083313654445806,-0.15933984566340442,0.39284799418589433,-0.15732498802196815
2019/20,False,0.15,2019/20|2020-06-16|Werder Bremen|Bayern Munich,2020-06-16,Werder Bremen,Bayern Munich,0,1,283,69,away_win,2,0.12022554435762257,0.17641161717894172,0.7033628384634356,0.057008581937065796,0.11953412341642827,0.823457294646506,0.0512238935602782,0.01720865261400288,-0.03401524094627532,0.0483432574797676,-0.002880636080510597
2019/20,False,0.15,2019/20|2020-06-13|FC Koln|Union Berlin,2020-06-13,FC Koln,Union Berlin,1,2,273,59,away_win,2,0.508019073566338,0.25782386200712554,0.2341570644265369,0.4826575906027553,0.2754147833382954,0.2419276260589493,0.42229939053749027,0.4038160369495385,-0.01848335358795178,0.4547609814387893,0.03246159090129902
2019/20,False,0.15,2019/20|2020-06-17|Augsburg|Hoffenheim,2020-06-17,Augsburg,Hoffenheim,1,3,284,70,away_win,2,0.4028253540566419,0.2474698895232159,0.34970475642014237,0.2928839004155232,0.25136685267620934,0.45574924690826735,0.2925760848467227,0.19099493068176407,-0.10158115416495864,0.2869034763316573,-0.005672608515065403
2019/20,False,0.15,2019/20|2020-06-20|Paderborn|M'gladbach,2020-06-20,Paderborn,M'gladbach,1,3,295,81,away_win,2,0.1629462305130374,0.18548483466305835,0.6515689348239042,0.07339482307561808,0.11803887604132252,0.8085663008830594,0.07397784060907829,0.02101683060594831,-0.052961010003129985,0.15495407050072899,0.0809762298916507
2019/20,False,0.15,2019/20|2020-06-17|Ein Frankfurt|Schalke 04,2020-06-17,Ein Frankfurt,Schalke 04,2,1,286,72,home_win,0,0.6336621166759729,0.2156044085745111,0.15073347474951576,0.6153055013328296,0.22661601214589064,0.15807848652127982,0.0784620125841957,0.086489332602822,0.0080273200186263,0.13340193001931516,0.05493991743511946
2019/20,False,0.15,2019/20|2020-06-05|Freiburg|M'gladbach,2020-06-05,Freiburg,M'gladbach,1,0,262,48,home_win,0,0.2076634243868365,0.21772446760407677,0.5746121080090866,0.19191185890592305,0.2277832344023573,0.5803049066917197,0.47898816186252036,0.49488011425368317,0.01589195239116281,0.35986695601304153,-0.11912120584947883
2019/20,False,0.15,2019/20|2020-06-27|Wolfsburg|Bayern Munich,2020-06-27,Wolfsburg,Bayern Munich,0,4,306,92,away_win,2,0.2297941724626143,0.23863964830646453,0.531566179230921,0.19521176814147898,0.19719160351816747,0.6075966283403534,0.13611780306904758,0.09604402025539059,-0.04007378281365699,0.08681162652915768,-0.049306176539889904
2019/20,False,0.15,2019/20|2020-06-27|Werder Bremen|FC Koln,2020-06-27,Werder Bremen,FC Koln,6,1,305,91,home_win,0,0.21132877334334582,0.2930712714827983,0.49559995517385563,0.6084486982142814,0.21026304905893092,0.18128825272678775,0.43381080966221985,0.09308892625341128,-0.3407218834088086,0.2885519744257869,-0.14525883523643296
2019/20,False,0.15,2019/20|2020-06-27|Union Berlin|Fortuna Dusseldorf,2020-06-27,Union Berlin,Fortuna Dusseldorf,3,0,304,90,home_win,0,0.41769437374174084,0.3227565880611121,0.25954903819714736,0.25008436682696367,0.2920146798278917,0.4579009533451447,0.2032227728005437,0.3860233699758541,0.18280059717531041,0.22584520813867873,0.022622435338135016
2019/20,False,0.15,2019/20|2020-06-27|M'gladbach|Hertha,2020-06-27,M'gladbach,Hertha,2,1,303,89,home_win,0,0.6277215682321843,0.1972148421476317,0.17506358962018398,0.6775907883082375,0.195748449955713,0.1266607617360496,0.0846192455851042,0.05999532417363002,-0.024623921411474174,0.13278553927763687,0.04816629369253267
2019/20,False,0.15,2019/20|2020-06-27|Leverkusen|Mainz,2020-06-27,Leverkusen,Mainz,1,0,302,88,home_win,0,0.5965590927483354,0.2090639866284404,0.194376920623224,0.6945331892302758,0.16793548616966944,0.1375313246000546,0.10027347645750671,0.056112418864036034,-0.04416105759347068,0.13214819915215867,0.031874722694651955
2019/20,False,0.15,2019/20|2020-06-27|Freiburg|Schalke 04,2020-06-27,Freiburg,Schalke 04,4,0,301,87,home_win,0,0.49670943122163513,0.2663440024047574,0.23694656637360748,0.4417177914110429,0.27116564417177913,0.28711656441717787,0.1547225359687462,0.19705747299484372,0.04233493702609753,0.12945359593176403,-0.025268940036982157
2019/20,False,0.15,2019/20|2020-06-27|Ein Frankfurt|Paderborn,2020-06-27,Ein Frankfurt,Paderborn,3,2,300,86,home_win,0,0.665625082691018,0.18820027797541458,0.14617463933356703,0.7644464428308887,0.14599202742785394,0.08956152974125726,0.0665868052548435,0.03175337295230796,-0.03483343230253555,0.14688725149074183,0.08030044623589833
2019/20,False,0.15,2019/20|2020-06-27|Dortmund|Hoffenheim,2020-06-27,Dortmund,Hoffenheim,0,4,299,85,away_win,2,0.5974681594603944,0.22013710497431446,0.182394735565291,0.514913357458273,0.22898499896379665,0.25610164357793047,0.5127232850001708,0.40926026518820396,-0.10346301981196687,0.49214145409561944,-0.0205818309045514
2019/20,False,0.15,2019/20|2020-06-17|Dortmund|Mainz,2020-06-17,Dortmund,Mainz,0,2,285,71,away_win,2,0.6668883132527622,0.20478828055002699,0.12832340619721092,0.7365662061376697,0.16340628438684435,0.100027509475486,0.6022800532683734,0.6762401298624683,0.07396007659409487,0.5547317991217215,-0.04754825414665187
2019/20,False,0.15,2019/20|2020-06-27|Augsburg|RB Leipzig,2020-06-27,Augsburg,RB Leipzig,1,2,298,84,away_win,2,0.14371963393731932,0.1872454841658349,0.6690348818968457,0.14556218505580118,0.18844096825053328,0.6659968466936655,0.06509662129005594,0.06637322806839703,0.0012766067783410856,0.11011596653075514,0.0450193452406992
2019/20,False,0.15,2019/20|2020-06-20|RB Leipzig|Dortmund,2020-06-20,RB Leipzig,Dortmund,0,2,296,82,away_win,2,0.4574101703168314,0.29865429615685163,0.24393553352631658,0.43019057646557346,0.2646429833541604,0.3051664401802662,0.3904287706867039,0.3339288039657731,-0.05649996672093077,0.26589495108703687,-0.12453381959966703
2019/20,False,0.15,2019/20|2020-06-20|Mainz|Werder Bremen,2020-06-20,Mainz,Werder Bremen,3,1,294,80,home_win,0,0.48035368203489,0.3029709834114223,0.21667533455368743,0.4029390170728344,0.2642581087577939,0.3328028741693717,0.1584902481893244,0.23361978519467388,0.0751295370053495,0.20235395469201994,0.043863706502695554
2019/20,False,0.15,2019/20|2020-06-20|Hoffenheim|Union Berlin,2020-06-20,Hoffenheim,Union Berlin,4,0,293,79,home_win,0,0.4488327346681514,0.262497363689282,0.28866990164256645,0.6650883496198101,0.19190296253852232,0.1430086878416676,0.1935578332438588,0.06630864917928903,-0.12724918406456978,0.1669484143039349,-0.026609418939923912
2019/20,False,0.15,2019/20|2020-06-20|Hertha|Leverkusen,2020-06-20,Hertha,Leverkusen,2,0,292,78,home_win,0,0.23026984438435455,0.21289643374280978,0.5568337218728359,0.16151395362558263,0.1902767124904124,0.6482093338840049,0.45127415313942015,0.5616170952494735,0.1103429421100533,0.3602515554643287,-0.09102259767509147
2019/20,False,0.15,2019/20|2020-06-20|Fortuna Dusseldorf|Augsburg,2020-06-20,Fortuna Dusseldorf,Augsburg,1,1,291,77,draw,1,0.37610689704722233,0.2949139930955776,0.3289791098571998,0.5651542325248766,0.24120726549448826,0.19363850198063504,0.12484182636446284,0.17844758799504337,0.053605761630580534,0.13667338267842688,0.011831556313964042
2019/20,False,0.15,2019/20|2020-06-20|FC Koln|Ein Frankfurt,2020-06-20,FC Koln,Ein Frankfurt,1,1,290,76,draw,1,0.4364497614953305,0.24935317173486302,0.31419706676980635,0.33977624740790047,0.24876475256649858,0.411459000025601,0.14460409553804057,0.14237320350233115,-0.0022308920357094197,0.15523380169164347,0.010629706153602897
2019/20,False,0.15,2019/20|2020-06-20|Bayern Munich|Freiburg,2020-06-20,Bayern Munich,Freiburg,3,1,289,75,home_win,0,0.7605027456747117,0.1367697475632128,0.10272750676207522,0.7297189102633459,0.1678099236145673,0.10247116612208687,0.03395593773745206,0.04177610367782678,0.00782016594037472,0.07366384674989017,0.039707909012438106
2019/20,False,0.15,2019/20|2020-06-17|RB Leipzig|Fortuna Dusseldorf,2020-06-17,RB Leipzig,Fortuna Dusseldorf,2,2,288,74,draw,1,0.7695237472179668,0.13776980682860457,0.09270644595342863,0.7409625583749311,0.16177682524519327,0.09726061637987571,0.3003806413268486,0.27924257020605825,-0.021138071120790358,0.2446782316928647,-0.0557024096339839
2019/20,False,0.15,2019/20|2020-06-17|Leverkusen|FC Koln,2020-06-17,Leverkusen,FC Koln,3,1,287,73,home_win,0,0.43155737725033116,0.23714577214837868,0.33129685060129005,0.622895622895623,0.20202020202020204,0.17508417508417512,0.21644230928842795,0.08643108979809312,-0.13001121949033484,0.12295758351240658,-0.09348472577602136
2019/20,False,0.15,2019/20|2020-06-20|Schalke 04|Wolfsburg,2020-06-20,Schalke 04,Wolfsburg,1,4,297,83,away_win,2,0.20309347747574752,0.2553617000320987,0.5415448224921536,0.14453829752337216,0.20696654092176484,0.6484951615548631,0.12571405518847137,0.07222348545064837,-0.053490569737823,0.17832375912861362,0.05260970394014225
2019/20,False,0.15,2019/20|2020-06-03|Werder Bremen|Ein Frankfurt,2020-06-03,Werder Bremen,Ein Frankfurt,0,3,261,47,away_win,2,0.23959423835716087,0.27570291901986094,0.4847028426229782,0.32623261124297687,0.27399873809452274,0.3997686506625004,0.16146827972739358,0.23335269468296335,0.07188441495556977,0.2505487825264188,0.08908050279902524
2019/20,False,0.15,2019/20|2020-06-01|FC Koln|RB Leipzig,2020-06-01,FC Koln,RB Leipzig,2,4,260,46,away_win,2,0.22093073204255317,0.24502429617575072,0.5340449717816959,0.1616189979541899,0.20458101006859483,0.6337999919772154,0.13296223834138943,0.08011157318780202,-0.05285066515358741,0.15070071606353508,0.01773847772214565
2019/20,False,0.15,2019/20|2020-05-31|Paderborn|Dortmund,2020-05-31,Paderborn,Dortmund,1,6,259,45,away_win,2,0.1563967260463399,0.23286623820250468,0.6107370357511555,0.09894991062402841,0.16081411676873608,0.7402359726072355,0.08799279562690557,0.038634217369906056,-0.04935857825699951,0.08425418236677097,-0.003738613260134596
2019/20,False,0.15,2019/20|2020-05-22|Hertha|Union Berlin,2020-05-22,Hertha,Union Berlin,4,0,234,20,home_win,0,0.34870198413792464,0.2745166573950317,0.3767813584670433,0.41237481851010754,0.2841070697293474,0.303518111760545,0.2830766487770735,0.2187132990438579,-0.06436334973321561,0.20229564052929394,-0.08078100824777956
2019/20,False,0.15,2019/20|2020-05-18|Werder Bremen|Leverkusen,2020-05-18,Werder Bremen,Leverkusen,1,4,233,19,away_win,2,0.20689330689684593,0.2431470334496119,0.5499596596535423,0.23847860538827256,0.24690966719492866,0.5146117274167986,0.12267057418893401,0.14623691019461973,0.023566336005685723,0.11770529496538762,-0.004965279223546393
2019/20,False,0.15,2019/20|2020-05-17|Union Berlin|Bayern Munich,2020-05-17,Union Berlin,Bayern Munich,0,2,232,18,away_win,2,0.15158279962224305,0.1562986566117382,0.692118543766019,0.05288738106354804,0.11447538885905463,0.8326372300773974,0.05888416811703699,0.01540368591596349,-0.043480482201073506,0.1151023568999693,0.056218188782932305
2019/20,False,0.15,2019/20|2020-05-17|FC Koln|Mainz,2020-05-17,FC Koln,Mainz,2,2,231,17,draw,1,0.5895740017050168,0.22075715369078808,0.18966884460419522,0.5334597398335444,0.24466950473568583,0.22187075543076965,0.19178588704997873,0.16690296306934668,-0.02488292398063205,0.155040144035488,-0.03674574301449074
2019/20,False,0.15,2019/20|2020-05-16|RB Leipzig|Freiburg,2020-05-16,RB Leipzig,Freiburg,1,1,230,16,draw,1,0.7363370429101949,0.1520680978202278,0.11159485926957752,0.7148071456147124,0.1742182290387113,0.11097462534657637,0.27732282668856345,0.2616323114463328,-0.01569051524223064,0.2000665535745719,-0.07725627311399155
2019/20,False,0.15,2019/20|2020-05-16|Hoffenheim|Hertha,2020-05-16,Hoffenheim,Hertha,0,3,229,15,away_win,2,0.5112407985083024,0.23393843147186416,0.2548207700198335,0.44022876874932554,0.26271716844717813,0.2970540628034963,0.40832961942662027,0.343967179727809,-0.06436243969881128,0.4440295789595161,0.03569995953289584
2019/20,False,0.15,2019/20|2020-05-16|Fortuna Dusseldorf|Paderborn,2020-05-16,Fortuna Dusseldorf,Paderborn,0,0,228,14,draw,1,0.3709604130881689,0.28644919871771524,0.34259038819411597,0.4419612871710326,0.26115894241924653,0.29687977040972097,0.12748990108076996,0.14173368871820224,0.014243787637432281,0.14016790266013912,0.012678001579369158
2019/20,False,0.15,2019/20|2020-05-16|Ein Frankfurt|M'gladbach,2020-05-16,Ein Frankfurt,M'gladbach,1,3,227,13,away_win,2,0.3007316295011123,0.2435824069326899,0.455685963566198,0.3294464219958267,0.26954707254204,0.40100650546213334,0.19335864162062638,0.23366407573226886,0.040305434111642474,0.20502284828867628,0.011664206668049903
2019/20,False,0.15,2019/20|2020-05-16|Augsburg|Wolfsburg,2020-05-16,Augsburg,Wolfsburg,1,2,225,11,away_win,2,0.3204930743785443,0.2734827092258394,0.4060242163956159,0.2836725116259226,0.2673962199752549,0.44893126839882247,0.22776152111652642,0.19207342040034492,-0.0356881007161815,0.19506217210818738,-0.03269934900833904
2019/20,False,0.15,2019/20|2020-03-11|M'gladbach|FC Koln,2020-03-11,M'gladbach,FC Koln,2,1,224,10,home_win,0,0.4960610465904826,0.23527989170766295,0.26865906170185433,0.48481469064935245,0.2538296809682474,0.26135562838240023,0.16306608009900025,0.16686133372894082,0.0037952536299405704,0.15924857999508749,-0.0038175001039127687
2019/20,False,0.15,2019/20|2020-03-08|Mainz|Fortuna Dusseldorf,2020-03-08,Mainz,Fortuna Dusseldorf,1,1,223,9,draw,1,0.5349646469338842,0.25642325400670163,0.2086120990594143,0.4851924554066741,0.2587693095502262,0.2560382350430998,0.1648530906715351,0.15048364829377148,-0.014369442377763636,0.15821234405046986,-0.006640746621065258
2019/20,False,0.15,2019/20|2020-03-08|Bayern Munich|Augsburg,2020-03-08,Bayern Munich,Augsburg,2,0,222,8,home_win,0,0.7210324148631269,0.1510778969355831,0.12788968820128985,0.8601210619969992,0.09398395994503797,0.045894978057962804,0.04708934295266089,0.010836233153894113,-0.036253109798766774,0.06324261462088121,0.016153271668220323
2019/20,False,0.15,2019/20|2020-03-07|Wolfsburg|RB Leipzig,2020-03-07,Wolfsburg,RB Leipzig,0,0,221,7,draw,1,0.24698036201775858,0.25077886221826107,0.5022407757639803,0.27559455091202956,0.2593396444239206,0.46506580466404984,0.15662254803121398,0.14611927958011173,-0.010503268451102249,0.14842659852857454,-0.008195949502639438
2019/20,False,0.15,2019/20|2020-03-07|Schalke 04|Hoffenheim,2020-03-07,Schalke 04,Hoffenheim,1,1,220,6,draw,1,0.36192569393788065,0.2670807093421658,0.3709935967199536,0.35301693856841776,0.28873624229178046,0.35824681913980166,0.13431322836981202,0.12648087117000195,-0.00783235719981007,0.13258669287873467,-0.0017265354910773467
2019/20,False,0.15,2019/20|2020-03-07|M'gladbach|Dortmund,2020-03-07,M'gladbach,Dortmund,1,2,219,5,away_win,2,0.34958118383276154,0.2579913304707098,0.39242748569652885,0.27921830179881024,0.25497039664259774,0.465811301558592,0.24567568211347848,0.18166021280096847,-0.06401546931251001,0.1997858586640622,-0.04588982344941628
2019/20,False,0.15,2019/20|2020-03-07|Leverkusen|Ein Frankfurt,2020-03-07,Leverkusen,Ein Frankfurt,4,0,218,4,home_win,0,0.4815529154263524,0.25379712834669205,0.26464995622695553,0.5337008642362806,0.2379306808541054,0.2283684549096141,0.16941348941692214,0.134793517605898,-0.034619971811024136,0.20268225663536277,0.03326876721844063
2019/20,False,0.15,2019/20|2020-03-07|Hertha|Werder Bremen,2020-03-07,Hertha,Werder Bremen,2,2,217,3,draw,1,0.44490678589924487,0.30058354459603237,0.25450966950472276,0.4226292384866388,0.27109830704044896,0.30627245447291224,0.13135861000529986,0.13620914479632917,0.004850534791029315,0.14321976637445213,0.011861156369152276
2019/20,False,0.15,2019/20|2020-03-07|Freiburg|Union Berlin,2020-03-07,Freiburg,Union Berlin,3,1,216,2,home_win,0,0.39450101415921685,0.24518749189069852,0.36031149395008477,0.40334183732101414,0.3006274563883335,0.29603070629065253,0.24822669726337937,0.22181757107920286,-0.026409126184176512,0.2607637087732518,0.012537011509872409
2019/20,False,0.15,2019/20|2020-03-06|Paderborn|FC Koln,2020-03-06,Paderborn,FC Koln,1,2,215,1,away_win,2,0.25628954355646766,0.2519978011375891,0.49171265530594344,0.2990052579224102,0.24402444223390654,0.4569702998436834,0.1620201774562587,0.19214269975855314,0.030122522302294424,0.18203172457061392,0.02001154711435521
2019/20,False,0.15,2019/20|2020-05-23|Bayern Munich|Ein Frankfurt,2020-05-23,Bayern Munich,Ein Frankfurt,5,2,235,21,home_win,0,0.6933427987119091,0.1711232230218534,0.13553397826623748,0.8436942704226638,0.1015640410012499,0.054741688576086314,0.05620404918325883,0.013714066783432292,-0.04248998239982654,0.07528010107688428,0.019076051893625448
2019/20,False,0.15,2019/20|2020-05-23|Freiburg|Werder Bremen,2020-05-23,Freiburg,Werder Bremen,0,1,236,22,away_win,2,0.4835254413000717,0.2751220829151539,0.24135247578477448,0.45240057249425336,0.26451836752396235,0.28308105998178423,0.4046714591911601,0.35931952227498504,-0.04535193691617506,0.4298840238580318,0.025212564666871717
2019/20,False,0.15,2019/20|2020-05-16|Dortmund|Schalke 04,2020-05-16,Dortmund,Schalke 04,4,0,226,12,home_win,0,0.6393860721750252,0.22430204772184997,0.13631188010312503,0.624131583635176,0.21305148150347364,0.16281693486135027,0.07431166679930241,0.08389321034912298,0.009581543549820562,0.0488041328562732,-0.025507533943029216
2019/20,False,0.15,2019/20|2020-05-23|Paderborn|Hoffenheim,2020-05-23,Paderborn,Hoffenheim,1,1,238,24,draw,1,0.27746705623617013,0.239327001974873,0.48320594178895665,0.30503295711060946,0.24730293453724606,0.4476641083521444,0.1552379747382594,0.1467241294151817,-0.008513845323077696,0.12925584129784348,-0.025982133440415917
2019/20,False,0.15,2019/20|2020-05-23|M'gladbach|Leverkusen,2020-05-23,M'gladbach,Leverkusen,1,3,237,23,away_win,2,0.497740592679791,0.22370329493535926,0.2785561123848501,0.39017775528242166,0.2566686559948026,0.3531535887227758,0.3841134902892456,0.2853244802497267,-0.0987890100395189,0.31247339345743,-0.07164009683181555
2019/20,False,0.15,2019/20|2020-05-30|Wolfsburg|Ein Frankfurt,2020-05-30,Wolfsburg,Ein Frankfurt,1,2,257,43,away_win,2,0.47074511898280075,0.25914135557628976,0.2701135254409097,0.4801518741848031,0.2606171937420187,0.2592309320731782,0.3771676163952145,0.3896423171401756,0.012474700744961098,0.41428566089286456,0.03711804449765005
2019/20,False,0.15,2019/20|2020-05-30|Schalke 04|Werder Bremen,2020-05-30,Schalke 04,Werder Bremen,0,1,256,42,away_win,2,0.35425127215604113,0.3481459477330603,0.2976027801108986,0.3551797040169133,0.29598308668076106,0.34883720930232553,0.3094279091660561,0.2750828010673627,-0.0343451080986934,0.29272870941073725,-0.01669919975531886
2019/20,False,0.15,2019/20|2020-05-30|Mainz|Hoffenheim,2020-05-30,Mainz,Hoffenheim,0,1,255,41,away_win,2,0.3068797299137716,0.2361583065092539,0.45696196357697444,0.4027867079457228,0.2599316888609731,0.3372816031933042,0.1945327388170623,0.3007164027818951,0.10618366396483281,0.25315744917423605,0.05862471035717376
2019/20,False,0.15,2019/20|2020-05-30|Hertha|Augsburg,2020-05-30,Hertha,Augsburg,2,0,254,40,home_win,0,0.37567099088892086,0.26500264474308177,0.35932636436799736,0.5473590770465725,0.24665801446655666,0.2059829084868708,0.25945107387377236,0.12365638186042066,-0.1357946920133517,0.22173688879922132,-0.03771418507455104
2019/20,False,0.15,2019/20|2020-05-30|Bayern Munich|Fortuna Dusseldorf,2020-05-30,Bayern Munich,Fortuna Dusseldorf,5,0,253,39,home_win,0,0.7800732827940812,0.12755842041129944,0.09236829679461954,0.8924293121764326,0.07593660813991504,0.031634079683652415,0.02844983159685554,0.006286083938133525,-0.022163747658722012,0.050798503944236045,0.022348672347380506
2019/20,False,0.15,2019/20|2020-05-29|Freiburg|Leverkusen,2020-05-29,Freiburg,Leverkusen,0,1,252,38,away_win,2,0.20446669522152058,0.18789565364899613,0.6076376511294835,0.20231184438333844,0.23726109243982757,0.5604270631768341,0.0978774211329996,0.11707722458256561,0.01919980344956601,0.1703066046108785,0.07242918347787888
2019/20,False,0.15,2019/20|2020-05-27|Union Berlin|Mainz,2020-05-27,Union Berlin,Mainz,1,1,251,37,draw,1,0.41233387591902537,0.2546787932116699,0.33298733086930493,0.4046880748410154,0.27865664581909916,0.31665527933988546,0.14044989387493503,0.13202150192617407,-0.008428391948760966,0.13708356227251728,-0.0033663316024177548
2019/20,False,0.15,2019/20|2020-05-27|RB Leipzig|Hertha,2020-05-27,RB Leipzig,Hertha,2,2,250,36,draw,1,0.7720445689444322,0.13417071133271113,0.09378471972285665,0.7375190956309197,0.16064772380079437,0.10183318056828597,0.3024241950450445,0.2771522065424514,-0.0252719885025931,0.2336624388609333,-0.06876175618411118
2019/20,False,0.15,2019/20|2020-05-27|Hoffenheim|FC Koln,2020-05-27,Hoffenheim,FC Koln,3,1,249,35,home_win,0,0.2976409943976443,0.233158882107939,0.4692001234944168,0.4048920778207815,0.25746435555358405,0.3376435666256344,0.3567284643189529,0.234078308562073,-0.12265015575687988,0.26214283240658703,-0.09458563191236585
2019/20,False,0.15,2019/20|2020-05-31|M'gladbach|Union Berlin,2020-05-31,M'gladbach,Union Berlin,4,1,258,44,home_win,0,0.6460023577446489,0.19702781504171016,0.15696982721364086,0.6525081517631561,0.21557364659137532,0.13191820164546847,0.07497692868891394,0.06907649825821612,-0.005900430430697823,0.11079542431552254,0.035818495626608604
2019/20,False,0.15,2019/20|2020-05-23|Wolfsburg|Dortmund,2020-05-23,Wolfsburg,Dortmund,0,2,239,25,away_win,2,0.2947870125967704,0.2934204848776254,0.4117925025256042,0.2628587315807359,0.25457971641283866,0.4825615520064256,0.2164437214404099,0.16841863011511624,-0.04802509132529367,0.15249281263262945,-0.06395090880778045
2019/20,False,0.15,2019/20|2020-05-27|Augsburg|Paderborn,2020-05-27,Augsburg,Paderborn,0,0,247,33,draw,1,0.5619484632386893,0.24190510723846917,0.19614642952284123,0.49966898214479816,0.2485598253016215,0.2517711925535804,0.17712974857544178,0.15652891255873533,-0.020600836016706453,0.14890251803233662,-0.028227230543105164
2019/20,False,0.15,2019/20|2020-05-26|Werder Bremen|M'gladbach,2020-05-26,Werder Bremen,M'gladbach,0,0,246,32,draw,1,0.17337630630401213,0.2055877202247459,0.6210359734712418,0.21019491759275516,0.22068083184908308,0.5691242505581616,0.2078725119664979,0.1840421579776072,-0.02383035398889069,0.17181180851432518,-0.036060703452172715
2019/20,False,0.15,2019/20|2020-05-26|Leverkusen|Wolfsburg,2020-05-26,Leverkusen,Wolfsburg,1,4,245,31,away_win,2,0.510019049869238,0.2421430589479773,0.2478378911827845,0.5695983360346955,0.23080880441216337,0.19959285955314127,0.41293363458494026,0.48254692744590566,0.0696132928609654,0.4300052933806826,0.01707165879574235
2019/20,False,0.15,2019/20|2020-05-26|Ein Frankfurt|Freiburg,2020-05-26,Ein Frankfurt,Freiburg,3,3,244,30,draw,1,0.48439950270220167,0.2636319895621495,0.25196850773564883,0.4687026938616425,0.267096329652662,0.2642009764856955,0.149065503554335,0.1447421856045778,-0.0043233179497572105,0.12980731325294134,-0.01925819030139367
2019/20,False,0.15,2019/20|2020-05-26|Dortmund|Bayern Munich,2020-05-26,Dortmund,Bayern Munich,0,1,243,29,away_win,2,0.3511173763850409,0.2692637542494525,0.37961886936550643,0.2629894344313238,0.21385954008701058,0.5231510254816656,0.25407807962342344,0.1482741935608473,-0.10580388606257612,0.35540175548015784,0.10132367585673441
2019/20,False,0.15,2019/20|2020-05-24|Schalke 04|Augsburg,2020-05-24,Schalke 04,Augsburg,0,3,242,28,away_win,2,0.3252168668208373,0.29879130070908577,0.3759918324700769,0.4752060862005574,0.2775420161570207,0.24725189764242195,0.24757610180440737,0.39622526498249316,0.1486491631780858,0.315868027466335,0.06829192566192765
2019/20,False,0.15,2019/20|2020-05-24|Mainz|RB Leipzig,2020-05-24,Mainz,RB Leipzig,0,5,241,27,away_win,2,0.16141531588714708,0.19381314593426172,0.6447715381785909,0.1206506235570266,0.1797493578317254,0.6996000186112479,0.07612108214547578,0.052398360891530944,-0.023722721253944833,0.18709172300429566,0.11097064085881989
2019/20,False,0.15,2019/20|2020-05-24|FC Koln|Fortuna Dusseldorf,2020-05-24,FC Koln,Fortuna Dusseldorf,2,2,240,26,draw,1,0.6353015670471487,0.2100686263122344,0.15462980664061665,0.5322042926811348,0.24594289282991838,0.22185281448894686,0.21375922909713865,0.16623004022244703,-0.047529188874691625,0.18033386008782945,-0.0334253690093092
2019/20,False,0.15,2019/20|2020-05-27|Fortuna Dusseldorf|Schalke 04,2020-05-27,Fortuna Dusseldorf,Schalke 04,2,1,248,34,home_win,0,0.3298794034471422,0.3336574788780632,0.3364631176747945,0.3890165388902792,0.28550629023818735,0.32547717087153355,0.28113452173990033,0.23961808925407552,-0.04151643248582482,0.245279910406293,-0.035854611333607345
2020/21,False,0.15,2020/21|2021-04-25|RB Leipzig|Stuttgart,2021-04-25,RB Leipzig,Stuttgart,2,0,276,63,home_win,0,0.6071977433902281,0.238420819879195,0.154381436730577,0.6974240370045458,0.18422521732195551,0.1183507456734987,0.0890636204023631,0.05277955619204982,-0.03628406421031328,0.1229912152659202,0.033927594863557106
2020/21,False,0.15,2020/21|2021-05-03|Mainz|Hertha,2021-05-03,Mainz,Hertha,1,1,277,64,draw,1,0.3897089627512929,0.29941310574752206,0.31087793150118476,0.39594215150508744,0.29457141994505004,0.30948642854986264,0.12425908197157204,0.1262760183975134,0.0020169364259413625,0.12962124503767755,0.005362163066105513
2020/21,False,0.15,2020/21|2021-05-06|Hertha|Freiburg,2021-05-06,Hertha,Freiburg,3,0,278,65,home_win,0,0.4375804587102355,0.288195691411839,0.2742238498779255,0.4111321948134092,0.30107526881720426,0.28779253636938645,0.1957572301332301,0.21479491798759864,0.019037687854368546,0.2681578681827052,0.07240063804947511
2020/21,False,0.15,2020/21|2021-05-08|Werder Bremen|Leverkusen,2021-05-08,Werder Bremen,Leverkusen,0,0,283,70,draw,1,0.24988388974655412,0.3116725091943725,0.4384436010590734,0.25186824025809457,0.27373915187714476,0.4743926078647606,0.12733737483225793,0.14424297842371891,0.016905603591460983,0.12919126801682088,0.0018538931845629436
2020/21,False,0.15,2020/21|2021-05-08|Bayern Munich|M'gladbach,2021-05-08,Bayern Munich,M'gladbach,6,0,280,67,home_win,0,0.532421479224961,0.23666728857577818,0.23091123219926077,0.6724074580039758,0.17759395521052182,0.1499985867855023,0.13597483512297728,0.06490822480453237,-0.07106661031844491,0.11758202580362787,-0.018392809319349418
2020/21,False,0.15,2020/21|2021-05-08|Dortmund|RB Leipzig,2021-05-08,Dortmund,RB Leipzig,3,2,281,68,home_win,0,0.2878664938614054,0.28872833609967796,0.4234051700389167,0.4196656173078468,0.2586827746897574,0.32165160800239573,0.34320303429046584,0.22012387633260472,-0.12307915795786112,0.20760585983376953,-0.1355971744566963
2020/21,False,0.15,2020/21|2021-05-08|Hoffenheim|Schalke 04,2021-05-08,Hoffenheim,Schalke 04,4,2,282,69,home_win,0,0.652488357148112,0.22039825938866503,0.12711338346322254,0.7465837071335552,0.16478078425698164,0.08863550860946319,0.06846107708654325,0.03603803543831499,-0.03242304164822826,0.07592210517877769,0.007461028092234437
2020/21,False,0.15,2020/21|2021-04-25|M'gladbach|Bielefeld,2021-04-25,M'gladbach,Bielefeld,5,0,275,62,home_win,0,0.5609201819710424,0.26722442358821646,0.17185539444074097,0.5852543689912086,0.2468118172260905,0.16793381378270075,0.1111626815993626,0.10010785212624168,-0.01105482947312092,0.13284472158198765,0.02168203998262505
2020/21,False,0.15,2020/21|2021-05-07|Stuttgart|Augsburg,2021-05-07,Stuttgart,Augsburg,2,1,279,66,home_win,0,0.5110981327416786,0.2564174697214447,0.23248439753687672,0.44842623652844193,0.2785097423453001,0.27306402112625794,0.1465370154533789,0.18939878809190985,0.04286177263853094,0.15073667341523328,0.0041996579618543695
2020/21,False,0.15,2020/21|2021-04-24|Wolfsburg|Dortmund,2021-04-24,Wolfsburg,Dortmund,0,2,274,61,away_win,2,0.2899876341547309,0.2616070514450012,0.44840531440026804,0.2995478786691116,0.24413152111532593,0.4563206002155625,0.19417476257226263,0.19265811068256555,-0.0015166518896970738,0.38146421542759584,0.18728945285533322
2020/21,False,0.15,2020/21|2021-04-21|Werder Bremen|Mainz,2021-04-21,Werder Bremen,Mainz,0,1,268,55,away_win,2,0.28746747163023306,0.2853462319660191,0.4271862964037482,0.2913050743608311,0.295705453127611,0.41298947251155793,0.20537654313656695,0.21472000286531415,0.0093434597287472,0.3030208287025985,0.09764428556603155
2020/21,False,0.15,2020/21|2021-04-24|Mainz|Bayern Munich,2021-04-24,Mainz,Bayern Munich,2,1,272,59,home_win,0,0.2340121786546901,0.22981378671343458,0.5361740346318754,0.09254930162039433,0.1422793070298888,0.7651713913497169,0.437109968931379,0.7044770140648479,0.2673670451334689,0.4652404478831268,0.028130478951747806
2020/21,False,0.15,2020/21|2021-04-24|Leverkusen|Ein Frankfurt,2021-04-24,Leverkusen,Ein Frankfurt,3,1,271,58,home_win,0,0.3751385821061449,0.2989696941124365,0.32589172378141856,0.4444128720608084,0.25005327839738584,0.3055338495418058,0.24832860360077166,0.20101399497377725,-0.04731460862699441,0.2300520067548208,-0.01827659684595087
2020/21,False,0.15,2020/21|2021-04-24|Freiburg|Hoffenheim,2021-04-24,Freiburg,Hoffenheim,1,1,270,57,draw,1,0.3227081948643182,0.2915968851279317,0.38569492000774985,0.3038025686225132,0.25948123898262404,0.4367161923948627,0.1264505751761858,0.14150851670075185,0.015057941524566049,0.13925635921284443,0.012805784036658635
2020/21,False,0.15,2020/21|2021-04-23|Augsburg|FC Koln,2021-04-23,Augsburg,FC Koln,2,3,269,56,away_win,2,0.3291038670024624,0.29387831484560073,0.3770178181519369,0.32516357313892663,0.298397059496393,0.37643936736468037,0.24820807708807388,0.24727960593451703,-0.000928471153556848,0.3612200127070554,0.11301193561898151
2020/21,False,0.15,2020/21|2021-04-21|Stuttgart|Wolfsburg,2021-04-21,Stuttgart,Wolfsburg,1,3,267,54,away_win,2,0.31390514604923286,0.27477123452177876,0.4113236194289884,0.23799802197602782,0.22748183030731964,0.5345201477166527,0.22253816087918835,0.13665727567311436,-0.08588088520607398,0.21249202595783398,-0.010046134921354366
2020/21,False,0.15,2020/21|2021-04-21|Hoffenheim|M'gladbach,2021-04-21,Hoffenheim,M'gladbach,3,2,266,53,home_win,0,0.3041972423795118,0.2961085153760422,0.39969424224444616,0.3592797131415709,0.26340722904179864,0.3773130578166305,0.3219484823978188,0.2764438147954418,-0.045504667602377036,0.2692185375539605,-0.05272994484385829
2020/21,False,0.15,2020/21|2021-04-21|Dortmund|Union Berlin,2021-04-21,Dortmund,Union Berlin,2,0,265,52,home_win,0,0.4418444407032857,0.28274811500524705,0.27540744429146735,0.6546084748097729,0.20110652112712613,0.14428500406310082,0.19369344437249275,0.07005673403536017,-0.12363671033713258,0.1614372825947758,-0.03225616177771695
2020/21,False,0.15,2020/21|2021-04-20|FC Koln|RB Leipzig,2021-04-20,FC Koln,RB Leipzig,2,1,264,51,home_win,0,0.14594011920475716,0.2229466237518435,0.6311132570433995,0.15619986062266017,0.227898157301914,0.6159019820754258,0.5638611115999561,0.545666963368828,-0.018194148231128082,0.42664920241920146,-0.13721190918075465
2020/21,False,0.15,2020/21|2021-04-20|Ein Frankfurt|Augsburg,2021-04-20,Ein Frankfurt,Augsburg,2,0,263,50,home_win,0,0.6083602360260764,0.2218432550708866,0.16979650890303682,0.732813357476332,0.16395146302860308,0.10323517949506492,0.0911062795806049,0.0410231021142243,-0.05008317746638059,0.11262632218687503,0.021520042606270134
2020/21,False,0.15,2020/21|2021-04-24|Union Berlin|Werder Bremen,2021-04-24,Union Berlin,Werder Bremen,3,1,273,60,home_win,0,0.4786367121452327,0.2932743272189506,0.22808896063581663,0.4656617863131148,0.2867711880520648,0.2475670256348205,0.1619221259433301,0.17340337939388165,0.011481253450551537,0.14178963446494144,-0.020132491478388664
2020/21,False,0.15,2020/21|2021-05-08|Wolfsburg|Union Berlin,2021-05-08,Wolfsburg,Union Berlin,3,0,284,71,home_win,0,0.47033771425024806,0.2906907375586161,0.23897154819113609,0.5250739895727389,0.26757195085076557,0.20735405957649564,0.16882476889526013,0.1342752107016039,-0.03454955819365624,0.16522903582860252,-0.0035957330666576137
2020/21,False,0.15,2020/21|2021-05-22|Wolfsburg|Mainz,2021-05-22,Wolfsburg,Mainz,2,3,306,93,away_win,2,0.48851902750163095,0.26904469519229357,0.24243627730607556,0.5167789520738211,0.24911395638430353,0.23410709154187553,0.40627681708650826,0.426826216266481,0.020549399179972727,0.5226270679689754,0.11635025088246714
2020/21,False,0.15,2020/21|2021-05-09|FC Koln|Freiburg,2021-05-09,FC Koln,Freiburg,1,4,286,73,away_win,2,0.4147015856787043,0.2701664657198316,0.3151319486014643,0.5013015191448743,0.25792558372889307,0.2407728971262327,0.32051082649542967,0.41386450341752645,0.09335367692209678,0.2504635113715704,-0.07004731512385926
2020/21,False,0.15,2020/21|2021-04-20|Bielefeld|Schalke 04,2021-04-20,Bielefeld,Schalke 04,1,0,262,49,home_win,0,0.36114846280670565,0.35165228815124,0.2871992490420542,0.5012530033327305,0.27456274058955743,0.224184256077712,0.24530734761227754,0.14950357367886927,-0.09580377393340828,0.13852353721037264,-0.1067838104019049
2020/21,False,0.15,2020/21|2021-05-22|Werder Bremen|M'gladbach,2021-05-22,Werder Bremen,M'gladbach,2,4,305,92,away_win,2,0.23093056510661045,0.28513007567550464,0.48393935921788467,0.3027637787692999,0.24729560555965718,0.4499406156710429,0.15982375543245286,0.19711561601150845,0.03729186057905559,0.16879188630723016,0.008968130874777297
2020/21,False,0.15,2020/21|2021-05-22|Union Berlin|RB Leipzig,2021-05-22,Union Berlin,RB Leipzig,2,1,304,91,home_win,0,0.1779643366789364,0.2533712327514419,0.5686644305696219,0.260573261174584,0.24233313289236316,0.4970936059330527,0.49956093318338657,0.3969269775747576,-0.10263395560862898,0.3105750276621972,-0.18898590552118938
2020/21,False,0.15,2020/21|2021-05-22|Stuttgart|Bielefeld,2021-05-22,Stuttgart,Bielefeld,0,2,303,90,away_win,2,0.5187705427746497,0.27477977059305997,0.20644968663229035,0.4223157894736842,0.24842105263157893,0.3292631578947368,0.4494224879483475,0.3141192686980609,-0.1353032192502866,0.47991197294581095,0.030489484997463456
2020/21,False,0.15,2020/21|2021-05-22|Hoffenheim|Hertha,2021-05-22,Hoffenheim,Hertha,2,1,302,89,home_win,0,0.40965227562868767,0.3100173451219145,0.2803303792493982,0.5708914635710979,0.21858456938533025,0.21052396704357187,0.2135477786002491,0.11422723836795869,-0.09932054023229041,0.1775308514548409,-0.03601692714540819
2020/21,False,0.15,2020/21|2021-05-22|FC Koln|Schalke 04,2021-05-22,FC Koln,Schalke 04,1,0,301,88,home_win,0,0.572881921865329,0.2397921779684269,0.18732590016624417,0.6987353382669751,0.16371048672469027,0.1375541750083346,0.10876042277127426,0.05484077373566874,-0.053919649035605526,0.12703314328448323,0.018272720513208968
2020/21,False,0.15,2020/21|2021-05-22|Ein Frankfurt|Freiburg,2021-05-22,Ein Frankfurt,Freiburg,3,1,300,87,home_win,0,0.5066787519610269,0.23483264892089575,0.25848859911807726,0.458443372094631,0.22497684000940224,0.31657978789596675,0.1550911048203781,0.19675317166624476,0.04166206684586665,0.16997041280444286,0.014879307984064755
2020/21,False,0.15,2020/21|2021-05-22|Dortmund|Leverkusen,2021-05-22,Dortmund,Leverkusen,3,1,299,86,home_win,0,0.5543532402750349,0.24313263274974603,0.20251412697521912,0.6148457899351557,0.2032335456271017,0.18192066443774274,0.11980650303894799,0.09071944684007198,-0.029087056198876013,0.17496074935096848,0.05515424631202048
2020/21,False,0.15,2020/21|2021-05-22|Bayern Munich|Augsburg,2021-05-22,Bayern Munich,Augsburg,5,2,298,85,home_win,0,0.7205251398157627,0.16305257397718853,0.11642228620704868,0.8438072685775824,0.10062136884711755,0.05557136257530005,0.045830173100337476,0.013742172843835472,-0.032088000256502006,0.061491260927990746,0.01566108782765327
2020/21,False,0.15,2020/21|2021-05-09|Ein Frankfurt|Mainz,2021-05-09,Ein Frankfurt,Mainz,1,1,285,72,draw,1,0.4731626703719071,0.24641835173992163,0.2804189778881714,0.506565733095615,0.2408058780479155,0.25262838885646943,0.15125885789666038,0.1602149724014567,0.00895611450479633,0.16920558798216498,0.017946730085504597
2020/21,False,0.15,2020/21|2021-05-16|RB Leipzig|Wolfsburg,2021-05-16,RB Leipzig,Wolfsburg,2,2,297,84,draw,1,0.5280908016636526,0.28602473828203506,0.18588446005431256,0.4916185938323189,0.2644110815476526,0.2439703246200286,0.15671646364572128,0.1506051805484343,-0.006111283097286979,0.1287387551648596,-0.027977708480861674
2020/21,False,0.15,2020/21|2021-05-15|Schalke 04|Ein Frankfurt,2021-05-15,Schalke 04,Ein Frankfurt,4,3,295,82,home_win,0,0.16119027007148437,0.21744753490274224,0.6213621950257734,0.07957852254881563,0.1408107484160394,0.779610729035145,0.5448463702149983,0.7274842924900657,0.18263792227506748,0.560669417814041,0.01582304759904274
2020/21,False,0.15,2020/21|2021-05-15|M'gladbach|Stuttgart,2021-05-15,M'gladbach,Stuttgart,1,2,294,81,away_win,2,0.5605223108577445,0.2255562878733367,0.21392140126891926,0.6328601132860113,0.1918512941851294,0.17528859252885926,0.4660524121761631,0.5403304143007065,0.07427800212454339,0.4474994817689463,-0.01855293040721684
2020/21,False,0.15,2020/21|2021-05-15|Leverkusen|Union Berlin,2021-05-15,Leverkusen,Union Berlin,1,1,293,80,draw,1,0.45174539225899973,0.30771228221504393,0.24054232552595634,0.47856058232302545,0.2691074742702885,0.2523319434066861,0.13096725489833633,0.1463458203083741,0.015378565410037764,0.1390708559929192,0.008103601094582885
2020/21,False,0.15,2020/21|2021-05-15|Hertha|FC Koln,2021-05-15,Hertha,FC Koln,0,0,292,79,draw,1,0.4899079128043932,0.2708130387789224,0.23927904841668415,0.3116860420940658,0.30300129169516,0.38531266621077426,0.14863211301977547,0.12280701978935962,-0.025825093230415846,0.159800306930317,0.011168193910541524
2020/21,False,0.15,2020/21|2021-05-15|Freiburg|Bayern Munich,2021-05-15,Freiburg,Bayern Munich,2,2,291,78,draw,1,0.18693722639306654,0.2064345866430968,0.6066281869638367,0.10662209394228575,0.13443008775986934,0.758947818297845,0.2014716419152821,0.2936850309078481,0.09221338899256598,0.15822019556995917,-0.043251446345322936
2020/21,False,0.15,2020/21|2021-05-15|Bielefeld|Hoffenheim,2021-05-15,Bielefeld,Hoffenheim,1,1,290,77,draw,1,0.23623032115965664,0.3066338217316783,0.4571358571086651,0.37170600471909615,0.2493843858191895,0.37890960946171426,0.13238897824483414,0.14086892304333082,0.008479944798496675,0.12629911576552677,-0.006089862479307373
2020/21,False,0.15,2020/21|2021-05-15|Augsburg|Werder Bremen,2021-05-15,Augsburg,Werder Bremen,2,0,289,76,home_win,0,0.4060382021087574,0.3071743469041504,0.2867874509870924,0.3792400866126177,0.3024469226567917,0.31831299073059066,0.21751882969893557,0.2433330150682817,0.025814185369346127,0.2093621060356987,-0.008156723663236887
2020/21,False,0.15,2020/21|2021-05-12|Schalke 04|Hertha,2021-05-12,Schalke 04,Hertha,1,2,288,75,away_win,2,0.18698179547415197,0.27293099063111625,0.5400872138947316,0.15735066720119123,0.22928240077887863,0.6133669320199301,0.1232409813309239,0.08712218086217069,-0.03611880046875321,0.16304747738543435,0.03980649605451045
2020/21,False,0.15,2020/21|2021-05-09|Hertha|Bielefeld,2021-05-09,Hertha,Bielefeld,0,0,287,74,draw,1,0.5585754547191195,0.27018048133886885,0.17124406394201142,0.5115089514066496,0.2713839158851947,0.21710713270815574,0.17066553402502346,0.1543884572209435,-0.01627707680407997,0.15992296908015102,-0.01074256494487244
2020/21,False,0.15,2020/21|2021-05-16|Mainz|Dortmund,2021-05-16,Mainz,Dortmund,1,3,296,83,away_win,2,0.22945357530164187,0.2256785591351638,0.5448678655631944,0.1388081779731143,0.16911984248717396,0.6920719795397118,0.12989710150785438,0.057043688028403726,-0.07285341347945065,0.22658187131901833,0.09668476981116395
2020/21,False,0.15,2020/21|2021-04-20|Bayern Munich|Leverkusen,2021-04-20,Bayern Munich,Leverkusen,2,0,261,48,home_win,0,0.4975578585998717,0.2661184646567552,0.2363236767433728,0.6202133223745657,0.20895599058542239,0.17083068704001197,0.15414849282212642,0.08671052206816401,-0.0674379707539624,0.12153869371048777,-0.03260979911163865
2020/21,False,0.15,2020/21|2021-03-07|Bielefeld|Union Berlin,2021-03-07,Bielefeld,Union Berlin,0,0,214,1,draw,1,0.20332805119362765,0.295754510008381,0.5009174387979916,0.24056603773584911,0.2806603773584906,0.4787735849056604,0.14613028844706893,0.14354808205767172,-0.0025822063893972125,0.13607360424261117,-0.010056684204457766
2020/21,False,0.15,2020/21|2021-04-17|Wolfsburg|Bayern Munich,2021-04-17,Wolfsburg,Bayern Munich,2,3,259,46,away_win,2,0.3061751400628192,0.26805610293463084,0.4257687570025499,0.25240490689259554,0.2466684317359457,0.5009266613714589,0.21174236841344177,0.15639121717664917,-0.0553511512367926,0.2642936789765918,0.05255131056315002
2020/21,False,0.15,2020/21|2021-03-21|Hoffenheim|Mainz,2021-03-21,Hoffenheim,Mainz,1,2,234,21,away_win,2,0.49353819779917785,0.26153012348997245,0.24493167871084962,0.5063683571447025,0.24930891053297854,0.24432273232231896,0.4068540612506379,0.4137285230011153,0.006874461750477401,0.4127651994957231,0.005911138245085212
2020/21,False,0.15,2020/21|2021-03-21|Hertha|Leverkusen,2021-03-21,Hertha,Leverkusen,3,0,233,20,home_win,0,0.2880996250167259,0.32105073861414013,0.39084963636913367,0.2844963822293405,0.26450474455917056,0.450998873211489,0.32978279107560526,0.35767270534046736,0.027889914264862092,0.347021055821918,0.017238264746312737
2020/21,False,0.15,2020/21|2021-03-21|Freiburg|Augsburg,2021-03-21,Freiburg,Augsburg,2,0,232,19,home_win,0,0.42178804218716615,0.28914024634798946,0.2890717114648445,0.5328723128259721,0.2701264078868502,0.19700127928717762,0.20894576126348233,0.1285088900826705,-0.08043687118081183,0.20408572810027725,-0.004860033163205074
2020/21,False,0.15,2020/21|2021-03-20|Werder Bremen|Wolfsburg,2021-03-20,Werder Bremen,Wolfsburg,1,2,231,18,away_win,2,0.19635588441949872,0.2703156567871844,0.5333284587933171,0.19573755904096554,0.26759737523682686,0.5366650657222077,0.12816898035919222,0.12649622667076083,-0.0016727536884313943,0.19603708958140453,0.06786810922221231
2020/21,False,0.15,2020/21|2021-03-20|Schalke 04|M'gladbach,2021-03-20,Schalke 04,M'gladbach,0,3,230,17,away_win,2,0.19029206412702776,0.26747876976736856,0.5422291661056036,0.12833480751797466,0.20362098896380113,0.6680442035182242,0.12288260301704791,0.06333223681926287,-0.059550366197785046,0.12730594203875237,0.004423339021704456
2020/21,False,0.15,2020/21|2021-03-20|FC Koln|Dortmund,2021-03-20,FC Koln,Dortmund,2,2,229,16,draw,1,0.16344482440959401,0.2118607351232467,0.6246944404671593,0.14553331706126432,0.20441786673175497,0.6500488162069807,0.20847867728843011,0.22187170491347574,0.013393027625045628,0.15498962810301264,-0.05348904918541747
2020/21,False,0.15,2020/21|2021-03-20|Ein Frankfurt|Union Berlin,2021-03-20,Ein Frankfurt,Union Berlin,5,2,228,15,home_win,0,0.441607955520718,0.2925257199833362,0.26586632449594577,0.49780002634698983,0.2594915030957713,0.24270847055723885,0.19124328891936804,0.15555610760865912,-0.035687181310708915,0.20142371241004095,0.010180423490672913
2020/21,False,0.15,2020/21|2021-03-20|Bayern Munich|Stuttgart,2021-03-20,Bayern Munich,Stuttgart,4,0,227,14,home_win,0,0.6191478314829478,0.18879202473550422,0.1920601437815479,0.7631318566395408,0.1446533519301816,0.09221479143027754,0.09096773654676497,0.03230504254878035,-0.05866269399798463,0.14020005069775202,0.04923231415098704
2020/21,False,0.15,2020/21|2021-03-14|Stuttgart|Hoffenheim,2021-03-14,Stuttgart,Hoffenheim,2,0,225,12,home_win,0,0.37521999584035537,0.2322657348307008,0.3925142693289439,0.3705345111543644,0.26581823626291357,0.36364725258272196,0.2722087526122801,0.2642330629793185,-0.007975689632961636,0.20388760126179972,-0.06832115135048039
2020/21,False,0.15,2020/21|2021-04-03|Augsburg|Hoffenheim,2021-04-03,Augsburg,Hoffenheim,2,1,235,22,home_win,0,0.26035575334255207,0.24162505877420185,0.4980191878832462,0.2468971039636995,0.2642466301881756,0.4888562658481249,0.39754836155667583,0.40307221033861773,0.005523848781941898,0.28271057326122373,-0.1148377882954521
2020/21,False,0.15,2020/21|2021-03-14|RB Leipzig|Ein Frankfurt,2021-03-14,RB Leipzig,Ein Frankfurt,1,1,224,11,draw,1,0.4902750229345984,0.27314883952748137,0.23657613753792023,0.580672085741171,0.22953625977533348,0.18979165448349558,0.14816893348294097,0.1866004716352922,0.03843153815235123,0.144447077325421,-0.003721856157519965
2020/21,False,0.15,2020/21|2021-03-13|Wolfsburg|Schalke 04,2021-03-13,Wolfsburg,Schalke 04,5,0,222,9,home_win,0,0.6423064015229212,0.21947094854327298,0.1382226499338057,0.6760382173665451,0.2019699238605446,0.1219918587729104,0.07352510567310257,0.05991662510695778,-0.01360848056614479,0.07418053233933936,0.0006554266662367886
2020/21,False,0.15,2020/21|2021-03-13|Werder Bremen|Bayern Munich,2021-03-13,Werder Bremen,Bayern Munich,1,3,221,8,away_win,2,0.19128551008709072,0.2341754249157658,0.5745390649971434,0.07669264223504618,0.1345578258354139,0.78874953192954,0.1088035767913917,0.025254260816490633,-0.08354931597490106,0.13582643717556006,0.02702286038416836
2020/21,False,0.15,2020/21|2021-03-13|Union Berlin|FC Koln,2021-03-13,Union Berlin,FC Koln,2,1,220,7,home_win,0,0.5305519613708259,0.27841329405922205,0.191034744569952,0.47459439764381217,0.29536690608648125,0.23003869626970658,0.12843786730284268,0.16448442438436742,0.03604655708152474,0.16161914992889326,0.03318128262605058
2020/21,False,0.15,2020/21|2021-03-13|Mainz|Freiburg,2021-03-13,Mainz,Freiburg,1,0,219,6,home_win,0,0.3381065735174298,0.31750596370493867,0.34438746277763166,0.4094850877814092,0.2983748048163317,0.2921401074022591,0.27835281626962605,0.2170268519527668,-0.061325964316859244,0.31751153917461694,0.039158722904990895
2020/21,False,0.15,2020/21|2021-03-13|Dortmund|Hertha,2021-03-13,Dortmund,Hertha,2,0,218,5,home_win,0,0.47281300763712497,0.279785871600047,0.24740112076282803,0.640623628130997,0.21638842550202567,0.14298794636697731,0.16956671973565873,0.07479846473198673,-0.094768255003672,0.11297438928353709,-0.05659233045212164
2020/21,False,0.15,2020/21|2021-03-12|Augsburg|M'gladbach,2021-03-12,Augsburg,M'gladbach,3,1,217,4,home_win,0,0.256905679664774,0.2985427743763711,0.44455154595885477,0.20367843969481078,0.2344500025264009,0.5618715577787883,0.37490762296443975,0.47491383742382665,0.1000062144593869,0.3380372883444811,-0.036870334619958645
2020/21,False,0.15,2020/21|2021-03-10|Bielefeld|Werder Bremen,2021-03-10,Bielefeld,Werder Bremen,0,2,216,3,away_win,2,0.26254819357035275,0.34179101327824646,0.395660793151401,0.2656723374504777,0.30552318806804935,0.42880447448147285,0.21707871544072468,0.19842305962939338,-0.0186556558113313,0.2549243779051997,0.03784566246447499
2020/21,False,0.15,2020/21|2021-03-07|FC Koln|Werder Bremen,2021-03-07,FC Koln,Werder Bremen,1,1,215,2,draw,1,0.323645336704559,0.33149409938115126,0.34486056391429,0.30640858778843194,0.30261405419352877,0.3909773580180391,0.11183755625694464,0.12337475857663366,0.011537202319689022,0.12586396829048432,0.014026412033539687
2020/21,False,0.15,2020/21|2021-04-18|Dortmund|Werder Bremen,2021-04-18,Dortmund,Werder Bremen,4,1,260,47,home_win,0,0.6088967613458209,0.23352849614572418,0.15757474250845505,0.7322769888700038,0.1656340808158342,0.10208893031416197,0.0888957713811968,0.04104888019060095,-0.04784689119059585,0.13432749874662345,0.04543172736542665
2020/21,False,0.15,2020/21|2021-03-14|Leverkusen|Bielefeld,2021-03-14,Leverkusen,Bielefeld,1,2,223,10,away_win,2,0.6234673505158392,0.24094933091812076,0.13558331856603997,0.6761410103734738,0.19472861098756047,0.12913037863896584,0.5679638681502703,0.6077902816591867,0.03982641350891636,0.503106425620446,-0.06485744252982428
2020/21,False,0.15,2020/21|2021-04-03|Dortmund|Ein Frankfurt,2021-04-03,Dortmund,Ein Frankfurt,1,2,236,23,away_win,2,0.4008522354539806,0.28055789632595873,0.31858986822006086,0.5495075168481078,0.23068947641264903,0.21980300673924313,0.31250114118040384,0.4553329296828495,0.14283178850244566,0.2828369373827875,-0.029664203797616362
2020/21,False,0.15,2020/21|2021-03-19|Bielefeld|RB Leipzig,2021-03-19,Bielefeld,RB Leipzig,0,1,226,13,away_win,2,0.11825236398072571,0.19466618912078248,0.687081446898492,0.11078998831057067,0.1936071565109177,0.6956028551785116,0.05595082123108572,0.052466021642665284,-0.003484799588420434,0.1472901965717427,0.09133937534065698
2020/21,False,0.15,2020/21|2021-04-03|M'gladbach|Freiburg,2021-04-03,M'gladbach,Freiburg,2,1,238,25,home_win,0,0.4507582671151703,0.29614735231583195,0.2530943805689975,0.5609875336103641,0.2410168662918602,0.19799560009777564,0.18286162330896766,0.11596710165179472,-0.06689452165717294,0.2270562419290572,0.044194618620089554
2020/21,False,0.15,2020/21|2021-04-03|Leverkusen|Schalke 04,2021-04-03,Leverkusen,Schalke 04,2,1,237,24,home_win,0,0.6460740693218816,0.2189559768527439,0.13496995382537452,0.7433455353334615,0.16731660675031523,0.08933785791622335,0.07174022642099799,0.03692638354516338,-0.03481384287583461,0.06531633531556305,-0.00642389110543494
2020/21,False,0.15,2020/21|2021-04-17|M'gladbach|Ein Frankfurt,2021-04-17,M'gladbach,Ein Frankfurt,4,0,257,44,home_win,0,0.3318565720153383,0.2702365207964696,0.39790690718819205,0.41682318844743566,0.24306066820135824,0.34011614335120616,0.3023727735735836,0.2278870922503567,-0.07448568132322692,0.28754686997043927,-0.014825903603144341
2020/21,False,0.15,2020/21|2021-04-17|Leverkusen|FC Koln,2021-04-17,Leverkusen,FC Koln,3,0,256,43,home_win,0,0.5039033580197209,0.28608183185210284,0.21001481012817622,0.5907156565516092,0.2394793202236253,0.16980502322476568,0.1451090493286416,0.09817370985217175,-0.046935339476469856,0.12673650298072817,-0.018372546347913438
2020/21,False,0.15,2020/21|2021-04-17|Freiburg|Schalke 04,2021-04-17,Freiburg,Schalke 04,4,0,255,42,home_win,0,0.5491553743426381,0.26337600124097765,0.18746862441638437,0.5918435979642624,0.24292087976145105,0.16523552227428648,0.11920268081234911,0.09694721317200743,-0.022255467640341683,0.09400200977480704,-0.025200671037542074
2020/21,False,0.15,2020/21|2021-04-17|Augsburg|Bielefeld,2021-04-17,Augsburg,Bielefeld,0,0,254,41,draw,1,0.44205083447834803,0.3124641544087762,0.24548501111287624,0.4094674820835616,0.29125811969634297,0.2992743982200955,0.1278359154720463,0.12861439215692605,0.0007784766848797364,0.12517253516017296,-0.0026633803118733534
2020/21,False,0.15,2020/21|2021-04-16|RB Leipzig|Hoffenheim,2021-04-16,RB Leipzig,Hoffenheim,0,0,253,40,draw,1,0.5912257507594849,0.2459338639353561,0.16284038530515915,0.6975425330812854,0.18321942707575975,0.11923803984295478,0.1880324397237246,0.2503916478015231,0.06235920807779852,0.1736835099990222,-0.014348929724702392
2020/21,False,0.15,2020/21|2021-04-12|Hoffenheim|Leverkusen,2021-04-12,Hoffenheim,Leverkusen,0,0,252,39,draw,1,0.32043461908757603,0.2761534072736527,0.40341197363877146,0.34065419344765674,0.26352494210101746,0.39582086445132586,0.13270978279246437,0.1363597181242342,0.003649935331769827,0.13630152783144095,0.0035917450389765793
2020/21,False,0.15,2020/21|2021-04-11|Schalke 04|Augsburg,2021-04-11,Schalke 04,Augsburg,1,0,251,38,home_win,0,0.28103907489093405,0.3090011982327738,0.40995972687629223,0.3408631268638809,0.2885773374924302,0.37055953564368876,0.342485894747084,0.28588789349206334,-0.05659800125502068,0.42062839683485165,0.07814250208776763
2020/21,False,0.15,2020/21|2021-04-11|FC Koln|Mainz,2021-04-11,FC Koln,Mainz,2,3,250,37,away_win,2,0.2940231192594098,0.27944008310918556,0.4265367976314047,0.3273276817017324,0.2947920988819819,0.37788021941628563,0.20765481956493886,0.24708821630087965,0.03943339673594079,0.2928602795277219,0.08520545996278306
2020/21,False,0.15,2020/21|2021-04-10|Werder Bremen|RB Leipzig,2021-04-10,Werder Bremen,RB Leipzig,1,4,249,36,away_win,2,0.1510657453216935,0.2509723335834305,0.5979619210948758,0.10376231647193318,0.1835344733084382,0.7127032102196287,0.09222773814966075,0.046653031868864256,-0.04557470628079649,0.22063201504029914,0.12840427689063838
2020/21,False,0.15,2020/21|2021-04-17|Union Berlin|Stuttgart,2021-04-17,Union Berlin,Stuttgart,2,1,258,45,home_win,0,0.4194651381902064,0.27942337159413677,0.30111149021565686,0.4467723750124881,0.2844277619992293,0.2687998629882826,0.2138444276582049,0.1891570856959213,-0.024687341962283615,0.22699618267087063,0.013151755012665717
2020/21,False,0.15,2020/21|2021-04-10|Hertha|M'gladbach,2021-04-10,Hertha,M'gladbach,2,2,247,34,draw,1,0.3139615963975511,0.31739948089125314,0.3686389227111955,0.30102422726525846,0.27175798294780273,0.4272177897869388,0.11723326967508485,0.1365653126555415,0.019332042980456654,0.13224996610715048,0.01501669643206563
2020/21,False,0.15,2020/21|2021-04-10|Stuttgart|Dortmund,2021-04-10,Stuttgart,Dortmund,2,3,248,35,away_win,2,0.26647397282244745,0.24680294255771293,0.4867230846198395,0.23111903485577648,0.23002885072909826,0.5388521144151253,0.16723078502697541,0.13303669032603316,-0.03419409470094226,0.3191543861976986,0.15192360117072318
2020/21,False,0.15,2020/21|2021-04-03|RB Leipzig|Bayern Munich,2021-04-03,RB Leipzig,Bayern Munich,0,1,240,27,away_win,2,0.4908042790326118,0.25510112719944633,0.2540945937679416,0.3733089771136382,0.2657797608798185,0.3609112620065433,0.39863185768146675,0.27389700371185,-0.12473485396961675,0.26768740873281327,-0.13094444894865348
2020/21,False,0.15,2020/21|2021-04-03|Wolfsburg|FC Koln,2021-04-03,Wolfsburg,FC Koln,1,0,241,28,home_win,0,0.5663232760785921,0.25305529449921393,0.1806214294221938,0.5837235153434164,0.24189038973287968,0.174386094923704,0.11034980081886081,0.10184831089039098,-0.00850148992846983,0.07116071946805089,-0.03918908135080992
2020/21,False,0.15,2020/21|2021-04-04|Stuttgart|Werder Bremen,2021-04-04,Stuttgart,Werder Bremen,1,0,242,29,home_win,0,0.49554124873714844,0.2576697728158338,0.24678897844701778,0.5074276052657702,0.25771981004287803,0.2348525846913517,0.15769171580429905,0.1488916502952112,-0.008800065509087851,0.20011510702818902,0.04242339122388997
2020/21,False,0.15,2020/21|2021-04-03|Mainz|Bielefeld,2021-04-03,Mainz,Bielefeld,1,1,239,26,draw,1,0.562818896148273,0.2603576236960105,0.17682348015571614,0.5204823002009584,0.26446127685886534,0.2150564229401762,0.17401582649796976,0.15857554493515227,-0.015440281562817487,0.12880134240466784,-0.04521448409330192
2020/21,False,0.15,2020/21|2021-04-09|Bielefeld|Freiburg,2021-04-09,Bielefeld,Freiburg,1,0,244,31,home_win,0,0.20596599996284942,0.29405444823976185,0.49997955179738873,0.3572668079486471,0.30400964403083636,0.33872354802051663,0.44023477271525774,0.26391979907406415,-0.17631497364119358,0.31851573917892745,-0.12171903353633029
2020/21,False,0.15,2020/21|2021-04-10|Bayern Munich|Union Berlin,2021-04-10,Bayern Munich,Union Berlin,1,1,245,32,draw,1,0.5264227534746293,0.24598549355437804,0.22759175297099304,0.5162019450530397,0.26156077108585657,0.22223728386110367,0.16445946069810985,0.15792692920725113,-0.006532531490858723,0.20305205119300537,0.03859259049489552
2020/21,False,0.15,2020/21|2021-04-10|Ein Frankfurt|Wolfsburg,2021-04-10,Ein Frankfurt,Wolfsburg,4,3,246,33,home_win,0,0.41516558433836503,0.2805075034089237,0.30432691225271136,0.37947621592731157,0.2757883484767504,0.344735435595938,0.21732308163177771,0.25194614357770484,0.034623061945927125,0.2509411440132519,0.03361806238147419
2020/21,False,0.15,2020/21|2021-04-04|Union Berlin|Hertha,2021-04-04,Union Berlin,Hertha,1,1,243,30,draw,1,0.42165071325297443,0.3091627959535719,0.26918649079345347,0.368841927627668,0.2998254933169694,0.33133257905536273,0.1251253454062181,0.12291282275978599,-0.0022125226464321246,0.15812192164798095,0.03299657624176283
2021/22,False,0.15,2021/22|2022-04-23|FC Koln|Bielefeld,2022-04-23,FC Koln,Bielefeld,3,1,274,60,home_win,0,0.6699963678511389,0.20877956180866938,0.12122407034019163,0.6924492844408038,0.19295523538765483,0.11459548017154146,0.06179883623064228,0.05385978335835988,-0.007939052872282401,0.09605704987189115,0.03425821364124887
2021/22,False,0.15,2021/22|2022-04-30|Augsburg|FC Koln,2022-04-30,Augsburg,FC Koln,1,4,281,67,away_win,2,0.33097287233592626,0.27482825144527834,0.3941988762187955,0.3066610655513141,0.26801336961881966,0.42532556482986605,0.23826902189843188,0.21214585778158984,-0.02612316411684204,0.3678783067672111,0.12960928486877923
2021/22,False,0.15,2021/22|2022-04-29|Union Berlin|Greuther Furth,2022-04-29,Union Berlin,Greuther Furth,1,1,280,66,draw,1,0.6927625307544566,0.19832557252091756,0.10891189672462571,0.7714062150681869,0.16118935837245696,0.06740442655935613,0.2458908626327375,0.2998054526828107,0.053914590050073236,0.1706025629520557,-0.07528829968068179
2021/22,False,0.15,2021/22|2022-04-24|Hertha|Stuttgart,2022-04-24,Hertha,Stuttgart,2,0,279,65,home_win,0,0.32188899946265553,0.27536377186392064,0.40274722867342394,0.29542645241038323,0.29542645241038323,0.40914709517923364,0.3110199296269408,0.33191261472831135,0.020892685101370545,0.2126736700535657,-0.09834625957337512
2021/22,False,0.15,2021/22|2022-04-24|Bochum|Augsburg,2022-04-24,Bochum,Augsburg,0,2,278,64,away_win,2,0.5185421916088122,0.26423896637567107,0.21721884201551656,0.42708958171789735,0.29818144577255634,0.27472897250954637,0.4408161728869993,0.3542117870645135,-0.08660438582248581,0.32772684475951447,-0.11308932812748484
2021/22,False,0.15,2021/22|2022-04-23|RB Leipzig|Union Berlin,2022-04-23,RB Leipzig,Union Berlin,1,2,277,63,away_win,2,0.49497603679572205,0.28732190214915176,0.21770206105512654,0.5905072126570499,0.2591321544904607,0.15036063285248955,0.42849567113969883,0.5352929112034103,0.10679724006371144,0.46758820405955914,0.03909253291986031
2021/22,False,0.15,2021/22|2022-04-30|Bielefeld|Hertha,2022-04-30,Bielefeld,Hertha,1,1,282,68,draw,1,0.2563034727302891,0.30610021919808816,0.4375963080716229,0.34735706580366776,0.29773462783171517,0.35490830636461707,0.1285909994857603,0.1233084185451672,-0.0052825809405930985,0.130256780566216,0.0016657810804557027
2021/22,False,0.15,2021/22|2022-04-23|Greuther Furth|Leverkusen,2022-04-23,Greuther Furth,Leverkusen,1,4,276,62,away_win,2,0.1641467738083382,0.22680637575184878,0.6090468504398129,0.09964692036092586,0.15300117693213025,0.7473519027069438,0.08989426425135785,0.03688028490160912,-0.05301397934974873,0.18186300852705647,0.09196874427569862
2021/22,False,0.15,2021/22|2022-04-23|Freiburg|M'gladbach,2022-04-23,Freiburg,M'gladbach,3,3,275,61,draw,1,0.5576801435194715,0.21722942631694578,0.2250904301635826,0.5280568676626713,0.24422630129398554,0.22771683104334314,0.18083642211356254,0.16534950531306722,-0.015486916800495326,0.14675194911522368,-0.03408447299833886
2021/22,False,0.15,2021/22|2022-04-23|Ein Frankfurt|Hoffenheim,2022-04-23,Ein Frankfurt,Hoffenheim,2,2,273,59,draw,1,0.37943086892162,0.2772230638072241,0.3433460672711563,0.4166813302833011,0.2539151856413866,0.32940348407531234,0.13092715310059233,0.141064993163808,0.010137840063215664,0.14248569279241585,0.011558539691823522
2021/22,False,0.15,2021/22|2022-04-17|Hoffenheim|Greuther Furth,2022-04-17,Hoffenheim,Greuther Furth,0,0,268,54,draw,1,0.6777631766505536,0.19178531689606998,0.1304515064533765,0.808133472367049,0.12930135557872782,0.06256517205422314,0.23819025957970244,0.3284970549570993,0.09030679537739686,0.18099990900285617,-0.057190350576846266
2021/22,False,0.15,2021/22|2022-04-22|Wolfsburg|Mainz,2022-04-22,Wolfsburg,Mainz,5,0,271,57,home_win,0,0.33481040837757603,0.27244236104206115,0.39274723058036276,0.37971391417425226,0.28478543563068925,0.33550065019505854,0.2983637899656759,0.24865775727516695,-0.04970603269050897,0.2882782271468685,-0.010085562818807403
2021/22,False,0.15,2021/22|2022-04-17|Union Berlin|Ein Frankfurt,2022-04-17,Union Berlin,Ein Frankfurt,2,0,270,56,home_win,0,0.5253620036393396,0.2698459577837499,0.20479203857691028,0.4775572394742826,0.27269981641289115,0.24974294411282635,0.13361050332687452,0.16765898807993715,0.03404848475306263,0.20762489845100707,0.07401439512413255
2021/22,False,0.15,2021/22|2022-04-17|Leverkusen|RB Leipzig,2022-04-17,Leverkusen,RB Leipzig,0,1,269,55,away_win,2,0.36576167843034296,0.2839775444159462,0.3502607771537109,0.36904521155834696,0.29019875686338853,0.34075603157826456,0.27797133155654075,0.28539848903729165,0.007427157480750901,0.3705250601846577,0.09255372862811695
2021/22,False,0.15,2021/22|2022-04-17|Bielefeld|Bayern Munich,2022-04-17,Bielefeld,Bayern Munich,0,3,267,53,away_win,2,0.10602405721417814,0.10688312468181854,0.7870928181040031,0.06082105390819235,0.11448668970953854,0.8246922563822692,0.028285284405525163,0.017216002785421652,-0.01106928162010351,0.10369143513211732,0.07540615072659215
2021/22,False,0.15,2021/22|2022-04-16|Mainz|Stuttgart,2022-04-16,Mainz,Stuttgart,0,0,266,52,draw,1,0.5204640773911506,0.24150559063015373,0.23803033197869572,0.4746948527146642,0.26864598807478246,0.2566591592105533,0.16377064739825484,0.14560456360023247,-0.01816608379802237,0.18335276503159914,0.019582117633344304
2021/22,False,0.15,2021/22|2022-04-16|M'gladbach|FC Koln,2022-04-16,M'gladbach,FC Koln,1,3,265,51,away_win,2,0.452819636619718,0.2539308062114041,0.2932495571688778,0.45692342841074846,0.25799898068575244,0.285077590903499,0.3522709058752004,0.3599465352294885,0.007675629354288116,0.39172048254269415,0.03944957666749377
2021/22,False,0.15,2021/22|2022-04-16|Freiburg|Bochum,2022-04-16,Freiburg,Bochum,3,0,264,50,home_win,0,0.42637637109126475,0.28029192216885535,0.29333170673988024,0.5848065113483721,0.24233917467786134,0.1728543139737666,0.2075437789106787,0.10113212343902545,-0.10641165547165327,0.18788145710761556,-0.019662321803063154
2021/22,False,0.15,2021/22|2022-04-16|Dortmund|Wolfsburg,2022-04-16,Dortmund,Wolfsburg,6,1,263,49,home_win,0,0.5997855944280636,0.21630737546374715,0.1839070301081894,0.6170519281846252,0.21427297725971603,0.1686750945556588,0.09699668307525644,0.08755025661523695,-0.009446426460019489,0.09195124555900025,-0.00504543751625619
2021/22,False,0.15,2021/22|2022-04-30|Dortmund|Bochum,2022-04-30,Dortmund,Bochum,3,4,283,69,away_win,2,0.591053237515057,0.2199078697715079,0.18903889271343507,0.6782149148561362,0.180857310628303,0.1409277745155608,0.5035009235542409,0.5989902796660516,0.09548935611181064,0.516181903536024,0.01268097998178308
2021/22,False,0.15,2021/22|2022-04-23|Bayern Munich|Dortmund,2022-04-23,Bayern Munich,Dortmund,3,1,272,58,home_win,0,0.6849919311769631,0.16494287236537444,0.15006519645766253,0.7277956173471187,0.1548749073714669,0.11732947528141431,0.06087482330574799,0.04393071585262412,-0.01694410745312387,0.05832784487766709,-0.0025469784280809024
2021/22,False,0.15,2021/22|2022-04-30|Hoffenheim|Freiburg,2022-04-30,Hoffenheim,Freiburg,3,4,284,70,away_win,2,0.38438372875906995,0.2686132968506394,0.3470029743902906,0.4132869664425112,0.25912436784887616,0.3275886657086126,0.2870779831949268,0.3114715595573886,0.02439357636246181,0.34167697941420316,0.054598996219276386
2021/22,False,0.15,2021/22|2022-04-16|Augsburg|Hertha,2022-04-16,Augsburg,Hertha,0,1,262,48,away_win,2,0.4768458865860663,0.27505142306163527,0.24810269035229854,0.49596536114938006,0.2714032670734108,0.23263137177720922,0.3963657819047516,0.41741812552028135,0.021052343615529767,0.47872398161084706,0.08235819970609548
2021/22,False,0.15,2021/22|2022-04-30|Stuttgart|Wolfsburg,2022-04-30,Stuttgart,Wolfsburg,1,1,286,72,draw,1,0.4041284855415378,0.2647456263489441,0.3311258881095183,0.5140741961450457,0.25771529622047146,0.2282105076344829,0.13648209330120697,0.15817615746848163,0.02169406416727465,0.13107577999337275,-0.005406313307834226
2021/22,False,0.15,2021/22|2022-05-14|Wolfsburg|Bayern Munich,2022-05-14,Wolfsburg,Bayern Munich,2,2,306,92,draw,1,0.2218354875118192,0.1976069609469698,0.5805575515412112,0.15156250000000002,0.16640625,0.68203125,0.1931290270855662,0.2440689086914062,0.05093988160584001,0.15278793859586554,-0.040341088489700666
2021/22,False,0.15,2021/22|2022-05-14|Union Berlin|Bochum,2022-05-14,Union Berlin,Bochum,3,2,305,91,home_win,0,0.5523216275513263,0.2522534649772397,0.19542490747143412,0.736002675083723,0.166356769025773,0.09764055589050397,0.11930340980925598,0.03961413285877849,-0.07968927695047749,0.13980926148909992,0.020505851679843937
2021/22,False,0.15,2021/22|2022-05-14|Stuttgart|FC Koln,2022-05-14,Stuttgart,FC Koln,2,1,304,90,home_win,0,0.3741444963166901,0.27953092161219173,0.346324582071118,0.43507690340818295,0.242908941108787,0.32201415548303014,0.2558179138187121,0.21141561069716824,-0.04440230312154386,0.299166227006414,0.04334831318770188
2021/22,False,0.15,2021/22|2022-05-14|Mainz|Ein Frankfurt,2022-05-14,Mainz,Ein Frankfurt,2,2,303,89,draw,1,0.5015215110642309,0.28284742919674233,0.21563105973902658,0.5197998928450279,0.23535733646978263,0.2448427706851895,0.14901028999216262,0.16506995547925138,0.01605966548708876,0.1401281270290964,-0.008882162963066209
2021/22,False,0.15,2021/22|2022-05-14|M'gladbach|Hoffenheim,2022-05-14,M'gladbach,Hoffenheim,5,1,302,88,home_win,0,0.47923321304564603,0.216730310701741,0.3040364762526133,0.4693013408609739,0.22230063514467183,0.30839802399435423,0.1818181126434336,0.18837520400779129,0.006557091364357698,0.14717358062633096,-0.03464453201710263
2021/22,False,0.15,2021/22|2022-05-14|Leverkusen|Freiburg,2022-05-14,Leverkusen,Freiburg,2,1,301,87,home_win,0,0.565740503715509,0.21854948442369798,0.21571001186079278,0.43248669595535455,0.24206344922874326,0.3254498548159023,0.11755605966512167,0.21399447913368097,0.0964384194685593,0.09045871969553773,-0.02709733996958394
2021/22,False,0.15,2021/22|2022-05-14|Dortmund|Hertha,2022-05-14,Dortmund,Hertha,2,1,300,86,home_win,0,0.5877728357595016,0.2254757697252381,0.1867513945152605,0.6247378161628624,0.1947563232572486,0.18050586057988893,0.10240365914557864,0.086702036160952,-0.015701622984626643,0.07849275429184673,-0.023910904853731915
2021/22,False,0.15,2021/22|2022-05-14|Bielefeld|RB Leipzig,2022-05-14,Bielefeld,RB Leipzig,1,1,299,85,draw,1,0.1239909594028431,0.1763745509565836,0.6996344896405732,0.11185693190941084,0.18026014863468254,0.7078829194559065,0.25243108855413143,0.2568051004368021,0.00437401188267067,0.16257008951391863,-0.0898609990402128
2021/22,False,0.15,2021/22|2022-05-14|Augsburg|Greuther Furth,2022-05-14,Augsburg,Greuther Furth,2,1,298,84,home_win,0,0.42987518927360013,0.30982644097937617,0.2602983697470237,0.5697710265967882,0.22631092177909812,0.20391805162411367,0.19639877054938576,0.1133397706668781,-0.08305899988250766,0.15671992144126487,-0.03967884910812089
2021/22,False,0.15,2021/22|2022-04-30|Mainz|Bayern Munich,2022-04-30,Mainz,Bayern Munich,3,1,285,71,home_win,0,0.21261972234089102,0.20472203004740974,0.582658247611699,0.2035488787868235,0.21383816276945414,0.5826129584437224,0.4797291675782359,0.4868861239141362,0.0071569563359003,0.44306164246968377,-0.036667525108552146
2021/22,False,0.15,2021/22|2022-05-08|RB Leipzig|Augsburg,2022-05-08,RB Leipzig,Augsburg,4,0,297,83,home_win,0,0.6729059595547212,0.1968464906051622,0.1302475498401168,0.7911224512648399,0.14523591269488853,0.06364163604027162,0.06197746776708566,0.023840044101745776,-0.038137423665339884,0.10622688630954363,0.04424941854245797
2021/22,False,0.15,2021/22|2022-05-08|Bayern Munich|Stuttgart,2022-05-08,Bayern Munich,Stuttgart,2,2,295,81,draw,1,0.7431215551451865,0.14491760254715164,0.11196084230766182,0.7513971563935348,0.14381340233644804,0.1047894412700173,0.28238243796582085,0.28778925681898626,0.005406818853165407,0.2826594248157603,0.00027698684993943123
2021/22,False,0.15,2021/22|2022-05-07|Hoffenheim|Leverkusen,2022-05-07,Hoffenheim,Leverkusen,2,4,294,80,away_win,2,0.3070091616704774,0.2505061035605835,0.4424847347689392,0.33266980767302984,0.24209139469274946,0.42523879763422084,0.20253894815763474,0.2205098203410835,0.017970872183448755,0.2130524006190691,0.01051345246143437
2021/22,False,0.15,2021/22|2022-05-07|Hertha|Mainz,2022-05-07,Hertha,Mainz,1,2,293,79,away_win,2,0.3051784239541493,0.2848560052221936,0.409965570823657,0.3351710273826567,0.29127958332064213,0.37354938929670134,0.22063724903029563,0.2523899926236408,0.03175274359334518,0.2764378428870662,0.05580059385677055
2021/22,False,0.15,2021/22|2022-05-07|Greuther Furth|Dortmund,2022-05-07,Greuther Furth,Dortmund,1,3,292,78,away_win,2,0.17673418446874467,0.22638579585032476,0.5968800196809305,0.12923153673216844,0.16975710574225605,0.7010113575255755,0.09687034524613959,0.05304749920742852,-0.043822846038711075,0.18778708060204055,0.09091673535590096
2021/22,False,0.15,2021/22|2022-05-07|Freiburg|Union Berlin,2022-05-07,Freiburg,Union Berlin,1,4,291,77,away_win,2,0.3616713217248356,0.2834368013059909,0.3548918769691733,0.5392059751449582,0.2595645784607378,0.20122944639430398,0.2734853176792728,0.4643887404697876,0.1909034227905148,0.3494337727369885,0.07594845505771569
2021/22,False,0.15,2021/22|2022-05-07|FC Koln|Wolfsburg,2022-05-07,FC Koln,Wolfsburg,0,1,290,76,away_win,2,0.4554767500084889,0.25854970769510427,0.28597354229640665,0.6466909805488943,0.19928640420996535,0.15402261524114041,0.35864642604951835,0.566943479923365,0.20829705387384667,0.43818871700769213,0.07954229095817378
2021/22,False,0.15,2021/22|2022-05-06|Bochum|Bielefeld,2022-05-06,Bochum,Bielefeld,2,1,289,75,home_win,0,0.6550277161916048,0.21595916569511164,0.12901311811328353,0.44437677774354634,0.26638389946479624,0.2892393227916574,0.06782513062064599,0.19618827547981055,0.12836314485916456,0.14355849472963023,0.07573336410898424
2021/22,False,0.15,2021/22|2022-05-02|M'gladbach|RB Leipzig,2022-05-02,M'gladbach,RB Leipzig,3,1,288,74,home_win,0,0.25291730411142216,0.23840364074184983,0.5086790551467277,0.19272839809192485,0.22679202194073014,0.580479579967345,0.4084434678205566,0.4943219910031475,0.08587852318259087,0.29471850202763705,-0.11372496579291957
2021/22,False,0.15,2021/22|2022-05-02|Leverkusen|Ein Frankfurt,2022-05-02,Leverkusen,Ein Frankfurt,2,0,287,73,home_win,0,0.5641016178953331,0.24429896167642975,0.19159942042823702,0.6579722481320094,0.19515008561831138,0.14687766624967932,0.1133588687149513,0.06927801594541197,-0.044080852769539325,0.11401447688084562,0.000655608165894328
2021/22,False,0.15,2021/22|2022-05-08|Ein Frankfurt|M'gladbach,2022-05-08,Ein Frankfurt,M'gladbach,1,1,296,82,draw,1,0.41615497253426126,0.2636293248343473,0.3202157026313915,0.36662480445942675,0.25099698151453065,0.3823782140260427,0.13786152868835372,0.14031342290332943,0.002451894214975714,0.1316065994090983,-0.006254929279255417
2021/22,False,0.15,2021/22|2022-04-10|RB Leipzig|Hoffenheim,2022-04-10,RB Leipzig,Hoffenheim,3,0,261,47,home_win,0,0.5917163677993668,0.21466684951550966,0.19361678268512375,0.6668799756218337,0.19241991391460025,0.14070011046356606,0.10209149143014018,0.06538273586308492,-0.03670875556705526,0.13844150327099974,0.036350011840859564
2021/22,False,0.15,2021/22|2022-02-27|Augsburg|Dortmund,2022-02-27,Augsburg,Dortmund,1,1,215,1,draw,1,0.22292032348423574,0.20722122979793725,0.5698584467178269,0.23132724683383352,0.25488276282996797,0.5137899903361987,0.1872160599589854,0.15874622464869614,-0.028469835310289265,0.15458332831550994,-0.032632731643475466
2021/22,False,0.15,2021/22|2022-04-10|Bochum|Leverkusen,2022-04-10,Bochum,Leverkusen,0,0,259,45,draw,1,0.3219885396516238,0.2664503722961179,0.41156108805225855,0.24792533818938609,0.24855619146722166,0.5035184703433924,0.136529574432872,0.15749891164663551,0.02096933721376351,0.13827335469821345,0.0017437802653414436
2021/22,False,0.15,2021/22|2022-03-18|Bochum|M'gladbach,2022-03-18,Bochum,M'gladbach,0,2,234,20,away_win,2,0.467222043094715,0.2518320199245454,0.2809459369807392,0.3363789479960054,0.2689183347990043,0.3947027172049902,0.3676675915490531,0.23976779860696057,-0.12789979294209253,0.36298600789693325,-0.004681583652119847
2021/22,False,0.15,2021/22|2022-03-16|Mainz|Dortmund,2022-03-16,Mainz,Dortmund,0,1,233,19,away_win,2,0.3795640472633505,0.2709430964083115,0.3494928563283383,0.3232811959999554,0.273615090469236,0.4031037135308086,0.28361420497139966,0.23039795424393625,-0.053216250727463416,0.310064628880676,0.02645042390927632
2021/22,False,0.15,2021/22|2022-03-13|Leverkusen|FC Koln,2022-03-13,Leverkusen,FC Koln,0,1,232,18,away_win,2,0.5914985762597386,0.2171078645399369,0.19139355920032447,0.5736822695422945,0.2252332236078292,0.20108450684987642,0.5018574709100084,0.4836886557912516,-0.018168815118756843,0.5147436052413101,0.012886134331301702
2021/22,False,0.15,2021/22|2022-03-13|Greuther Furth|RB Leipzig,2022-03-13,Greuther Furth,RB Leipzig,1,6,231,17,away_win,2,0.18392747282400562,0.21636872157946052,0.599703805596534,0.10072600955506804,0.17239301104380672,0.7268809794011253,0.09703317925666144,0.04236986420688812,-0.05466331504977332,0.19379452589403826,0.09676134663737682
2021/22,False,0.15,2021/22|2022-03-13|Ein Frankfurt|Bochum,2022-03-13,Ein Frankfurt,Bochum,2,1,230,16,home_win,0,0.3819227081858611,0.2826393481565749,0.3354379436575642,0.6166499959449596,0.23705766267470466,0.14629234138033578,0.24726907635075762,0.08417933737777009,-0.16308973897298754,0.15549991205448027,-0.09176916429627735
2021/22,False,0.15,2021/22|2022-03-13|Dortmund|Bielefeld,2022-03-13,Dortmund,Bielefeld,1,0,229,15,home_win,0,0.7185725761529473,0.17570172688125013,0.10572569696580228,0.7222463543282656,0.17257213775985106,0.10518150791188334,0.045189658946046665,0.0441051186452785,-0.0010845403007681623,0.0911032427129159,0.04591358376686923
2021/22,False,0.15,2021/22|2022-03-12|Union Berlin|Stuttgart,2022-03-12,Union Berlin,Stuttgart,1,1,228,14,draw,1,0.5570834186980855,0.24591942115321588,0.19699716014869842,0.45743401082684054,0.2896179831862245,0.25294800598693506,0.17457490824749924,0.13661428399694825,-0.037960624250550995,0.16238412630367893,-0.012190781943820311
2021/22,False,0.15,2021/22|2022-03-12|M'gladbach|Hertha,2022-03-12,M'gladbach,Hertha,2,0,227,13,home_win,0,0.6007732777011843,0.20776266838006693,0.19146405391874868,0.6378433279680493,0.20675853639642278,0.15539813563552793,0.09802022987022863,0.07765301782812789,-0.020367212042100735,0.11515995080342026,0.017139720933191632
2021/22,False,0.15,2021/22|2022-03-12|Freiburg|Wolfsburg,2022-03-12,Freiburg,Wolfsburg,3,2,225,11,home_win,0,0.5332195731060814,0.24545219414075195,0.22132823275316704,0.4864887459161938,0.2708704651777145,0.24264078890609164,0.13343507677245442,0.161284180255847,0.02784910348339259,0.15304836336683672,0.0196132865943823
2021/22,False,0.15,2021/22|2022-03-06|FC Koln|Hoffenheim,2022-03-06,FC Koln,Hoffenheim,0,1,224,10,away_win,2,0.4114741264733162,0.2603839612474069,0.32814191227927675,0.33302497687326543,0.2590194264569843,0.40795559666975023,0.3103521233963628,0.23071110536805517,-0.07964101802830764,0.3244362829938824,0.014084159597519574
2021/22,False,0.15,2021/22|2022-03-05|Wolfsburg|Union Berlin,2022-03-05,Wolfsburg,Union Berlin,1,0,223,9,home_win,0,0.38807243384182943,0.27132624202609845,0.34060132413207234,0.4167464355886946,0.3014761448939493,0.281777419517356,0.24523230411239155,0.20979161727417642,-0.035440686838215135,0.2590305737021342,0.013798269589742673
2021/22,False,0.15,2021/22|2022-03-05|Stuttgart|M'gladbach,2022-03-05,Stuttgart,M'gladbach,3,2,222,8,home_win,0,0.40427755794947307,0.24596607701960596,0.3497563650309211,0.3410474756779832,0.2782483654256634,0.38070415889635334,0.23860737142114313,0.289577042955669,0.05096967153452586,0.2554950222302868,0.016887650809143673
2021/22,False,0.15,2021/22|2022-03-05|RB Leipzig|Freiburg,2022-03-05,RB Leipzig,Freiburg,1,1,221,7,draw,1,0.5657798840862029,0.21530225180071486,0.21891786411308178,0.6259249655942718,0.2277426518007327,0.14633238260499565,0.1840159542322156,0.20659761437652258,0.022581660144306986,0.14323932078050566,-0.040776633451709926
2021/22,False,0.15,2021/22|2022-03-05|Hertha|Ein Frankfurt,2022-03-05,Hertha,Ein Frankfurt,1,4,220,6,away_win,2,0.3464552488615959,0.2601482046133678,0.3933965465250363,0.2911165043353683,0.2622389958624229,0.4466444998022089,0.24399949461575138,0.19547556434779612,-0.04852393026795526,0.27736254709697,0.033363052481218625
2021/22,False,0.15,2021/22|2022-03-05|Bochum|Greuther Furth,2022-03-05,Bochum,Greuther Furth,2,1,219,5,home_win,0,0.5647566232186356,0.2608919669223938,0.17435140985897055,0.5581921283467961,0.25176191355847766,0.19004595809472632,0.10991760557592772,0.11565583082143815,0.005738225245510431,0.11906044504499791,0.009142839469070185
2021/22,False,0.15,2021/22|2022-03-05|Bayern Munich|Leverkusen,2022-03-05,Bayern Munich,Leverkusen,1,1,218,4,draw,1,0.6313804896630038,0.1840625705397599,0.18455693979723625,0.7031634686779475,0.16336120989487665,0.13347532142717575,0.21635129337720754,0.2561272625566454,0.039775969179437876,0.21867136455099756,0.002320071173790017
2021/22,False,0.15,2021/22|2022-03-04|Bielefeld|Augsburg,2022-03-04,Bielefeld,Augsburg,0,1,217,3,away_win,2,0.3530378884219097,0.29084657499259947,0.3561155365854909,0.4086217933120459,0.2880843911551002,0.30329381553285395,0.2696114764439955,0.32618563872216066,0.05657416227816514,0.36395730846778107,0.09434583202378555
2021/22,False,0.15,2021/22|2022-02-27|Bochum|RB Leipzig,2022-02-27,Bochum,RB Leipzig,0,1,216,2,away_win,2,0.27087505022236297,0.23611779895997115,0.4930071508176657,0.20816067269592575,0.26299869937388465,0.5288406279301896,0.16520752097749433,0.13266100977321918,-0.03254651120427515,0.3077518513053023,0.14254433032780797
2021/22,False,0.15,2021/22|2022-04-10|Ein Frankfurt|Freiburg,2022-04-10,Ein Frankfurt,Freiburg,1,2,260,46,away_win,2,0.38140702653656394,0.2863755269977586,0.33221744646567736,0.3995953085772098,0.2845954959343501,0.31580919548844005,0.2957024293481417,0.31389673380754557,0.018194304459403843,0.39598228734919894,0.10027985800105721
2021/22,False,0.15,2021/22|2022-03-19|Bayern Munich|Union Berlin,2022-03-19,Bayern Munich,Union Berlin,4,0,235,21,home_win,0,0.6834780711135622,0.17093776861901566,0.14558416026742219,0.8507853403141362,0.09947643979057591,0.049738219895287955,0.06069043959338083,0.012369452591760075,-0.048320987001620755,0.057328298433652794,-0.0033621411597280354
2021/22,False,0.15,2021/22|2022-03-19|Greuther Furth|Freiburg,2022-03-19,Greuther Furth,Freiburg,0,0,236,22,draw,1,0.21905214599422784,0.25894505767572773,0.5220027963300442,0.1933808417478331,0.24537016352426058,0.5612489947279063,0.1602353810205312,0.17619829201909296,0.015962910998561758,0.13715159274851887,-0.023083788272012323
2021/22,False,0.15,2021/22|2022-03-12|Hoffenheim|Bayern Munich,2022-03-12,Hoffenheim,Bayern Munich,1,1,226,12,draw,1,0.27939703929386744,0.20332588756440542,0.5172770731417271,0.15342413139988928,0.17362588535645834,0.6729499832436523,0.17281913798212528,0.23820032202172126,0.06538118403959597,0.14514540240918647,-0.027673735572938812
2021/22,False,0.15,2021/22|2022-03-19|Mainz|Bielefeld,2022-03-19,Mainz,Bielefeld,4,0,238,24,home_win,0,0.5935911207196753,0.26326249078039554,0.1431463884999292,0.6549219768853711,0.22279309259342536,0.12228493052120337,0.09282953284923107,0.06701622313463795,-0.025813309714593113,0.14628900933421313,0.05345947648498206
2021/22,False,0.15,2021/22|2022-03-19|Hertha|Hoffenheim,2022-03-19,Hertha,Hoffenheim,3,0,237,23,home_win,0,0.22190944033729693,0.21504190576388785,0.5630486538988153,0.27254812529811745,0.2637325525121945,0.463719322189688,0.4612243528467431,0.37211091988967354,-0.08911343295706958,0.3524276351374643,-0.10879671770927885
2021/22,False,0.15,2021/22|2022-04-09|Hertha|Union Berlin,2022-04-09,Hertha,Union Berlin,1,4,257,43,away_win,2,0.22955947352052208,0.262484523851905,0.5079560026275731,0.2693284936479129,0.3074410163339383,0.4232304900181488,0.14740242361662814,0.20260045256767928,0.05519802895105114,0.3170074067573577,0.16960498314072958
2021/22,False,0.15,2021/22|2022-04-09|Greuther Furth|M'gladbach,2022-04-09,Greuther Furth,M'gladbach,0,2,256,42,away_win,2,0.2929843683418071,0.27583188998367464,0.4311837416745185,0.2040914533519403,0.23728108290189176,0.558627463746168,0.20469588791402438,0.11823151854522375,-0.08646436936880063,0.23038902011269777,0.02569313219867339
2021/22,False,0.15,2021/22|2022-04-09|FC Koln|Mainz,2022-04-09,FC Koln,Mainz,3,2,255,41,home_win,0,0.3178025944314706,0.2928443003044791,0.38935310526405004,0.35426606523354043,0.2927468083965783,0.3529871263698814,0.30849457037159556,0.2707861129459204,-0.037708457425675135,0.25297757128299764,-0.05551699908859792
2021/22,False,0.15,2021/22|2022-04-09|Bayern Munich|Augsburg,2022-04-09,Bayern Munich,Augsburg,1,0,254,40,home_win,0,0.8087484777038367,0.10537295957164193,0.08587856272452153,0.8370965965414693,0.10221390020927414,0.060689503249256524,0.02197613615811469,0.015110367331507182,-0.006865768826607506,0.04930620059197708,0.02733006443386239
2021/22,False,0.15,2021/22|2022-04-08|Stuttgart|Dortmund,2022-04-08,Stuttgart,Dortmund,0,2,253,39,away_win,2,0.30346751666666877,0.2505832726705765,0.4459492106627545,0.2556695966221419,0.2510688583795841,0.49326154499827385,0.1995324054185297,0.1610754022072325,-0.03845700321129722,0.2104071555570294,0.0108747501384997
2021/22,False,0.15,2021/22|2022-04-06|Augsburg|Mainz,2022-04-06,Augsburg,Mainz,2,1,252,38,home_win,0,0.2633700908037131,0.26706652382557144,0.46956338537071574,0.2958041983737089,0.28216481170518054,0.4220309899211106,0.38155669800166847,0.3370009417409436,-0.04455575626072489,0.2614724995945138,-0.12008419840715467
2021/22,False,0.15,2021/22|2022-04-03|M'gladbach|Mainz,2022-04-03,M'gladbach,Mainz,1,1,251,37,draw,1,0.311797918347976,0.2585434796569539,0.42965860199507017,0.4017630965650015,0.27814368223730873,0.3200932211976898,0.14091222807724457,0.13193662800910594,-0.008975600068138634,0.13796715150107108,-0.0029450765761734887
2021/22,False,0.15,2021/22|2022-04-03|Augsburg|Wolfsburg,2022-04-03,Augsburg,Wolfsburg,3,0,250,36,home_win,0,0.3307124192443097,0.28028141975564497,0.38900616100004537,0.36369315389918827,0.2869016375333772,0.3494052085674344,0.29963582952489887,0.2634852010844072,-0.03615062844049166,0.16846697396526472,-0.13116885555963415
2021/22,False,0.15,2021/22|2022-04-02|Leverkusen|Hertha,2022-04-02,Leverkusen,Hertha,2,1,249,35,home_win,0,0.7337352724590402,0.1567466964257274,0.10951803111523227,0.6665555160215272,0.20316723452848218,0.13027724944999058,0.041445552135909274,0.06407869280996255,0.022633140674053275,0.04076154700432724,-0.0006840051315820314
2021/22,False,0.15,2021/22|2022-04-09|Wolfsburg|Bielefeld,2022-04-09,Wolfsburg,Bielefeld,4,0,258,44,home_win,0,0.6308398016166168,0.22720507877224988,0.14195511961113344,0.5802490782043679,0.25254364025475085,0.1672072815408813,0.078215254027135,0.10207455567428719,0.023859301647152192,0.2135951069270942,0.1353798528999592
2021/22,False,0.15,2021/22|2022-03-19|Stuttgart|Augsburg,2022-03-19,Stuttgart,Augsburg,3,2,239,25,home_win,0,0.48237587445652735,0.26624554648781174,0.2513785790556605,0.5196940395796134,0.2706439873711006,0.2096619730492861,0.1655629626763439,0.13732597927913479,-0.02823698339720912,0.21418564404493343,0.04862268136858952
2021/22,False,0.15,2021/22|2022-04-02|Freiburg|Bayern Munich,2022-04-02,Freiburg,Bayern Munich,1,4,247,33,away_win,2,0.24715389690930364,0.20276953513936433,0.5500765679513318,0.15503693537402924,0.19812022167472298,0.6468428429512478,0.13175807173195353,0.07437821445246398,-0.05737985727948955,0.19350034392384086,0.061742272191887326
2021/22,False,0.15,2021/22|2022-04-02|Ein Frankfurt|Greuther Furth,2022-04-02,Ein Frankfurt,Greuther Furth,0,0,246,32,draw,1,0.5275184962925329,0.2848928614535914,0.18758864225387584,0.7490924185047957,0.1654673321697237,0.08544024932548067,0.15673263131669382,0.2842197438330822,0.12748711251638836,0.200157434567947,0.04342480325125317
2021/22,False,0.15,2021/22|2022-04-02|Dortmund|RB Leipzig,2022-04-02,Dortmund,RB Leipzig,1,4,245,31,away_win,2,0.38898267387200347,0.2611902353431716,0.3498270907848253,0.4160796296635134,0.25799132710006767,0.3259290432364188,0.2870161662249689,0.31374695648654805,0.02673079026157915,0.4071174403565565,0.12010127413158761
2021/22,False,0.15,2021/22|2022-04-02|Bielefeld|Stuttgart,2022-04-02,Bielefeld,Stuttgart,1,1,244,30,draw,1,0.2432486301132223,0.27994835927228867,0.47680301061448904,0.2782508899788745,0.29590426970563083,0.42584484031549485,0.1432555034914999,0.12938369289868243,-0.013871810592817474,0.1333754980435316,-0.009880005447968299
2021/22,False,0.15,2021/22|2022-04-01|Union Berlin|FC Koln,2022-04-01,Union Berlin,FC Koln,1,0,243,29,home_win,0,0.5048639903768823,0.26498494176148046,0.23015106786163683,0.42089225489616,0.29770427785338144,0.28140346725045856,0.149064591031678,0.20727684590991702,0.05821225487823903,0.19949270634861868,0.05042811531694069
2021/22,False,0.15,2021/22|2022-03-20|Wolfsburg|Leverkusen,2022-03-20,Wolfsburg,Leverkusen,0,2,242,28,away_win,2,0.2694390539473315,0.24086662559133074,0.48969432046133804,0.30396136258541845,0.2741612289986127,0.4218774084159687,0.16650464518072441,0.21330912042231032,0.0468044752415859,0.24403047075091822,0.0775258255701938
2021/22,False,0.15,2021/22|2022-03-20|RB Leipzig|Ein Frankfurt,2022-03-20,RB Leipzig,Ein Frankfurt,0,0,241,27,draw,1,0.6610356641592926,0.19159793956361262,0.1473663962770949,0.6831499473956107,0.19192621311900263,0.12492383948538661,0.2293425020211074,0.24114990814919818,0.01180740612809078,0.16648872870567347,-0.06285377331543393
2021/22,False,0.15,2021/22|2022-03-20|FC Koln|Dortmund,2022-03-20,FC Koln,Dortmund,1,1,240,26,draw,1,0.32300141038418767,0.26161050266392516,0.41538808695188734,0.26493779859826894,0.24379563013157413,0.4912665712701568,0.13843858694586147,0.15576744058681655,0.017328853640955072,0.14101955337870456,0.002580966432843085
2021/22,False,0.15,2021/22|2022-04-02|Hoffenheim|Bochum,2022-04-02,Hoffenheim,Bochum,1,2,248,34,away_win,2,0.49344775737486557,0.2480576891844141,0.25849455344072064,0.6595261827458706,0.20043095492071633,0.14004286233341298,0.39666050826768046,0.5872505321755243,0.1905900239078438,0.43891191910629296,0.0422514108386125
2022/23,False,0.15,2022/23|2023-05-06|Hoffenheim|Ein Frankfurt,2023-05-06,Hoffenheim,Ein Frankfurt,3,1,276,63,home_win,0,0.3546515527884804,0.32556856232324305,0.31977988488827663,0.38673424416042307,0.250881445570736,0.3623843102688408,0.25936689654873946,0.2537086378072555,-0.005658258741483957,0.22148120701298582,-0.037885689535753636
2022/23,False,0.15,2022/23|2023-05-06|M'gladbach|Bochum,2023-05-06,M'gladbach,Bochum,2,0,277,64,home_win,0,0.5099263244063518,0.23531357185970506,0.2547601037339432,0.45970209662843725,0.2556567795870943,0.28464112378446843,0.15253745898219895,0.18647119686849575,0.033933737886296805,0.1298420258882751,-0.022695433093923856
2022/23,False,0.15,2022/23|2023-05-06|Werder Bremen|Bayern Munich,2023-05-06,Werder Bremen,Bayern Munich,1,2,278,65,away_win,2,0.1405992329651817,0.16304273719275633,0.6963580298420624,0.09257283804865708,0.1389256651347135,0.7685014968166294,0.055983295175895786,0.03108064366026196,-0.024902651515633825,0.23163777997020157,0.1756544847943058
2022/23,False,0.15,2022/23|2023-05-13|Dortmund|M'gladbach,2023-05-13,Dortmund,M'gladbach,5,2,283,70,home_win,0,0.7610726342466825,0.1389547589456294,0.09997260680768828,0.7873232752436345,0.12511726467050005,0.08755946008586533,0.033540404108872095,0.02644902415181154,-0.007091379957060554,0.0691562198699186,0.035615815761046506
2022/23,False,0.15,2022/23|2023-05-12|FC Koln|Hertha,2023-05-12,FC Koln,Hertha,5,2,280,67,home_win,0,0.6152993007293026,0.23502334556484344,0.14967735370585417,0.5051137121678041,0.24932722876825109,0.245559059063945,0.08519896911587543,0.1526058446863505,0.06740687557047506,0.11601055486496552,0.030811585749090084
2022/23,False,0.15,2022/23|2023-05-13|Bayern Munich|Schalke 04,2023-05-13,Bayern Munich,Schalke 04,6,0,281,68,home_win,0,0.8280135284241711,0.10183681342204318,0.07014965815378596,0.8462946020128088,0.10155535224153704,0.05215004574565416,0.0172501604720982,0.01317248832083733,-0.004077672151260871,0.06948705981158906,0.05223689933949086
2022/23,False,0.15,2022/23|2023-05-13|Bochum|Augsburg,2023-05-13,Bochum,Augsburg,3,2,282,69,home_win,0,0.4464307150100765,0.2603912247401529,0.2931780602497705,0.4220056319943972,0.263186308125538,0.31480805988006483,0.19619616414803667,0.2165908020058233,0.02039463785778664,0.23600356960219543,0.039807405454158756
2022/23,False,0.15,2022/23|2023-05-06|Hertha|Stuttgart,2023-05-06,Hertha,Stuttgart,2,1,275,62,home_win,0,0.3118434085412379,0.28383529053178286,0.4043213009269794,0.3239576980857045,0.2717645133941188,0.4042777885201767,0.3185176043757133,0.3102368621341721,-0.008280742241541184,0.23065941868219092,-0.08785818569352238
2022/23,False,0.15,2022/23|2023-05-07|Dortmund|Wolfsburg,2023-05-07,Dortmund,Wolfsburg,6,0,279,66,home_win,0,0.6461435245540676,0.19366824184242093,0.16018823360351173,0.6306112398081096,0.18820568009776914,0.18118308009412104,0.07543733770001544,0.08463768233424732,0.009200344634231875,0.1428598657106519,0.06742252801063646
2022/23,False,0.15,2022/23|2023-05-06|Freiburg|RB Leipzig,2023-05-06,Freiburg,RB Leipzig,0,1,274,61,away_win,2,0.2071392207215648,0.2345822670549511,0.558278512223484,0.23242338719748248,0.24709658083368718,0.5204800319688304,0.1190122647623179,0.14198001532848242,0.022967750566164527,0.37051130877853294,0.25149904401621503
2022/23,False,0.15,2022/23|2023-04-29|Union Berlin|Leverkusen,2023-04-29,Union Berlin,Leverkusen,0,0,268,55,draw,1,0.30133363764921556,0.30667486832456886,0.39199149402621547,0.331939432128468,0.2985430868228599,0.36951748104867194,0.12222964628390667,0.12336347770116278,0.0011338314172561065,0.1247389188877405,0.002509272603833823
2022/23,False,0.15,2022/23|2023-05-05|Mainz|Schalke 04,2023-05-05,Mainz,Schalke 04,2,3,272,59,away_win,2,0.646198193886752,0.204704655413715,0.14909715069953303,0.5777472549496419,0.23302932240212285,0.18922342264823538,0.5708038823650767,0.49557527449204425,-0.07522860787303248,0.5149338901644563,-0.05586999220062039
2022/23,False,0.15,2022/23|2023-05-05|Leverkusen|FC Koln,2023-05-05,Leverkusen,FC Koln,1,2,271,58,away_win,2,0.48812216221714805,0.275373947804891,0.23650388997796065,0.6019675618186653,0.22573783568199945,0.17229460249933531,0.41059477763316465,0.523730585266821,0.11313580763365638,0.49657086314460774,0.08597608551144309
2022/23,False,0.15,2022/23|2023-04-30|Wolfsburg|Mainz,2023-04-30,Wolfsburg,Mainz,3,0,270,57,home_win,0,0.4622915312791193,0.25161243420054435,0.28609603452033655,0.429091925199865,0.26228675320527944,0.30862132159485556,0.18549066915120785,0.21059157500747588,0.025100905856268035,0.19254326197611712,0.007052592824909276
2022/23,False,0.15,2022/23|2023-04-30|Bayern Munich|Hertha,2023-04-30,Bayern Munich,Hertha,2,0,269,56,home_win,0,0.8152427872101066,0.10852882356294062,0.07622838922695266,0.8939096267190569,0.06895874263261297,0.03713163064833006,0.019972997501012894,0.006316962648746924,-0.01365603485226597,0.034470520600522955,0.014497523099510062
2022/23,False,0.15,2022/23|2023-04-29|Stuttgart|M'gladbach,2023-04-29,Stuttgart,M'gladbach,2,1,267,54,home_win,0,0.5162395462580741,0.26290227398230753,0.22085817975961866,0.5676811120286875,0.22974388533866885,0.20257500263264366,0.14140125608566295,0.11396812629418389,-0.027433129791479063,0.19056043600458483,0.04915917991892188
2022/23,False,0.15,2022/23|2023-04-29|Schalke 04|Werder Bremen,2023-04-29,Schalke 04,Werder Bremen,2,1,266,53,home_win,0,0.4075446664579257,0.28264879276217497,0.30980654077989955,0.39150699119627136,0.25893319523562924,0.3495598135680994,0.22349170747622898,0.24622790251238946,0.022736195036160478,0.281725890626882,0.05823418315065304
2022/23,False,0.15,2022/23|2023-04-29|RB Leipzig|Hoffenheim,2023-04-29,RB Leipzig,Hoffenheim,1,0,265,52,home_win,0,0.6875717417066403,0.19429938750763665,0.11812887078572304,0.695400538245399,0.17962375526633922,0.1249757064882617,0.05578292334666619,0.054199879656716375,-0.0015830436899498118,0.09474748585573191,0.03896456250906572
2022/23,False,0.15,2022/23|2023-04-29|FC Koln|Freiburg,2023-04-29,FC Koln,Freiburg,0,1,264,51,away_win,2,0.5429363275284601,0.26465905244225346,0.1924046200292865,0.3868069708439047,0.2869858170777357,0.32620721207835957,0.4734950767500663,0.301808176874327,-0.17168689987573932,0.28774213217270983,-0.18575294457735647
2022/23,False,0.15,2022/23|2023-04-29|Ein Frankfurt|Augsburg,2023-04-29,Ein Frankfurt,Augsburg,1,1,263,50,draw,1,0.6205022170939765,0.22947161663267882,0.15002616627334484,0.6068309260832626,0.2180798640611725,0.17508920985556503,0.2037654259926088,0.19945000212945807,-0.00431542386315073,0.17109947625261857,-0.032665949739990235
2022/23,False,0.15,2022/23|2023-05-06|Augsburg|Union Berlin,2023-05-06,Augsburg,Union Berlin,1,0,273,60,home_win,0,0.32023288468414196,0.3416264571456061,0.3381406581702522,0.2921401074022591,0.2983748048163317,0.4094850877814092,0.2882112178863271,0.33437183233191675,0.046160614445589665,0.31296697826115816,0.02475576037483107
2022/23,False,0.15,2022/23|2023-05-13|Ein Frankfurt|Mainz,2023-05-13,Ein Frankfurt,Mainz,3,0,284,71,home_win,0,0.44548586754156494,0.2786578517179531,0.275856280740482,0.46351759424055505,0.25942231401792337,0.2770600917415216,0.19179130536005123,0.18228783306263102,-0.009503472297420212,0.2369381402598725,0.04514683489982127
2022/23,False,0.15,2022/23|2023-05-27|Wolfsburg|Hertha,2023-05-27,Wolfsburg,Hertha,1,2,306,93,away_win,2,0.5760206609106551,0.23079017641543836,0.19318916267390682,0.7762765240453531,0.13731567615067586,0.08640779980397108,0.49137176451138986,0.7186279750214783,0.22725621051008849,0.6179967061763312,0.12662494166494132
2022/23,False,0.15,2022/23|2023-05-13|Wolfsburg|Hoffenheim,2023-05-13,Wolfsburg,Hoffenheim,2,1,286,73,home_win,0,0.4761554972179774,0.2653524782592903,0.2584920245227323,0.4934167411379208,0.24182305630026807,0.26476020256181115,0.17061559491840267,0.16336228150994783,-0.007253313408454837,0.08519970502284738,-0.08541588989555529
2022/23,False,0.15,2022/23|2023-04-28|Bochum|Dortmund,2023-04-28,Bochum,Dortmund,1,1,262,49,draw,1,0.22048645284049356,0.19441043412828665,0.5851031130312198,0.15532506497670112,0.18897382179950678,0.655701113223792,0.19547996438250376,0.22703491284646832,0.03155494846396456,0.1825845263871485,-0.012895437995355252
2022/23,False,0.15,2022/23|2023-05-27|Union Berlin|Werder Bremen,2023-05-27,Union Berlin,Werder Bremen,1,0,305,92,home_win,0,0.40473701126409434,0.3143443654301493,0.2809186233057565,0.6472201446023435,0.2056843679880329,0.14709548740962353,0.2166266493394022,0.0730453543953331,-0.1435812949440691,0.12162286137290046,-0.09500378796650175
2022/23,False,0.15,2022/23|2023-05-27|Stuttgart|Hoffenheim,2023-05-27,Stuttgart,Hoffenheim,1,1,304,91,draw,1,0.4716027839952363,0.2805993163602393,0.24779789964452448,0.6296362961379667,0.2012239709306904,0.16913973293134288,0.14190649247014764,0.21252505733521165,0.07061856486506402,0.15968082947355633,0.01777433700340869
2022/23,False,0.15,2022/23|2023-05-27|RB Leipzig|Schalke 04,2023-05-27,RB Leipzig,Schalke 04,4,2,303,90,home_win,0,0.8295167520442935,0.10182109086613318,0.06866215708957336,0.6183952285674719,0.19417610177018618,0.18742866966234187,0.016889514824860064,0.09037585389573367,0.07348633907087361,0.0947464680855515,0.07785695326069143
2022/23,False,0.15,2022/23|2023-05-27|M'gladbach|Augsburg,2023-05-27,M'gladbach,Augsburg,2,0,302,89,home_win,0,0.6027802242326601,0.2235835414496328,0.17363623431770717,0.4902623694226254,0.24451372580775774,0.265223904769617,0.09396654606434475,0.16508808584393944,0.07112153977959469,0.11703345701291953,0.023066910948574784
2022/23,False,0.15,2022/23|2023-05-27|FC Koln|Bayern Munich,2023-05-27,FC Koln,Bayern Munich,1,2,301,88,away_win,2,0.24372174263882693,0.2433714625964154,0.5129067947647574,0.16451457079184406,0.17963539531315326,0.6558500338950026,0.14833003921062426,0.07275212158644774,-0.07557791762417652,0.2484382421957024,0.10010820298507814
2022/23,False,0.15,2022/23|2023-05-27|Ein Frankfurt|Freiburg,2023-05-27,Ein Frankfurt,Freiburg,2,1,300,87,home_win,0,0.4800602621593041,0.28410059870130694,0.23583913913938906,0.4887607453681456,0.2456084147578621,0.26563083987399216,0.16297871526792984,0.16596265928434828,0.0029839440164184383,0.19563978814060462,0.03266107287267478
2022/23,False,0.15,2022/23|2023-05-27|Dortmund|Mainz,2023-05-27,Dortmund,Mainz,2,2,299,86,draw,1,0.7397845037514432,0.1467960132323066,0.11341948301625016,0.794226909774115,0.12502668773218326,0.08074640249370169,0.2800725455592213,0.3186581828625076,0.03858563730328629,0.27054973611042704,-0.009522809448794245
2022/23,False,0.15,2022/23|2023-05-27|Bochum|Leverkusen,2023-05-27,Bochum,Leverkusen,3,0,298,85,home_win,0,0.2568195734300511,0.23331073523510917,0.5098696913348395,0.21788486041932117,0.21128228889146297,0.5708328506892157,0.406142124289288,0.46877711749364065,0.06263499320435267,0.3247531003965954,-0.08138902389269259
2022/23,False,0.15,2022/23|2023-05-13|Union Berlin|Freiburg,2023-05-13,Union Berlin,Freiburg,4,2,285,72,home_win,0,0.3966800296484706,0.3372415915030398,0.2660783788484894,0.4612868047982552,0.3075245365321701,0.2311886586695747,0.21739634515780534,0.17183005129095513,-0.04556629386685021,0.21923190849045682,0.0018355633326514742
2022/23,False,0.15,2022/23|2023-05-21|Mainz|Stuttgart,2023-05-21,Mainz,Stuttgart,1,4,297,84,away_win,2,0.47420458371373087,0.25770109552438325,0.2680943207618857,0.35210659148268575,0.28128055296605353,0.3666128555512608,0.38027795525805896,0.2625791632592416,-0.11769879199881739,0.48409809913498314,0.10382014387692418
2022/23,False,0.15,2022/23|2023-05-21|Augsburg|Dortmund,2023-05-21,Augsburg,Dortmund,0,3,295,82,away_win,2,0.17783863767293168,0.18697426847704796,0.6351870938500205,0.15190101507598056,0.172983362364106,0.6751156225599135,0.08235751877147907,0.06431188854287295,-0.018045630228606113,0.18262942405208585,0.10027190528060678
2022/23,False,0.15,2022/23|2023-05-20|Werder Bremen|FC Koln,2023-05-20,Werder Bremen,FC Koln,1,1,294,81,draw,1,0.2847182739266862,0.27789056031575804,0.43739116575755577,0.3879544221378187,0.2539338035811177,0.35811177428106344,0.13618776369527258,0.13937633826751014,0.0031885745722375625,0.14757266363842744,0.011384899943154864
2022/23,False,0.15,2022/23|2023-05-20|Schalke 04|Ein Frankfurt,2023-05-20,Schalke 04,Ein Frankfurt,2,2,293,80,draw,1,0.2901616822443963,0.28338721312976667,0.42645110462583735,0.3458063179852869,0.2595840530234382,0.39460962899127494,0.1330271732397473,0.1376493844255865,0.004622211185839192,0.133310245602888,0.00028307236314070727
2022/23,False,0.15,2022/23|2023-05-20|Hoffenheim|Union Berlin,2023-05-20,Hoffenheim,Union Berlin,4,2,292,79,home_win,0,0.43363780142100755,0.3354000126616069,0.2309621859173855,0.423537886500373,0.2844106156441459,0.29205149785548107,0.1870548356514835,0.2088013228500435,0.021746487198559983,0.26463943173328136,0.07758459608179785
2022/23,False,0.15,2022/23|2023-05-20|Hertha|Bochum,2023-05-20,Hertha,Bochum,1,1,291,78,draw,1,0.5009647388188032,0.24028021798587987,0.25875504319531684,0.39948783610755434,0.25096030729833546,0.3495518565941101,0.15895992095940104,0.14088851582314282,-0.018071405136258212,0.15453623017576348,-0.004423690783637552
2022/23,False,0.15,2022/23|2023-05-20|Bayern Munich|RB Leipzig,2023-05-20,Bayern Munich,RB Leipzig,1,3,290,77,away_win,2,0.4448817889910305,0.28554922298447144,0.26956898802449814,0.626565423679727,0.2057772759874472,0.16765730033282575,0.3657246347157079,0.5426892999200978,0.17696466520438997,0.43837136580570213,0.07264673108999425
2022/23,False,0.15,2022/23|2023-05-19|Freiburg|Wolfsburg,2023-05-19,Freiburg,Wolfsburg,2,0,289,76,home_win,0,0.4146126401468888,0.2695271019008227,0.31586025795228867,0.43841630113413876,0.25795998721085206,0.3036237116550091,0.22122303181474107,0.20378180455551323,-0.017441227259227837,0.18008006655499942,-0.04114296525974165
2022/23,False,0.15,2022/23|2023-05-14|Stuttgart|Leverkusen,2023-05-14,Stuttgart,Leverkusen,1,1,288,75,draw,1,0.35452448899336375,0.28836318456489546,0.3571123264417409,0.3693612278402844,0.2734098474236742,0.35722892473604145,0.12660841349631907,0.1320201106498754,0.005411697153556327,0.13608010975088017,0.009471696254561096
2022/23,False,0.15,2022/23|2023-05-14|RB Leipzig|Werder Bremen,2023-05-14,RB Leipzig,Werder Bremen,2,1,287,74,home_win,0,0.7893733931767378,0.1340101570057655,0.07661644981749693,0.7819460726846426,0.13373974208675266,0.08431418522860493,0.02511682394225903,0.027328198524207332,0.0022113745819483006,0.12649610084769314,0.10137927690543411
2022/23,False,0.15,2022/23|2023-05-21|Leverkusen|M'gladbach,2023-05-21,Leverkusen,M'gladbach,2,2,296,83,draw,1,0.6418903746083414,0.20113363558884859,0.15697598980281016,0.7469887401186065,0.15790005888685993,0.09511120099453364,0.2183323571947044,0.2835191592093028,0.06518680201459842,0.2041822814747718,-0.014150075719932598
2022/23,False,0.15,2022/23|2023-04-23|M'gladbach|Union Berlin,2023-04-23,M'gladbach,Union Berlin,0,1,261,48,away_win,2,0.45594537986467903,0.30247938730991736,0.24157523282540347,0.3850579074391706,0.2910854419331826,0.32385665062764685,0.3915471584418936,0.3027197104909485,-0.0888274479509451,0.35031498619515966,-0.04123217224673392
2022/23,False,0.15,2022/23|2023-04-23|Leverkusen|RB Leipzig,2023-04-23,Leverkusen,RB Leipzig,2,0,260,47,home_win,0,0.3230192342611002,0.2705075168290868,0.40647324890981296,0.35989103497852853,0.27888991884376,0.36121904617771133,0.3117617296298629,0.2701093432111975,-0.04165238641866542,0.154603053919048,-0.15715867571081493
2022/23,False,0.15,2022/23|2023-04-23|Freiburg|Schalke 04,2023-04-23,Freiburg,Schalke 04,4,0,259,46,home_win,0,0.4689160572877798,0.2759761939623884,0.25510774874983166,0.5301915731857689,0.2694896394093411,0.2003187874048901,0.17356505883948206,0.1304237872465141,-0.04314127159296796,0.13188302206324956,-0.0416820367762325
2022/23,False,0.15,2022/23|2023-04-02|Werder Bremen|Hoffenheim,2023-04-02,Werder Bremen,Hoffenheim,1,2,234,21,away_win,2,0.36198930708416316,0.2788192524177538,0.3591914404980831,0.448323236925092,0.25993208949380336,0.2917446735811047,0.2708359341870972,0.35130966608386405,0.08047373189676682,0.48836126262270707,0.21752532843560984
2022/23,False,0.15,2022/23|2023-04-02|FC Koln|M'gladbach,2023-04-02,FC Koln,M'gladbach,0,0,233,20,draw,1,0.513176087062586,0.26241597048027027,0.22440794245714346,0.43563678730066263,0.2756571761450521,0.28870603655428534,0.15685431048535778,0.13656529299626355,-0.02028901748909423,0.14730438672383644,-0.009549923761521334
2022/23,False,0.15,2022/23|2023-04-01|Wolfsburg|Augsburg,2023-04-01,Wolfsburg,Augsburg,2,2,232,19,draw,1,0.6419365598179091,0.21360428211697544,0.14445915806511544,0.6088766072364591,0.2199102870379988,0.17121310572554208,0.216475497589867,0.20002232520598345,-0.016453172383883552,0.20408543008078353,-0.012390067509083474
2022/23,False,0.15,2022/23|2023-04-01|Union Berlin|Stuttgart,2023-04-01,Union Berlin,Stuttgart,3,0,231,18,home_win,0,0.40690489708731364,0.3383628852818349,0.2547322176308516,0.4455410645047585,0.3063094818470215,0.2481494536482199,0.20832515189907072,0.18450143124821325,-0.02382372065085747,0.10780791353444577,-0.10051723836462495
2022/23,False,0.15,2022/23|2023-04-01|Schalke 04|Leverkusen,2023-04-01,Schalke 04,Leverkusen,0,3,230,17,away_win,2,0.31248466151957427,0.2783565162329057,0.40915882224751987,0.22215432198845142,0.2579100308045346,0.519935647207014,0.2233699805064703,0.13990716280034857,-0.08346281770612174,0.28591445192973935,0.06254447142326905
2022/23,False,0.15,2022/23|2023-04-01|RB Leipzig|Mainz,2023-04-01,RB Leipzig,Mainz,0,3,229,16,away_win,2,0.7231708950884602,0.16682233915275047,0.11000676575878915,0.6388296174330885,0.21528839530234042,0.14588198726457097,0.6575320502490876,0.5688104298944123,-0.08872162035467523,0.42920390940287234,-0.22832814084621522
2022/23,False,0.15,2022/23|2023-04-01|Freiburg|Hertha,2023-04-01,Freiburg,Hertha,1,1,228,15,draw,1,0.5042500733216879,0.26994247448718295,0.22580745219112894,0.5191092386397833,0.2788358196122265,0.20205494174799019,0.15262857095498833,0.1551503005629796,0.0025217296079912688,0.20592189449528842,0.053293323540300086
2022/23,False,0.15,2022/23|2023-04-01|Bayern Munich|Dortmund,2023-04-01,Bayern Munich,Dortmund,4,2,227,14,home_win,0,0.6250421872948866,0.20149186282480727,0.17346594988030611,0.6330871215078783,0.1961678404672299,0.17074503802489188,0.08534189853823991,0.08188946420674813,-0.0034524343314917827,0.1714031025306867,0.08606120399244678
2022/23,False,0.15,2022/23|2023-03-31|Ein Frankfurt|Bochum,2023-03-31,Ein Frankfurt,Bochum,1,1,226,13,draw,1,0.6227234237507573,0.2294866521181562,0.14778992413108674,0.6239670629397361,0.2227433908892422,0.1532895461710218,0.20481316208126876,0.20641629029947922,0.001603128218210459,0.22702236307975765,0.022209200998488887
2022/23,False,0.15,2022/23|2023-04-08|Augsburg|FC Koln,2023-04-08,Augsburg,FC Koln,1,3,235,22,away_win,2,0.2889840001370417,0.28941997064249403,0.42159602922046463,0.25922769753012515,0.2840954708397011,0.4566768316301737,0.2090314528743698,0.18119953222709834,-0.02783192064727147,0.4397636868523529,0.2307322339779831
2022/23,False,0.15,2022/23|2023-03-19|Union Berlin|Ein Frankfurt,2023-03-19,Union Berlin,Ein Frankfurt,2,0,225,12,home_win,0,0.38306355305340833,0.34886013854907394,0.26807630839751784,0.41094339622641507,0.3196226415094339,0.2694339622641509,0.2262377433475629,0.2097911712353151,-0.016446572112247787,0.2323475558572905,0.0061098125097276135
2022/23,False,0.15,2022/23|2023-03-19|Leverkusen|Bayern Munich,2023-03-19,Leverkusen,Bayern Munich,2,1,223,10,home_win,0,0.27417231316290447,0.2408833579634215,0.4849443288736739,0.21957653097597488,0.22207171882797458,0.5583517501960504,0.3809984165430135,0.4604087339752432,0.0794103174322297,0.2365326407209509,-0.14446577582206258
2022/23,False,0.15,2022/23|2023-03-18|Stuttgart|Wolfsburg,2023-03-18,Stuttgart,Wolfsburg,0,1,222,9,away_win,2,0.4460037372533866,0.2733771209951077,0.28061914175150576,0.4767937795026729,0.2800651140345213,0.24314110646280584,0.3582140764291641,0.4000838464493946,0.04186977002023051,0.29086829179622864,-0.06734578463293545
2022/23,False,0.15,2022/23|2023-03-18|Hoffenheim|Hertha,2023-03-18,Hoffenheim,Hertha,3,1,221,8,home_win,0,0.48459982271537294,0.2747522104089439,0.24064796687568307,0.49780002634698983,0.2594915030957713,0.24270847055723885,0.16177439335321242,0.15555610760865912,-0.006218285744553298,0.18910748344007164,0.02733309008685922
2022/23,False,0.15,2022/23|2023-03-18|Dortmund|FC Koln,2023-03-18,Dortmund,FC Koln,6,1,220,7,home_win,0,0.5410159356264113,0.25619370430517735,0.2027903600684115,0.6152174912357528,0.210433869551227,0.1743486392130202,0.1258951507427873,0.08922751352316995,-0.03666763721961734,0.06543148017422654,-0.06046367056856075
2022/23,False,0.15,2022/23|2023-03-18|Bochum|RB Leipzig,2023-03-18,Bochum,RB Leipzig,1,0,219,6,home_win,0,0.15124704472124154,0.18901884788382003,0.6597341073949381,0.16193791891716017,0.22105811153771066,0.6170039695451291,0.5778153357773113,0.5415209750916736,-0.03629436068563763,0.3246542941940563,-0.253161041583255
2022/23,False,0.15,2022/23|2023-03-18|Augsburg|Schalke 04,2023-03-18,Augsburg,Schalke 04,1,1,218,5,draw,1,0.47550087147459147,0.27595576231104085,0.2485433662143676,0.39462598543660105,0.28449780345429376,0.32087621110910514,0.1439374418311326,0.1293456056187718,-0.01459183621236082,0.12991180942326783,-0.01402563240786478
2022/23,False,0.15,2022/23|2023-03-17|M'gladbach|Werder Bremen,2023-03-17,M'gladbach,Werder Bremen,2,2,217,4,draw,1,0.5287432194040913,0.25282631213001644,0.21843046846589217,0.5139907417717895,0.2387732052240587,0.24723605300415188,0.1636406308100161,0.16265607426609308,-0.0009845565439230153,0.13868734448818842,-0.024953286321827667
2022/23,False,0.15,2022/23|2023-03-12|Wolfsburg|Union Berlin,2023-03-12,Wolfsburg,Union Berlin,1,1,216,3,draw,1,0.4740315529803166,0.3065407323899853,0.21942771462969796,0.3511403059554659,0.32120703397237704,0.32765266007215715,0.13642721758427145,0.11532789005942934,-0.021099327524842115,0.15387199981734487,0.017444782233073414
2022/23,False,0.15,2022/23|2023-03-12|Werder Bremen|Leverkusen,2023-03-12,Werder Bremen,Leverkusen,2,3,215,2,away_win,2,0.27701067131216217,0.2678119542471464,0.4551773744406913,0.26664168852254283,0.26737021772615627,0.46598809375130096,0.1867833026710766,0.17813325303676109,-0.00865004963431551,0.3721599721601616,0.18537666948908502
2022/23,False,0.15,2022/23|2023-03-19|Mainz|Freiburg,2023-03-19,Mainz,Freiburg,1,1,224,11,draw,1,0.5735661915549604,0.23226329538168508,0.19417051306335467,0.47073972116153096,0.286297842109937,0.24296243672853213,0.1833401821190739,0.14031331537015096,-0.04302686674892295,0.15391782145638216,-0.029422360662691743
2022/23,False,0.15,2022/23|2023-04-08|Dortmund|Union Berlin,2023-04-08,Dortmund,Union Berlin,2,1,236,23,home_win,0,0.620277397757353,0.2238315817197699,0.15589102052287726,0.5810595168502046,0.23579226770732942,0.18314821544246598,0.08424563246679578,0.10452719862077195,0.020281566153976166,0.12850510877169816,0.04425947630490237
2022/23,False,0.15,2022/23|2023-03-12|Freiburg|Hoffenheim,2023-03-12,Freiburg,Hoffenheim,2,1,214,1,home_win,0,0.5387075677699686,0.24745793879516365,0.2138344934348678,0.5207190331014506,0.25829862327987524,0.2209823436186743,0.12925794930762227,0.13927172071120508,0.01001377140358281,0.0844744855339266,-0.04478346377369567
2022/23,False,0.15,2022/23|2023-04-08|Hertha|RB Leipzig,2023-04-08,Hertha,RB Leipzig,0,1,238,25,away_win,2,0.2187693586732845,0.2454008292402328,0.5358298120864827,0.17791381354496844,0.2519296377846064,0.5701565486704251,0.13165699782099508,0.10820935885051719,-0.023447638970477885,0.2727723411329277,0.14111534331193262
2022/23,False,0.15,2022/23|2023-04-08|Freiburg|Bayern Munich,2023-04-08,Freiburg,Bayern Munich,0,1,237,24,away_win,2,0.1964053208885139,0.21015513239348052,0.5934395467180057,0.15041079608462213,0.19881182618924595,0.6507773777261318,0.10193322612309044,0.07228992374332326,-0.029643302379767186,0.2820076738891454,0.18007444776605494
2022/23,False,0.15,2022/23|2023-04-22|Mainz|Bayern Munich,2023-04-22,Mainz,Bayern Munich,3,1,258,45,home_win,0,0.24270268444955384,0.22534843765675544,0.5319488778936908,0.1556115533831097,0.20770326741540868,0.6366851792014816,0.4282344164161343,0.5591799330974538,0.13094551668131954,0.23645809226551703,-0.19177632415061727
2022/23,False,0.15,2022/23|2023-04-22|Hoffenheim|FC Koln,2023-04-22,Hoffenheim,FC Koln,1,3,257,44,away_win,2,0.3847830513914635,0.31612346386920753,0.29909348473932895,0.4163311399543118,0.2740555122948551,0.3096133477508331,0.3196639698864915,0.3249826738497344,0.00531870396324291,0.41286922017479044,0.09320525028829896
2022/23,False,0.15,2022/23|2023-04-22|Hertha|Werder Bremen,2023-04-22,Hertha,Werder Bremen,2,4,256,43,away_win,2,0.47880069360935196,0.2797053451546816,0.24149396123596648,0.41273745006176205,0.2786859705545231,0.30857657938371486,0.402290757521151,0.32420927463010496,-0.07808148289104605,0.22058397112003889,-0.18170678640111212
2022/23,False,0.15,2022/23|2023-04-22|Dortmund|Ein Frankfurt,2023-04-22,Dortmund,Ein Frankfurt,4,0,255,42,home_win,0,0.5693580903677663,0.2264928445266983,0.2041490651055356,0.6060620994349893,0.20629175054763907,0.1876461500173717,0.11356464755758054,0.09519907355895507,-0.01836557399862547,0.13086317064111253,0.017298523083531983
2022/23,False,0.15,2022/23|2023-04-22|Bochum|Wolfsburg,2023-04-22,Bochum,Wolfsburg,1,5,254,41,away_win,2,0.3159415042266887,0.26133715768944393,0.42272133808386725,0.29911529680365295,0.26093036529680363,0.4399543378995434,0.21653484379835164,0.20156055220973812,-0.01497429158861352,0.27323586475036665,0.05670102095201501
2022/23,False,0.15,2022/23|2023-04-16|Wolfsburg|Leverkusen,2023-04-16,Wolfsburg,Leverkusen,0,0,252,39,draw,1,0.3799787246056304,0.2606801891952261,0.3593410861991434,0.34215189351794617,0.27106770511394074,0.3867804013681131,0.1367549236918509,0.13333349856019733,-0.0034214251316535826,0.13873170460325718,0.0019767809114062673
2022/23,False,0.15,2022/23|2023-04-16|Werder Bremen|Freiburg,2023-04-16,Werder Bremen,Freiburg,1,2,251,38,away_win,2,0.36647308254172145,0.28034086454415047,0.3531860529141279,0.35036040291979703,0.2954846771612746,0.3541549199189284,0.27633540118621824,0.2699341396995241,-0.006401261486694121,0.35711642319203507,0.08078102200581683
2022/23,False,0.15,2022/23|2023-04-16|Union Berlin|Bochum,2023-04-16,Union Berlin,Bochum,1,1,250,37,draw,1,0.5055766355906927,0.2826399713523235,0.21178339305698352,0.5462526613606161,0.2649843533429547,0.18876298529642913,0.15022997001496646,0.16701171733078796,0.016781747315821494,0.189228249581813,0.03899827956684654
2022/23,False,0.15,2022/23|2023-04-15|Stuttgart|Dortmund,2023-04-15,Stuttgart,Dortmund,3,3,249,36,draw,1,0.3307810179176714,0.25244961646284986,0.4167693656194787,0.3331299124309778,0.2604792400391156,0.4063908475299065,0.14155639296675682,0.13806452975617337,-0.0034918632105834513,0.14208055417748716,0.000524161210730345
2022/23,False,0.15,2022/23|2023-04-21|Augsburg|Stuttgart,2023-04-21,Augsburg,Stuttgart,1,1,253,40,draw,1,0.34256084772486134,0.2720708298132352,0.38536832246190356,0.29224252032899434,0.2667608836790548,0.4409965959919509,0.13292833917553862,0.13994184418236527,0.0070135050068266536,0.1574201476167634,0.024491808441224783
2022/23,False,0.15,2022/23|2023-04-15|FC Koln|Mainz,2023-04-15,FC Koln,Mainz,1,1,247,34,draw,1,0.4683821203884418,0.277616822616492,0.2540010569950659,0.3486089381414511,0.2977480596284126,0.35364300223013634,0.1419491738270918,0.12329578238922712,-0.01865339143786468,0.12747641586073907,-0.014472757966352723
2022/23,False,0.15,2022/23|2023-04-15|Ein Frankfurt|M'gladbach,2023-04-15,Ein Frankfurt,M'gladbach,1,1,246,33,draw,1,0.5286516588188591,0.24797220051849936,0.22337614066264166,0.501564580884436,0.24636043645457179,0.2520749826609923,0.16468473829463381,0.15755441284065974,-0.0071303254539740735,0.17102547648843602,0.006340738193802209
2022/23,False,0.15,2022/23|2023-04-15|Bayern Munich|Hoffenheim,2023-04-15,Bayern Munich,Hoffenheim,1,1,245,32,draw,1,0.7133116062274012,0.17078441905532488,0.1159039747172741,0.8195358733958374,0.11377086242436331,0.06669326417979918,0.26112358946698877,0.3380435196348173,0.07691993016782855,0.26044129670807165,-0.0006822927589171246
2022/23,False,0.15,2022/23|2023-04-08|Leverkusen|Ein Frankfurt,2023-04-08,Leverkusen,Ein Frankfurt,3,1,239,26,home_win,0,0.5317345706380024,0.24589732098409187,0.22236810837790588,0.514010842177598,0.24662136367106974,0.23936779415133236,0.13436004397957196,0.1467412011989011,0.012381157219329142,0.15630998545395336,0.021949941474381396
2022/23,False,0.15,2022/23|2023-04-14|Schalke 04|Hertha,2023-04-14,Schalke 04,Hertha,5,2,244,31,home_win,0,0.4032321899749548,0.2899572445439833,0.3068105654810616,0.40808297567954216,0.29148783977110154,0.3004291845493562,0.22513227108644873,0.22031172930468834,-0.00482054178176039,0.18079017724980423,-0.0443420938366445
2022/23,False,0.15,2022/23|2023-04-09|M'gladbach|Wolfsburg,2023-04-09,M'gladbach,Wolfsburg,2,0,243,30,home_win,0,0.39497560550669597,0.26709258183558715,0.3379318126577167,0.3834322365880814,0.2686132426647273,0.3479545207471913,0.24012621396905973,0.2506140776935916,0.010487863724531893,0.2525513306113939,0.012425116642334172
2022/23,False,0.15,2022/23|2023-04-09|Hoffenheim|Schalke 04,2023-04-09,Hoffenheim,Schalke 04,2,0,242,29,home_win,0,0.5476390862954579,0.25219982891773457,0.20016108478680764,0.5015288727372195,0.25336303156413936,0.24510809569864106,0.1223474280553199,0.15427572164582068,0.031928293590500784,0.1921113102409962,0.06976388218567631
2022/23,False,0.15,2022/23|2023-04-09|Bochum|Stuttgart,2023-04-09,Bochum,Stuttgart,2,3,241,28,away_win,2,0.3297612704678,0.28854410121997737,0.381694628312223,0.30076560018323345,0.29531365576903584,0.4039207440477309,0.245522014079249,0.22288521281509582,-0.022636801264153183,0.36776689461102957,0.12224488053178056
2022/23,False,0.15,2022/23|2023-04-08|Mainz|Werder Bremen,2023-04-08,Mainz,Werder Bremen,2,2,240,27,draw,1,0.6658986091442152,0.19854895558302516,0.13555243527275984,0.577122109118787,0.24023063162826358,0.18264725925294945,0.23089771018428798,0.1832149750731656,-0.04768273511112239,0.21220483634676876,-0.01869287383751922
2022/23,False,0.15,2022/23|2023-04-15|RB Leipzig|Augsburg,2023-04-15,RB Leipzig,Augsburg,3,2,248,35,home_win,0,0.8349667929369164,0.09727782156823048,0.06775538549485315,0.7927519818799548,0.13816534541336353,0.06908267270668177,0.015913375848541376,0.023862078341492548,0.007948702492951171,0.0922808142749018,0.07636743842636043
2023/24,False,0.15,2023/24|2024-04-27|Leverkusen|Stuttgart,2024-04-27,Leverkusen,Stuttgart,2,2,275,61,draw,1,0.6002654014197976,0.22522079855751495,0.17451380002268757,0.5243841347956357,0.24072224550171864,0.23489361970264555,0.19538680927001462,0.1650768667011893,-0.030309942568825327,0.18688329186066058,-0.008503517409354039
2023/24,False,0.15,2023/24|2024-04-27|RB Leipzig|Dortmund,2024-04-27,RB Leipzig,Dortmund,4,1,276,62,home_win,0,0.5558850073708135,0.22078194494942383,0.22333304767976264,0.6184517441763498,0.19937766701373086,0.1821705888099192,0.12355788843197678,0.08938259747471114,-0.03417529095726564,0.16131391928772787,0.03775603085575109
2023/24,False,0.15,2023/24|2024-04-28|Darmstadt|Heidenheim,2024-04-28,Darmstadt,Heidenheim,0,1,277,63,away_win,2,0.27969448932010627,0.2533948183377178,0.4669106923421761,0.29673085793357934,0.2588503228782288,0.4444188191881919,0.1812066086475666,0.1983598252611205,0.0171532166135539,0.2203206040173914,0.039113995369824794
2023/24,False,0.15,2023/24|2024-05-04|Dortmund|Augsburg,2024-05-04,Dortmund,Augsburg,5,1,281,67,home_win,0,0.7379380305584224,0.15119303044896465,0.11086893899261319,0.4840928459069183,0.23222592369281758,0.283681230400264,0.04048419873047303,0.17331761606291524,0.1328334173324422,0.10545183791899035,0.06496763918851732
2023/24,False,0.15,2023/24|2024-04-28|Mainz|FC Koln,2024-04-28,Mainz,FC Koln,1,1,279,65,draw,1,0.6594300830515224,0.201297312115616,0.1392726048328617,0.6143154213337114,0.22364478472517607,0.16203979394111254,0.2271224464451341,0.20182016585444676,-0.025302280590687343,0.15816915533172002,-0.06895329111341408
2023/24,False,0.15,2023/24|2024-05-03|Hoffenheim|RB Leipzig,2024-05-03,Hoffenheim,RB Leipzig,1,1,280,66,draw,1,0.2270829153572524,0.19796760200622582,0.5749494826365218,0.1856160329802649,0.1811057368517725,0.6332782301679626,0.19106677901557656,0.2177473142519989,0.02668053523642233,0.17365744874088415,-0.01740933027469241
2023/24,False,0.15,2023/24|2024-04-27|Freiburg|Wolfsburg,2024-04-27,Freiburg,Wolfsburg,1,2,274,60,away_win,2,0.4484915037436498,0.2740347691797861,0.27747372707656437,0.4139870629042842,0.281991187775382,0.3040217493203337,0.36159442199743574,0.32788550683562206,-0.03370891516181368,0.39384313183997544,0.03224870984253969
2023/24,False,0.15,2023/24|2024-04-28|M'gladbach|Union Berlin,2024-04-28,M'gladbach,Union Berlin,0,0,278,64,draw,1,0.5050069359502403,0.2536323610677416,0.2413607029820181,0.37570271813482226,0.28286919766546215,0.34142808419971565,0.15664349715091205,0.12886283454709088,-0.02778066260382117,0.16068046477203407,0.004036967621122017
2023/24,False,0.15,2023/24|2024-04-27|Bayern Munich|Ein Frankfurt,2024-04-27,Bayern Munich,Ein Frankfurt,2,1,273,59,home_win,0,0.7218451445410947,0.15962898599879324,0.11852586946011205,0.6736159300045256,0.18029868758485446,0.14608538241062002,0.04570925267332,0.06393375005043392,0.018224497377113916,0.10804378328634506,0.06233453061302506
2023/24,False,0.15,2023/24|2024-04-20|FC Koln|Darmstadt,2024-04-20,FC Koln,Darmstadt,0,2,263,49,away_win,2,0.5759399788157598,0.22800877935563593,0.1960512418286043,0.6787954741144948,0.19297763975819632,0.12822688612730876,0.4890202324818135,0.610375828874805,0.12135559639299154,0.400367578669834,-0.08865265381197945
2023/24,False,0.15,2023/24|2024-04-26|Bochum|Hoffenheim,2024-04-26,Bochum,Hoffenheim,3,2,271,57,home_win,0,0.4291172620699082,0.24966190650126552,0.3212208314288262,0.45263951787946277,0.24513223260474687,0.30222824951579036,0.21454496150519217,0.1954727060963029,-0.019072255408889266,0.24576960501798464,0.03122464351279247
2023/24,False,0.15,2023/24|2024-04-21|Werder Bremen|Stuttgart,2024-04-21,Werder Bremen,Stuttgart,2,1,270,56,home_win,0,0.24268819507026013,0.23109461550024155,0.5262171894294982,0.22145434908981462,0.2292888189868599,0.5492568319233255,0.4252128501685104,0.4539081989828062,0.028695348814295807,0.396635235855633,-0.02857761431287742
2023/24,False,0.15,2023/24|2024-04-21|Freiburg|Mainz,2024-04-21,Freiburg,Mainz,1,1,269,55,draw,1,0.38916698001342154,0.2659469444839837,0.34488607550259504,0.32252216867833894,0.278290556973881,0.3991872743477801,0.13519867170417416,0.13168551464509434,-0.0035131570590798133,0.129061596683473,-0.006137075020701155
2023/24,False,0.15,2023/24|2024-04-21|Dortmund|Leverkusen,2024-04-21,Dortmund,Leverkusen,1,1,268,54,draw,1,0.31892140447370954,0.25910026002499403,0.4219783355012963,0.35409956468185055,0.27982005829743933,0.3660803770207101,0.1398882889319641,0.1297006720737507,-0.0101876168582134,0.13031738938103454,-0.009570899550929546
2023/24,False,0.15,2023/24|2024-04-20|Wolfsburg|Bochum,2024-04-20,Wolfsburg,Bochum,1,0,267,53,home_win,0,0.5468807007475445,0.2610770984361355,0.19204220081632004,0.4881033264714929,0.26906526860893937,0.24283140491956776,0.12109865312470607,0.16050264779238102,0.039403994667674955,0.18461387231808885,0.06351521919338278
2023/24,False,0.15,2023/24|2024-04-20|Union Berlin|Bayern Munich,2024-04-20,Union Berlin,Bayern Munich,1,5,266,52,away_win,2,0.20110167717793712,0.2020570475687102,0.5968412752533528,0.19816813504419095,0.23398165342567123,0.5678502115301378,0.10148942095156109,0.11301202471071967,0.011522603759158576,0.2090232389409668,0.10753381798940571
2023/24,False,0.15,2023/24|2024-04-20|Hoffenheim|M'gladbach,2024-04-20,Hoffenheim,M'gladbach,4,3,265,51,home_win,0,0.42526878535087625,0.24493431724389017,0.3297968974052337,0.41219771773192226,0.25465618163542836,0.33314610063264943,0.2195409813150876,0.22824892370315014,0.00870794238806255,0.20470341859815563,-0.014837562716931957
2023/24,False,0.15,2023/24|2024-04-20|Heidenheim|RB Leipzig,2024-04-20,Heidenheim,RB Leipzig,1,2,264,50,away_win,2,0.2439503736645116,0.2329715412785975,0.5230780850568908,0.1455016872247536,0.1825634377442663,0.6719348750309801,0.1434831488820285,0.06439873360309434,-0.07908441527893417,0.21460574690839893,0.07112259802637041
2023/24,False,0.15,2023/24|2024-05-04|FC Koln|Freiburg,2024-05-04,FC Koln,Freiburg,0,0,282,68,draw,1,0.34130232795499627,0.24667978298718177,0.41201788905782205,0.3856353424098335,0.2647959299380873,0.3495687276520793,0.14312300998558178,0.1354564563339215,-0.007666553651660274,0.12857328631389475,-0.014549723671687026
2023/24,False,0.15,2023/24|2024-04-27|Augsburg|Werder Bremen,2024-04-27,Augsburg,Werder Bremen,0,3,272,58,away_win,2,0.48688442697041756,0.24998564219408811,0.2631299308354942,0.5743260746154313,0.22261721699543088,0.2030567083891378,0.3900169720284076,0.4824845250133628,0.09246755298495518,0.3849618928155356,-0.005055079212872016
2023/24,False,0.15,2023/24|2024-05-04|Stuttgart|Bayern Munich,2024-05-04,Stuttgart,Bayern Munich,3,1,283,69,home_win,0,0.45296280524214216,0.23111268680827995,0.3159245079495778,0.3685385233461298,0.2514061244531738,0.38005535220069636,0.19952899358586468,0.2715928336171408,0.07206384003127614,0.14444371255515295,-0.055085281030711725
2023/24,False,0.15,2023/24|2024-05-11|RB Leipzig|Werder Bremen,2024-05-11,RB Leipzig,Werder Bremen,1,1,294,80,draw,1,0.7320981385557385,0.15335507713173618,0.11454678431252532,0.7003804502991149,0.16721886183612084,0.13240068786476417,0.27454432513655874,0.25403135865412685,-0.020512966482431894,0.22816662877598506,-0.04637769636057368
2023/24,False,0.15,2023/24|2024-05-04|Wolfsburg|Darmstadt,2024-05-04,Wolfsburg,Darmstadt,3,0,285,71,home_win,0,0.6082462018632986,0.23546813324247376,0.15628566489422777,0.7428276104233948,0.16041127799840754,0.09676111157819772,0.08894812370298112,0.0377501753371948,-0.051197948365786325,0.17495512748986627,0.08600700378688515
2023/24,False,0.15,2023/24|2024-04-19|Ein Frankfurt|Augsburg,2024-04-19,Ein Frankfurt,Augsburg,3,1,262,48,home_win,0,0.5308908171230566,0.2395874542647146,0.22952172861222875,0.5044929396662388,0.24775353016688056,0.24775353016688056,0.13637182468230954,0.1534545292753786,0.017082704593069042,0.19281152142629393,0.056439696743984386
2023/24,False,0.15,2023/24|2024-05-18|Werder Bremen|Bochum,2024-05-18,Werder Bremen,Bochum,4,1,305,91,home_win,0,0.5099158593086686,0.23960921487507927,0.2504749258162523,0.44737614559212024,0.24969831381885782,0.30292554058902194,0.1514600767099089,0.19857850380088632,0.04711842709097741,0.14163034420666584,-0.009829732503243066
2023/24,False,0.15,2023/24|2024-05-18|Union Berlin|Freiburg,2024-05-18,Union Berlin,Freiburg,2,1,304,90,home_win,0,0.38060582929154463,0.27195733544778233,0.3474368352606733,0.5101918021551599,0.254429854338474,0.23537834350636605,0.2521807466017836,0.14765751763390544,-0.10452322896787813,0.29969266394410043,0.047511917342316856
2023/24,False,0.15,2023/24|2024-05-18|Stuttgart|M'gladbach,2024-05-18,Stuttgart,M'gladbach,4,0,303,89,home_win,0,0.7398299665910856,0.14868604942401883,0.11148398398489567,0.7966295839913918,0.12131414984640483,0.08205626616220345,0.04005856248457005,0.02404637846199835,-0.0160121840225717,0.08319919544933217,0.04314063296476212
2023/24,False,0.15,2023/24|2024-05-18|Leverkusen|Augsburg,2024-05-18,Leverkusen,Augsburg,2,1,302,88,home_win,0,0.8142524679392037,0.10961634600222685,0.07613118605856958,0.8185266004856009,0.11482927129114545,0.06664412822325352,0.02014905157868054,0.0186870172789751,-0.0014620342997054385,0.02976021749305332,0.00961116591437278
2023/24,False,0.15,2023/24|2024-05-18|Hoffenheim|Bayern Munich,2024-05-18,Hoffenheim,Bayern Munich,4,2,301,87,home_win,0,0.20465979049351915,0.19235165325549847,0.6029885562509825,0.2767328182371094,0.2122631946478048,0.5110039871150857,0.4980806239137285,0.3921202455313745,-0.105960378382354,0.3678709148383651,-0.1302097090753634
2023/24,False,0.15,2023/24|2024-05-18|Heidenheim|FC Koln,2024-05-18,Heidenheim,FC Koln,4,1,300,86,home_win,0,0.5695193200881145,0.23588993141220327,0.19459074849968233,0.4585570564630079,0.2486294014582038,0.29281354207878824,0.11158958758953294,0.18945011576536436,0.07786052817583142,0.12846358141049316,0.01687399382096022
2023/24,False,0.15,2023/24|2024-05-18|Ein Frankfurt|RB Leipzig,2024-05-18,Ein Frankfurt,RB Leipzig,2,2,299,85,draw,1,0.3394922273350318,0.2494825108661862,0.41102526179878174,0.4375268560515636,0.2564812604440201,0.3059918835044163,0.1420983691288291,0.14253039126847297,0.0004320221396438839,0.15305228792562725,0.010953918796798162
2023/24,False,0.15,2023/24|2024-05-18|Dortmund|Darmstadt,2024-05-18,Dortmund,Darmstadt,4,0,298,84,home_win,0,0.8084188040821929,0.1092399384518998,0.08234125746590704,0.8624888901429115,0.0878969569572394,0.04961415289984905,0.021741718655182006,0.010685434751048927,-0.01105628390413308,0.062462732869587374,0.04072101421440537
2023/24,False,0.15,2023/24|2024-05-18|Wolfsburg|Mainz,2024-05-18,Wolfsburg,Mainz,1,3,306,92,away_win,2,0.34404323640698137,0.30907660494545625,0.3468801586475623,0.2969272229080726,0.28221071331787656,0.42086206377405083,0.27246563784281164,0.21178326243997592,-0.06068237540283572,0.28720367104847194,0.014738033205660306
2023/24,False,0.15,2023/24|2024-05-12|Darmstadt|Hoffenheim,2024-05-12,Darmstadt,Hoffenheim,0,6,297,83,away_win,2,0.2849102300380232,0.23287585413091277,0.48221391583106427,0.18525312488477563,0.18560801592861623,0.6291388591866082,0.17463813406965983,0.08592835302249235,-0.08870978104716748,0.21803741790898257,0.04339928383932273
2023/24,False,0.15,2023/24|2024-05-12|Bayern Munich|Wolfsburg,2024-05-12,Bayern Munich,Wolfsburg,2,0,295,81,home_win,0,0.7269679918734159,0.16444987186294133,0.10858213626364277,0.6498669100151531,0.1906105700634996,0.15952251992134728,0.04316827888860569,0.0740203075321968,0.0308520286435911,0.09476271320654035,0.05159443431793466
2023/24,False,0.15,2023/24|2024-05-11|Mainz|Dortmund,2024-05-11,Mainz,Dortmund,3,0,293,79,home_win,0,0.4423440923147745,0.25369227349688117,0.30396363418834443,0.520074844101128,0.22991488379884384,0.25001027210002813,0.20168700114260912,0.14641664571004334,-0.05527035543256578,0.3032193973868169,0.10153239624420779
2023/24,False,0.15,2023/24|2024-05-11|M'gladbach|Ein Frankfurt,2024-05-11,M'gladbach,Ein Frankfurt,1,1,292,78,draw,1,0.43413740711778875,0.253645435116316,0.31221715776589526,0.3549803637515986,0.26358975519766403,0.3814298810507374,0.14297742093118526,0.13574990640379847,-0.007227514527386791,0.14749974497292762,0.004522324041742354
2023/24,False,0.15,2023/24|2024-05-11|Freiburg|Heidenheim,2024-05-11,Freiburg,Heidenheim,1,1,291,77,draw,1,0.4719154147087925,0.2558151951276767,0.2722693901635307,0.5449485126540743,0.24372069158900805,0.21133079575691768,0.1484173897298963,0.17081479333956992,0.022397403609673627,0.13671102613234834,-0.011706363597547953
2023/24,False,0.15,2023/24|2024-05-11|FC Koln|Union Berlin,2024-05-11,FC Koln,Union Berlin,3,2,290,76,home_win,0,0.3570066270144914,0.2812161552924898,0.3617772176930188,0.3760110135949062,0.28228073194516146,0.3417082544599323,0.2721616164724917,0.2530633931604551,-0.01909822331203659,0.2299300201132323,-0.04223159635925941
2023/24,False,0.15,2023/24|2024-05-10|Augsburg|Stuttgart,2024-05-10,Augsburg,Stuttgart,0,1,289,75,away_win,2,0.2115813999348833,0.1928306259151753,0.5955879741499411,0.24198081033149926,0.2205811468327952,0.5374380428357055,0.10415788772527677,0.13625913839217582,0.03210125066689905,0.1357863057243591,0.03162841799908232
2023/24,False,0.15,2023/24|2024-05-05|Union Berlin|Bochum,2024-05-05,Union Berlin,Bochum,3,4,288,74,away_win,2,0.47739961269474124,0.2644028843324085,0.2581975029728503,0.48626259417110834,0.27241601914347807,0.24132138668541356,0.3890906673984017,0.4060222743954799,0.016931606997078186,0.3694183431961278,-0.019672324202273883
2023/24,False,0.15,2023/24|2024-05-05|Heidenheim|Mainz,2024-05-05,Heidenheim,Mainz,1,1,287,73,draw,1,0.38736649333290274,0.2871167863877313,0.3255167202793657,0.3192424754819074,0.2750535452598354,0.40570397925825724,0.1280069676692324,0.13325573846890035,0.005248770799667957,0.12014724517450351,-0.007859722494728882
2023/24,False,0.15,2023/24|2024-05-05|Ein Frankfurt|Leverkusen,2024-05-05,Ein Frankfurt,Leverkusen,1,5,286,72,away_win,2,0.19818449299104612,0.23452752839709154,0.5672879786118626,0.3319035094650577,0.26790007788777387,0.4001964126471683,0.11325839335796307,0.23496214149827374,0.12170374814031067,0.15443742669944777,0.04117903334148469
2023/24,False,0.15,2023/24|2024-05-12|Bochum|Leverkusen,2024-05-12,Bochum,Leverkusen,0,5,296,82,away_win,2,0.1880669879474333,0.20029234347352612,0.6116406685790409,0.20903054369747645,0.24795715004930247,0.5430123062532209,0.0930960811286773,0.1262657602172312,0.03316967908855391,0.07286858336453636,-0.020227497764140942
2023/24,False,0.15,2023/24|2024-04-14|Leverkusen|Werder Bremen,2024-04-14,Leverkusen,Werder Bremen,5,0,261,47,home_win,0,0.781489589011517,0.13797158821957145,0.0805388227689112,0.8013995523698897,0.12720627815395077,0.07139416947615944,0.027116650841678948,0.022269632617035386,-0.004847018224643562,0.07283725427834087,0.04572060343666192
2023/24,False,0.15,2023/24|2024-05-04|Werder Bremen|M'gladbach,2024-05-04,Werder Bremen,M'gladbach,2,2,284,70,draw,1,0.47897742901267626,0.24640832350978786,0.2746142474775358,0.4610415655147664,0.2494353085220916,0.289523125963142,0.15241618121062334,0.148191482799888,-0.004224698410735334,0.15211604328603134,-0.0003001379245919922
2023/24,False,0.15,2023/24|2024-04-13|Stuttgart|Ein Frankfurt,2024-04-13,Stuttgart,Ein Frankfurt,3,0,259,45,home_win,0,0.6683144904843649,0.18559335647735675,0.14609215303827838,0.6551186081557736,0.18900107993577875,0.15588031190844776,0.06567909720100312,0.07162092304054288,0.005941825839539755,0.12081899975046909,0.05513990254946596
2023/24,False,0.15,2023/24|2024-03-17|Freiburg|Leverkusen,2024-03-17,Freiburg,Leverkusen,2,3,234,20,away_win,2,0.21100535474815635,0.232472328461494,0.5565223167903496,0.15141074347021763,0.21007421334287768,0.6385150431869046,0.12059785761869712,0.07679829362018473,-0.0437995639985124,0.14851971942089334,0.02792186180219622
2023/24,False,0.15,2023/24|2024-03-17|Dortmund|Ein Frankfurt,2024-03-17,Dortmund,Ein Frankfurt,3,1,233,19,home_win,0,0.6042278769435772,0.20624426940702698,0.1895278536493957,0.581432202042307,0.2191855028015017,0.19938229515619146,0.09627819034876756,0.10747615055445137,0.01119796020568381,0.1432849248416978,0.04700673449293025
2023/24,False,0.15,2023/24|2024-03-16|Wolfsburg|Augsburg,2024-03-16,Wolfsburg,Augsburg,1,3,232,18,away_win,2,0.4579014699551919,0.2818936384557011,0.26020489158910687,0.4121822513267187,0.27096103429834434,0.3168567143749369,0.37848527930790515,0.3182894785016844,-0.06019580080622078,0.3436057403368242,-0.03487953897108098
2023/24,False,0.15,2023/24|2024-03-16|Union Berlin|Werder Bremen,2024-03-16,Union Berlin,Werder Bremen,2,1,231,17,home_win,0,0.4597378147465743,0.2850496828903566,0.25521250236306925,0.4566268532453809,0.28191744852540906,0.26145569822921,0.17850832508861322,0.18180672937527026,0.0032984042866570362,0.24664942694357755,0.06814110185496433
2023/24,False,0.15,2023/24|2024-03-16|Mainz|Bochum,2024-03-16,Mainz,Bochum,2,0,230,16,home_win,0,0.540082476919449,0.2496732245901526,0.21024429849039838,0.5306039198234781,0.24770540134616456,0.2216906788303573,0.12786339654213444,0.1347397185826742,0.006876322040539756,0.20838924838075878,0.08052585183862435
2023/24,False,0.15,2023/24|2024-03-16|Hoffenheim|Stuttgart,2024-03-16,Hoffenheim,Stuttgart,0,3,229,15,away_win,2,0.2864664627646253,0.22359847419823722,0.48993506303713724,0.22424753802764805,0.21771117481159555,0.5580412871607563,0.17111463710390268,0.12280723108299121,-0.048307406020911464,0.23565169176546424,0.06453705466156157
2023/24,False,0.15,2023/24|2024-03-16|Heidenheim|M'gladbach,2024-03-16,Heidenheim,M'gladbach,1,1,228,14,draw,1,0.4233001830780826,0.26360654607280254,0.31309327084911504,0.36906554783789625,0.27140196275544465,0.3595324894066591,0.13860522062246772,0.13273649476991797,-0.005868725852549744,0.14948710998468953,0.010881889362221814
2023/24,False,0.15,2023/24|2024-03-16|Darmstadt|Bayern Munich,2024-03-16,Darmstadt,Bayern Munich,2,5,227,13,away_win,2,0.1302012363915462,0.12091778691782701,0.7488809766906266,0.05600998345629158,0.0954878987453263,0.848502117798382,0.04000656291287041,0.013044363279174674,-0.026962199633695734,0.16879874424722127,0.12879218133435086
2023/24,False,0.15,2023/24|2024-03-10|Leverkusen|Wolfsburg,2024-03-10,Leverkusen,Wolfsburg,2,0,225,11,home_win,0,0.674599588797685,0.2109761075784016,0.11442430362391338,0.7445849740282728,0.16717797344330826,0.08823705252841885,0.059489174435226604,0.036511306465520504,-0.0229778679697061,0.06303387672385088,0.003544702288624281
2023/24,False,0.15,2023/24|2024-03-10|Ein Frankfurt|Hoffenheim,2024-03-10,Ein Frankfurt,Hoffenheim,3,1,224,10,home_win,0,0.48106102446306276,0.23726580467661837,0.2816731708603187,0.4699611559163197,0.25600515598599516,0.274033688097685,0.17431871775691615,0.17801781922499166,0.0036991014680755052,0.14658415278465553,-0.027734564972260622
2023/24,False,0.15,2023/24|2024-03-10|Bochum|Freiburg,2024-03-10,Bochum,Freiburg,1,2,223,9,away_win,2,0.44307214741337037,0.24159747423826375,0.31533037834836614,0.3787307937989359,0.28212699711978706,0.33914220908127707,0.33254270931304364,0.29008501699477335,-0.04245769231827029,0.3943480287283649,0.06180531941532125
2023/24,False,0.15,2023/24|2024-03-09|Werder Bremen|Dortmund,2024-03-09,Werder Bremen,Dortmund,1,2,222,8,away_win,2,0.30442652753821875,0.2539392474347631,0.44163422502701843,0.24017068718859455,0.22670317201914064,0.5331261407922647,0.20222392466507821,0.13782657969808293,-0.06439734496699528,0.2815945902821307,0.07937066561705247
2023/24,False,0.15,2023/24|2024-03-09|RB Leipzig|Darmstadt,2024-03-09,RB Leipzig,Darmstadt,2,0,221,7,home_win,0,0.7763028924987837,0.1345697065803985,0.08912740092081786,0.8654010185707087,0.093018151708176,0.04158082972111514,0.02899204474965546,0.009922925601049543,-0.019069119148605918,0.08316666233323311,0.05417461758357765
2023/24,False,0.15,2023/24|2024-03-09|M'gladbach|FC Koln,2024-03-09,M'gladbach,FC Koln,3,3,220,6,draw,1,0.6367227208797209,0.19906031903444565,0.16421696008583353,0.5159579891913939,0.2635872336086469,0.22045477719995923,0.2161915166321536,0.1574064777003551,-0.05878503893179851,0.159401602229966,-0.05678991440218761
2023/24,False,0.15,2023/24|2024-03-09|Bayern Munich|Mainz,2024-03-09,Bayern Munich,Mainz,8,1,219,5,home_win,0,0.6470971049784973,0.21858949913171066,0.1343133958897919,0.775977386028303,0.14005996487264855,0.08396264909904848,0.0712902708150029,0.028617929007220946,-0.042672341807781955,0.11576451990148062,0.04447424908647772
2023/24,False,0.15,2023/24|2024-03-09|Augsburg|Heidenheim,2024-03-09,Augsburg,Heidenheim,1,0,218,4,home_win,0,0.552845682426107,0.22680895749030006,0.2203453600835928,0.5778472546776039,0.22605598620489592,0.19609675911750007,0.1242495307176711,0.10833343965981136,-0.015916091057859738,0.20798839541752343,0.08373886469985233
2023/24,False,0.15,2023/24|2024-03-08|Stuttgart|Union Berlin,2024-03-08,Stuttgart,Union Berlin,2,0,217,3,home_win,0,0.7083396969765261,0.17559410425709435,0.1160661987663799,0.6377502383222117,0.217349857006673,0.14489990467111533,0.049268547427910675,0.07611043610465638,0.02684188867674571,0.08398106235006272,0.03471251492215205
2023/24,False,0.15,2023/24|2024-03-03|Hoffenheim|Werder Bremen,2024-03-03,Hoffenheim,Werder Bremen,2,1,216,2,home_win,0,0.5149266387231681,0.24390975650501368,0.2411636047718186,0.49759099666088596,0.23212977116955205,0.270279232169562,0.1467280250434708,0.16273283498918492,0.016004809945714127,0.20675915988281668,0.060031134839345884
2023/24,False,0.15,2023/24|2024-03-03|FC Koln|Leverkusen,2024-03-03,FC Koln,Leverkusen,0,2,215,1,away_win,2,0.14513104009510294,0.17778120193900013,0.6770877579658973,0.11239510080863853,0.1804182065121907,0.7071866926791709,0.06266766742728877,0.0491861458149732,-0.01348152161231557,0.15041332390261944,0.08774565647533067
2023/24,False,0.15,2023/24|2024-03-30|Bayern Munich|Dortmund,2024-03-30,Bayern Munich,Dortmund,0,2,235,21,away_win,2,0.6860986677914177,0.1658620986779556,0.14803923353062656,0.7183156943241309,0.15151971677149637,0.1301645889043727,0.5982842647741202,0.6362955395541285,0.03801127478000832,0.38685463212264204,-0.21142963265147818
2023/24,False,0.15,2023/24|2024-03-30|Ein Frankfurt|Union Berlin,2024-03-30,Ein Frankfurt,Union Berlin,0,0,236,22,draw,1,0.504551236901081,0.25750832267572005,0.23794044042319862,0.4930776323805022,0.27674157714803116,0.2301807904714667,0.1555938019235983,0.14805437392801546,-0.007539427995582854,0.15867558960165762,0.0030817876780593056
2023/24,False,0.15,2023/24|2024-03-15|FC Koln|RB Leipzig,2024-03-15,FC Koln,RB Leipzig,1,5,226,12,away_win,2,0.19385249056812737,0.20298187657276942,0.6031656328591032,0.14324487514422532,0.19802359017892907,0.6587315346768456,0.09752815152179099,0.06849162983955286,-0.029036521682238137,0.24307631226527648,0.14554816074348548
2023/24,False,0.15,2023/24|2024-03-30|M'gladbach|Freiburg,2024-03-30,M'gladbach,Freiburg,0,3,238,24,away_win,2,0.4838099161861646,0.24298687734525012,0.27320320646858537,0.45472842766397825,0.26881735779030763,0.27645421454571406,0.3811528070438047,0.36514822328720675,-0.016004583756597968,0.4162728588971226,0.0351200518533179
2023/24,False,0.15,2023/24|2024-03-30|Leverkusen|Hoffenheim,2024-03-30,Leverkusen,Hoffenheim,2,1,237,23,home_win,0,0.8004485034977888,0.11921483384615779,0.08033666265605346,0.8043734157111628,0.12126232397655719,0.07436426031228006,0.023137389561492253,0.021899901846155024,-0.0012374877153372293,0.038867152480989216,0.015729762919496963
2023/24,False,0.15,2023/24|2024-04-13|Mainz|Hoffenheim,2024-04-13,Mainz,Hoffenheim,4,1,257,43,home_win,0,0.5652834008534094,0.23045802654749922,0.20425857259909103,0.5447993428350433,0.23480455938168934,0.2203960977832675,0.11535004302689787,0.12789103910075,0.012540996073852131,0.18755079311326447,0.0722007500863666
2023/24,False,0.15,2023/24|2024-04-13|M'gladbach|Dortmund,2024-04-13,M'gladbach,Dortmund,1,2,256,42,away_win,2,0.3145509484835552,0.23383513630179364,0.45161391521465105,0.27723443708609274,0.2615841059602649,0.46118145695364243,0.19983479858905395,0.18359217771852115,-0.016242620870532798,0.21627615890522825,0.016441360316174297
2023/24,False,0.15,2023/24|2024-04-13|Bochum|Heidenheim,2024-04-13,Bochum,Heidenheim,1,1,255,41,draw,1,0.4268786716976948,0.2694957138897067,0.30362561441259833,0.4740213523131673,0.2633451957295374,0.2626334519572953,0.13720695703890812,0.14683628626790438,0.009629329228996258,0.13583588972861055,-0.001371067310297569
2023/24,False,0.15,2023/24|2024-04-13|Bayern Munich|FC Koln,2024-04-13,Bayern Munich,FC Koln,2,0,254,40,home_win,0,0.8435963053476658,0.08708218975190314,0.06932150490043075,0.8130835540359059,0.12064456724472919,0.06627187871936494,0.01463379337128053,0.019664859840421156,0.005031066469140626,0.09231590804901771,0.07768211467773718
2023/24,False,0.15,2023/24|2024-04-12|Augsburg|Union Berlin,2024-04-12,Augsburg,Union Berlin,2,0,253,39,home_win,0,0.46466706283458103,0.2768997234254328,0.25843321373998596,0.4444299688412641,0.2829365208611536,0.27263351029758215,0.1766845397890659,0.19149354522945036,0.014809005440384465,0.20577677163904282,0.02909223184997692
2023/24,False,0.15,2023/24|2024-04-07|Wolfsburg|M'gladbach,2024-04-07,Wolfsburg,M'gladbach,1,3,252,38,away_win,2,0.5225981985652628,0.25216155413536634,0.22524024729937064,0.48647769768576227,0.2533738008780012,0.26014850143623647,0.43668077577419895,0.3920203951363432,-0.04466038063785577,0.31892792238054984,-0.1177528533936491
2023/24,False,0.15,2023/24|2024-04-07|Hoffenheim|Augsburg,2024-04-07,Hoffenheim,Augsburg,3,1,251,37,home_win,0,0.42763383208657885,0.24611925858573594,0.32624690932768474,0.42163328936323297,0.24595275212855258,0.33241395850821437,0.2170200380088807,0.22250354589194737,0.005483507883066674,0.2366069884893101,0.01958695048042941
2023/24,False,0.15,2023/24|2024-04-06|Union Berlin|Leverkusen,2024-04-06,Union Berlin,Leverkusen,0,1,250,36,away_win,2,0.21457035552082884,0.2589311656360964,0.5264984788430748,0.17336723512452526,0.24977392895517947,0.5768588359202954,0.13512206400312848,0.104552321476725,-0.030569742526403487,0.14568126813330767,0.01055920413017919
2023/24,False,0.15,2023/24|2024-04-06|Mainz|Darmstadt,2024-04-06,Mainz,Darmstadt,4,0,249,35,home_win,0,0.6990626287089573,0.1806777978551895,0.12025957343585325,0.6814437229706993,0.1893640091229732,0.12919226790632748,0.05251283322126812,0.059084371860774434,0.006571538639506318,0.14904517047038623,0.09653233724911811
2023/24,False,0.15,2023/24|2024-04-13|RB Leipzig|Wolfsburg,2024-04-13,RB Leipzig,Wolfsburg,3,0,258,44,home_win,0,0.6529331270088253,0.20391606340378052,0.143150809587394,0.7636088256812434,0.14986715270379544,0.08652402161496106,0.07047378430669927,0.031683596806113504,-0.03879018750058577,0.07205298682542684,0.0015792025187275627
2023/24,False,0.15,2023/24|2024-04-14|Darmstadt|Freiburg,2024-04-14,Darmstadt,Freiburg,0,1,260,46,away_win,2,0.26776165452830747,0.2191608719350812,0.5130774735366114,0.21346147182146857,0.2322664110057408,0.5542721171727907,0.15439492520661302,0.12211957274090705,-0.03227535246570597,0.22189088932965365,0.06749596412304062
2023/24,False,0.15,2023/24|2024-04-06|Heidenheim|Bayern Munich,2024-04-06,Heidenheim,Bayern Munich,3,2,248,34,home_win,0,0.17697294417137313,0.17974810446029393,0.6432789513683334,0.12940149384033367,0.1673295178969832,0.703268988262683,0.5455906719497399,0.6262645143897303,0.08067384243999043,0.2704669166650959,-0.27512375528464394
2023/24,False,0.15,2023/24|2024-03-30|Werder Bremen|Wolfsburg,2024-03-30,Werder Bremen,Wolfsburg,0,2,240,26,away_win,2,0.39789604780140425,0.30736736727859326,0.29473658492000243,0.35929387331256485,0.2814122533748702,0.35929387331256485,0.3278588747531391,0.2697982140873805,-0.0580606606657586,0.406715459383611,0.0788565846304719
2023/24,False,0.15,2023/24|2024-03-31|Augsburg|FC Koln,2024-03-31,Augsburg,FC Koln,1,1,241,27,draw,1,0.6272920984420857,0.21116071266842715,0.16154718888948733,0.5787031128225042,0.23400343787253802,0.18729344930495773,0.20979643550298546,0.18498806447150243,-0.024808371031483034,0.15798822278918068,-0.051808212713804785
2023/24,False,0.15,2023/24|2024-03-31|Bochum|Darmstadt,2024-03-31,Bochum,Darmstadt,2,2,242,28,draw,1,0.5863273619765208,0.22257104200974567,0.1911015960137333,0.6473182861355581,0.20398685487465068,0.1486948589897913,0.19014979770067114,0.22056556232773505,0.030415764627063913,0.15169056896703775,-0.03845922873363339
2023/24,False,0.15,2023/24|2024-03-30|RB Leipzig|Mainz,2024-03-30,RB Leipzig,Mainz,0,0,239,25,draw,1,0.5948431516080291,0.23066108886570325,0.1744957595262677,0.7065661862525963,0.17012226277083597,0.12331155097656775,0.19214357255381087,0.2572207570798926,0.06507718452608174,0.18164538029449742,-0.010498192259313449
2023/24,False,0.15,2023/24|2024-04-05|Ein Frankfurt|Werder Bremen,2024-04-05,Ein Frankfurt,Werder Bremen,1,1,244,30,draw,1,0.5566714544722969,0.24133168527554252,0.20199686025216057,0.5460097286165718,0.24542861538825703,0.2085616559951712,0.1753429198880167,0.17081229404769527,-0.004530625840321434,0.15259356318575074,-0.022749356702265966
2023/24,False,0.15,2023/24|2024-04-06|Dortmund|Stuttgart,2024-04-06,Dortmund,Stuttgart,0,1,245,31,away_win,2,0.3894518829689275,0.2504055084211111,0.3601426086099613,0.49309681086957236,0.22856487468542533,0.2783383144450022,0.28054512523225417,0.38197002664391155,0.10142490141165739,0.3858693139445228,0.10532418871226862
2023/24,False,0.15,2023/24|2024-04-06|FC Koln|Bochum,2024-04-06,FC Koln,Bochum,2,1,246,32,home_win,0,0.4225214244405262,0.24828102181287076,0.3291975537466028,0.42503860553475614,0.2773043893659805,0.29765700509926346,0.22092626731147322,0.2095901489050403,-0.011336118406432921,0.20569978927887536,-0.015226478032597857
2023/24,False,0.15,2023/24|2024-04-06|Freiburg|RB Leipzig,2024-04-06,Freiburg,RB Leipzig,1,4,247,33,away_win,2,0.28239313947846356,0.227648513694493,0.4899583468270432,0.17404561590048134,0.2084804474334798,0.6174739366660389,0.16994418659795277,0.08830903277197776,-0.08163515382597501,0.2614746857829744,0.09153049918502162
2023/24,False,0.15,2023/24|2024-03-31|Stuttgart|Heidenheim,2024-03-31,Stuttgart,Heidenheim,3,3,243,29,draw,1,0.7319656139825177,0.16382793331567758,0.10420645270180465,0.7512549363229345,0.15072199349425647,0.09802307018280898,0.2733163224187488,0.2869962508188202,0.013679928400071373,0.21190487723196047,-0.061411445186788344
2024/25,False,0.15,2024/25|2025-04-26|Holstein Kiel|M'gladbach,2025-04-26,Holstein Kiel,M'gladbach,4,3,275,61,home_win,0,0.40002991817279765,0.26713729308183526,0.332832788745367,0.38787553847815,0.25419519623502773,0.3579292652868222,0.235370882175879,0.25140485767108955,0.016033975495210545,0.31047299611871143,0.07510211394283242
2024/25,False,0.15,2024/25|2025-05-03|M'gladbach|Hoffenheim,2025-05-03,M'gladbach,Hoffenheim,4,4,282,68,draw,1,0.4799530529250416,0.23103913389196312,0.2890078131829957,0.42870567395037856,0.24028688391786654,0.33100744213175487,0.15694022454644244,0.14667724081192768,-0.010262983734514758,0.1519527425477353,-0.004987481998707133
2024/25,False,0.15,2024/25|2025-05-03|Dortmund|Wolfsburg,2025-05-03,Dortmund,Wolfsburg,4,0,281,67,home_win,0,0.7044375637955502,0.1626417709017802,0.1329206653026694,0.7590705324051601,0.14345529407061808,0.09747417352422177,0.05251252847980688,0.033774111429881556,-0.01873841704992532,0.18165122438782844,0.12913869590802157
2024/25,False,0.15,2024/25|2025-05-02|Heidenheim|Bochum,2025-05-02,Heidenheim,Bochum,0,0,280,66,draw,1,0.4540070069490996,0.24735569489352224,0.298637298157378,0.4038782294940601,0.28712287111524626,0.3089988993906936,0.1476532991048093,0.12929897204195834,-0.01835432706285095,0.12928057913729657,-0.01837271996751272
2024/25,False,0.15,2024/25|2025-04-27|Werder Bremen|St Pauli,2025-04-27,Werder Bremen,St Pauli,0,0,279,65,draw,1,0.4616389346448491,0.285110055298536,0.25325101005661477,0.4788270592966068,0.2700052584366977,0.2511676822666955,0.13862329003736346,0.14618027866492994,0.0075569886275664855,0.12460693396290937,-0.01401635607445409
2024/25,False,0.15,2024/25|2025-04-27|Bochum|Union Berlin,2025-04-27,Bochum,Union Berlin,1,1,278,64,draw,1,0.3268008213655785,0.2533053486204661,0.41989383001395536,0.4056226110688087,0.2813567244407922,0.313020664490399,0.1415548026645026,0.13125581950414453,-0.010298983160358072,0.12500777939315968,-0.016547023271342914
2024/25,False,0.15,2024/25|2025-04-26|Wolfsburg|Freiburg,2025-04-26,Wolfsburg,Freiburg,0,1,277,63,away_win,2,0.4333676439251338,0.24801106371009574,0.3186212923647701,0.41024320906130024,0.26348954077920916,0.32626725015949054,0.3260422290099386,0.3111076543942841,-0.014934574615654506,0.31153628580037745,-0.014505943209561167
2024/25,False,0.15,2024/25|2025-04-26|Leverkusen|Augsburg,2025-04-26,Leverkusen,Augsburg,2,0,276,62,home_win,0,0.5917698370678965,0.2605821424458885,0.147648020486215,0.6504042731061065,0.2004390527182341,0.14915667417565937,0.09422590194053473,0.0722324428568068,-0.021993459083727934,0.17158220419329925,0.07735630225276452
2024/25,False,0.15,2024/25|2025-04-26|Hoffenheim|Dortmund,2025-04-26,Hoffenheim,Dortmund,2,3,274,60,away_win,2,0.17789279312282638,0.17978016323587465,0.6423270436412993,0.24229336500566864,0.23813637099821844,0.5195702639961128,0.07978789477770697,0.14475940298126738,0.06497150820356042,0.22467545437114628,0.1448875595934393
2024/25,False,0.15,2024/25|2025-05-03|RB Leipzig|Bayern Munich,2025-05-03,RB Leipzig,Bayern Munich,3,3,283,69,draw,1,0.14766052272770613,0.16553905463086893,0.6868004226414252,0.23177908044353412,0.20359629917367045,0.5646246203827954,0.24674922525632967,0.18626125203683302,-0.060487973219496644,0.20132699617913055,-0.04542222907719912
2024/25,False,0.15,2024/25|2025-04-26|Bayern Munich|Mainz,2025-04-26,Bayern Munich,Mainz,3,0,272,58,home_win,0,0.8045840031142886,0.1145392366451485,0.08087676024056291,0.7796594084870928,0.13316496784077067,0.08717562367213662,0.02236423109292294,0.028074782815441894,0.005710551722518956,0.10232973117653832,0.07996550008361539
2024/25,False,0.15,2024/25|2025-04-25|Stuttgart|Heidenheim,2025-04-25,Stuttgart,Heidenheim,0,1,271,57,away_win,2,0.6563679825059233,0.18876702208995316,0.15486499540412338,0.6410772124124962,0.19918242607877962,0.15974036150872428,0.5725360522260842,0.558508126176033,-0.01402792605005121,0.47924666536046584,-0.09328938686561833
2024/25,False,0.15,2024/25|2025-04-20|St Pauli|Leverkusen,2025-04-20,St Pauli,Leverkusen,1,1,270,56,draw,1,0.26805679157373413,0.30135622341183954,0.43058698501442616,0.19061745662914248,0.2463961016987389,0.5629864416721185,0.1286297975863091,0.17664437413919842,0.04801457655288932,0.13999548713518856,0.011365689548879454
2024/25,False,0.15,2024/25|2025-04-20|Dortmund|M'gladbach,2025-04-20,Dortmund,M'gladbach,3,2,269,55,home_win,0,0.7906046834814348,0.11611128951774095,0.0932840270008243,0.7084157224364207,0.1642181962331466,0.1273660813304326,0.02627415413670032,0.050621754797872426,0.024347600661172107,0.20411202093685984,0.17783786680015953
2024/25,False,0.15,2024/25|2025-04-19|Werder Bremen|Bochum,2025-04-19,Werder Bremen,Bochum,1,0,267,53,home_win,0,0.6037193382080972,0.20244344627588645,0.1938372155160166,0.5944601094708908,0.21628794161552498,0.18925194891358435,0.09730561451461553,0.10013945148897588,0.0028338369743603486,0.15397839358312204,0.05667277906850651
2024/25,False,0.15,2024/25|2025-04-19|Union Berlin|Stuttgart,2025-04-19,Union Berlin,Stuttgart,4,4,266,52,draw,1,0.35972417925133726,0.2680415410469609,0.37223427970170236,0.3036195034400239,0.27759497457373616,0.41878552198624,0.13397992206154652,0.13378305814722707,-0.00019686391431944505,0.12580481730819934,-0.008175104753347179
2024/25,False,0.15,2024/25|2025-04-19|RB Leipzig|Holstein Kiel,2025-04-19,RB Leipzig,Holstein Kiel,1,1,265,51,draw,1,0.5763847363606293,0.2277520750380271,0.19586318860134383,0.6551813562147666,0.1861167768134078,0.15870186697182562,0.18529087647929882,0.22722444605588196,0.041933569576583146,0.1758452465311263,-0.009445629948172524
2024/25,False,0.15,2024/25|2025-04-19|Mainz|Wolfsburg,2025-04-19,Mainz,Wolfsburg,2,2,264,50,draw,1,0.4487426614342317,0.2537818286135822,0.29747550995218625,0.478818998716303,0.2605905006418485,0.2605905006418485,0.14493082760619533,0.1485875212782261,0.0036566936720307808,0.1376050123913295,-0.007325815214865833
2024/25,False,0.15,2024/25|2025-04-19|Heidenheim|Bayern Munich,2025-04-19,Heidenheim,Bayern Munich,0,4,263,49,away_win,2,0.12272330072024501,0.13141262871441442,0.7458640705653407,0.09989165504402636,0.14580836710383754,0.754299977852136,0.03982303958464495,0.03517342181544779,-0.004649617769197159,0.07730092538307508,0.03747788579843013
2024/25,False,0.15,2024/25|2025-04-26|Ein Frankfurt|RB Leipzig,2025-04-26,Ein Frankfurt,RB Leipzig,4,0,273,59,home_win,0,0.6028725767207407,0.1941678492086321,0.20295957407062698,0.471963427239492,0.24865592330264794,0.2793806494578602,0.09945138951367721,0.17843808473207953,0.07898669521840232,0.25336908712355793,0.15391769760988072
2024/25,False,0.15,2024/25|2025-04-20|Augsburg|Ein Frankfurt,2025-04-20,Augsburg,Ein Frankfurt,0,0,268,54,draw,1,0.286792449100424,0.27000228498457707,0.4432052659149987,0.3713413979731076,0.2811891510663416,0.3474694509605507,0.13934040829790212,0.1293147265997242,-0.010025681698177913,0.1259599187069988,-0.013380489590903322
2024/25,False,0.15,2024/25|2025-05-17|St Pauli|Bochum,2025-05-17,St Pauli,Bochum,0,2,306,92,away_win,2,0.44547669727788863,0.27852397981731547,0.27599932290479606,0.5508311992196364,0.23703249648571154,0.2121363042946521,0.36131323412596483,0.46207210652211594,0.10075887239615111,0.40740238177430316,0.046089147648338324
2024/25,False,0.15,2024/25|2025-05-04|Augsburg|Holstein Kiel,2025-05-04,Augsburg,Holstein Kiel,1,3,286,72,away_win,2,0.474614400211041,0.2989910115437881,0.22639458824517075,0.5424748158171704,0.2368365659299354,0.22068861825289432,0.4118620809920225,0.4508025777582281,0.03894049676620559,0.3924640084351889,-0.019398072556833568
2024/25,False,0.15,2024/25|2025-04-19|Freiburg|Hoffenheim,2025-04-19,Freiburg,Hoffenheim,3,2,262,48,home_win,0,0.634182192031517,0.20662991460461785,0.15918789336386513,0.5011209283924568,0.2558354213372016,0.24304365027034153,0.07958172701024557,0.15397527201236816,0.07439354500212259,0.19127984606127735,0.11169811905103177
2024/25,False,0.15,2024/25|2025-05-17|RB Leipzig|Stuttgart,2025-05-17,RB Leipzig,Stuttgart,2,3,305,91,away_win,2,0.24666963027428812,0.20854958963981443,0.5447807800858979,0.5089974293059126,0.22095115681233932,0.2700514138817481,0.13403522233942902,0.39595166070803134,0.26191643836860234,0.31273794857376025,0.17870272623433123
2024/25,False,0.15,2024/25|2025-05-17|Mainz|Leverkusen,2025-05-17,Mainz,Leverkusen,2,2,304,90,draw,1,0.35572639152775176,0.28861314367070656,0.35566046480154156,0.38174498460705714,0.26168002977096655,0.35657498562197637,0.126517815926102,0.13643747682197743,0.009919660895875426,0.13455162456776612,0.008033808641664114
2024/25,False,0.15,2024/25|2025-05-17|M'gladbach|Wolfsburg,2025-05-17,M'gladbach,Wolfsburg,0,1,303,89,away_win,2,0.3726976032521959,0.2368138643720225,0.3904885323757813,0.42285539972255104,0.2361802110645468,0.3409643892129021,0.2552038663176799,0.30656731268002074,0.05136344636234086,0.32689501404360655,0.07169114772592666
2024/25,False,0.15,2024/25|2025-05-17|Hoffenheim|Bayern Munich,2025-05-17,Hoffenheim,Bayern Munich,0,4,302,88,away_win,2,0.13689179900890724,0.15304994971910618,0.7100582512719869,0.2140983962156585,0.20898975769424363,0.5769118460900978,0.051402791145676766,0.11242085462050305,0.06101806347482629,0.08003592977447113,0.028633138628794366
2024/25,False,0.15,2024/25|2025-05-17|Heidenheim|Werder Bremen,2025-05-17,Heidenheim,Werder Bremen,1,4,301,87,away_win,2,0.30638686856410674,0.25756389230272814,0.436049239133165,0.3553544043388816,0.25826818776884236,0.386377407892276,0.20595668695540056,0.2514047191140218,0.04544803215862123,0.24511599546324625,0.039159308507845686
2024/25,False,0.15,2024/25|2025-05-17|Freiburg|Ein Frankfurt,2025-05-17,Freiburg,Ein Frankfurt,1,3,300,86,away_win,2,0.46005399904011507,0.25159030320994286,0.28835569774994235,0.40893158122399065,0.26447205524812434,0.3265963635278851,0.359043647478887,0.31034874786811084,-0.048694899610776166,0.24677531270817693,-0.11226833477071008
2024/25,False,0.15,2024/25|2025-05-17|Dortmund|Holstein Kiel,2025-05-17,Dortmund,Holstein Kiel,3,0,299,85,home_win,0,0.7800213564044588,0.12391598154520453,0.09606266205033676,0.8544110666576253,0.09195090526886825,0.053638028073506476,0.028809319339165664,0.012036587783692335,-0.01677273155547333,0.08689143208068627,0.0580821127415206
2024/25,False,0.15,2024/25|2025-05-17|Augsburg|Union Berlin,2025-05-17,Augsburg,Union Berlin,1,2,298,84,away_win,2,0.35652123126375446,0.3184242595431122,0.3250545091931335,0.5107785532442137,0.26300250709051665,0.22621893966526951,0.29132940195117274,0.42981592989349593,0.1384865279423232,0.31935973953869745,0.028030337587524712
2024/25,False,0.15,2024/25|2025-05-03|Union Berlin|Werder Bremen,2025-05-03,Union Berlin,Werder Bremen,2,2,285,71,draw,1,0.3880146014026466,0.2725594389390748,0.3394259596582783,0.28812601591710485,0.27904468017186657,0.4328293039110286,0.13288265649579906,0.13517890368618465,0.0022962471903855974,0.1303107086742167,-0.002571947821582349
2024/25,False,0.15,2024/25|2025-05-11|Stuttgart|Augsburg,2025-05-11,Stuttgart,Augsburg,4,0,297,83,home_win,0,0.6268775899403806,0.22811551982462638,0.14500689023499286,0.6320832899342902,0.20231954677813052,0.16559716328757942,0.08012366555216105,0.08139256301723438,0.001268897465073332,0.17882670125749858,0.09870303570533753
2024/25,False,0.15,2024/25|2025-05-11|Ein Frankfurt|St Pauli,2025-05-11,Ein Frankfurt,St Pauli,2,2,295,81,draw,1,0.6369034714388928,0.20663946169281888,0.1564570668682884,0.6164787249329229,0.22301188897343063,0.1605093860936466,0.21506242285197028,0.20290464065954084,-0.01215778219242944,0.14036753697867146,-0.07469488587329881
2024/25,False,0.15,2024/25|2025-05-10|Werder Bremen|RB Leipzig,2025-05-10,Werder Bremen,RB Leipzig,0,0,294,80,draw,1,0.4904703904630336,0.2383586526729161,0.2711709568640504,0.49759099666088596,0.23212977116955205,0.270279232169562,0.15704744588376265,0.16032383165007089,0.003276385766308232,0.1347462724622473,-0.022301173421515358
2024/25,False,0.15,2024/25|2025-05-10|Union Berlin|Heidenheim,2025-05-10,Union Berlin,Heidenheim,0,3,293,79,away_win,2,0.5219872376567073,0.2614629737396694,0.21654978860362323,0.4606794550462813,0.2722783333746929,0.2670422115790257,0.4431324550067536,0.37472633995435223,-0.06840611505240135,0.3823990235662825,-0.06073343144047105
2024/25,False,0.15,2024/25|2025-05-10|Holstein Kiel|Freiburg,2025-05-10,Holstein Kiel,Freiburg,1,2,292,78,away_win,2,0.21698844147634444,0.24752769096795646,0.5354838675556995,0.27083599146180404,0.2525457686617861,0.47661823987641,0.13142961051767213,0.17364030055058283,0.0422106900329107,0.23797865135598095,0.10654904083830882
2024/25,False,0.15,2024/25|2025-05-10|Bochum|Mainz,2025-05-10,Bochum,Mainz,1,4,291,77,away_win,2,0.34263611452755977,0.2506101562787407,0.40675372919369907,0.30801263641585297,0.24956921309592192,0.4424181504882252,0.2346703224020627,0.20288465154840804,-0.03178567085365466,0.18799686180059308,-0.046673460601469624
2024/25,False,0.15,2024/25|2025-05-10|Bayern Munich|M'gladbach,2025-05-10,Bayern Munich,M'gladbach,2,0,290,76,home_win,0,0.84328767014545,0.08545180736681192,0.07126052248773786,0.8409785932721712,0.10091743119266053,0.05810397553516819,0.014818408196833348,0.014331939885344501,-0.0004864683114888472,0.05434373148166218,0.039525323284828835
2024/25,False,0.15,2024/25|2025-05-09|Wolfsburg|Hoffenheim,2025-05-09,Wolfsburg,Hoffenheim,2,2,289,75,draw,1,0.5539742312287839,0.22859762385198248,0.21742814491923354,0.3262779972659947,0.26859348946206196,0.40512851327194344,0.1770812235342707,0.1352932218829218,-0.04178800165134888,0.1474594755849245,-0.02962174794934619
2024/25,False,0.15,2024/25|2025-05-04|Mainz|Ein Frankfurt,2025-05-04,Mainz,Ein Frankfurt,1,1,288,74,draw,1,0.3818114029384022,0.23916321106692676,0.37902538599467084,0.4099260570245826,0.2683770041846025,0.3216969387908149,0.14472009532110017,0.13576414632755132,-0.008955948993548846,0.13011260607517156,-0.014607489245928612
2024/25,False,0.15,2024/25|2025-05-04|Freiburg|Leverkusen,2025-05-04,Freiburg,Leverkusen,2,2,287,73,draw,1,0.35746560507259206,0.2826263570807594,0.35990803784664854,0.3016434122185882,0.26914591753205525,0.4292106702493567,0.1286577272582695,0.1376052737953875,0.008947546537118017,0.16600256966394675,0.03734484240567726
2024/25,False,0.15,2024/25|2025-05-11|Leverkusen|Dortmund,2025-05-11,Leverkusen,Dortmund,2,4,296,82,away_win,2,0.37953389032113594,0.2707301247791395,0.3497359848997244,0.37566253514639847,0.25011978561161236,0.3742176792419892,0.2834446316183136,0.2663629266429505,-0.0170817049753631,0.35881880680524253,0.0753741751869289
2024/25,False,0.15,2024/25|2025-04-13|Stuttgart|Werder Bremen,2025-04-13,Stuttgart,Werder Bremen,1,2,261,47,away_win,2,0.5473645116114872,0.22670693825087623,0.22592855013763655,0.5555010464775363,0.22555146898739875,0.21894748453506496,0.4493972590318518,0.45931222227587026,0.009914963244018471,0.3919143351523173,-0.05748292387953452
2024/25,False,0.15,2024/25|2025-05-03|St Pauli|Stuttgart,2025-05-03,St Pauli,Stuttgart,0,1,284,70,away_win,2,0.32721198478848673,0.28273911225366705,0.3900489029578465,0.3400628272251309,0.27551832460732983,0.3844188481675393,0.2395540118860739,0.24729144047586418,0.007737428589790291,0.2502434712949135,0.010689459408839586
2024/25,False,0.15,2024/25|2025-04-12|M'gladbach|Freiburg,2025-04-12,M'gladbach,Freiburg,1,2,259,45,away_win,2,0.36603872087223627,0.24692865572383677,0.38703262340392713,0.4253513501649755,0.25633015575731416,0.3183184940777104,0.25485667497442743,0.3228067233018241,0.06795004832739665,0.3640427792151434,0.10918610424071595
2024/25,False,0.15,2024/25|2025-03-16|Stuttgart|Leverkusen,2025-03-16,Stuttgart,Leverkusen,3,4,234,20,away_win,2,0.33639016402567407,0.26940734266969596,0.39420249330463003,0.2912880218632657,0.2820005776879152,0.42671140044881906,0.24007448078577337,0.20675426502818434,-0.03332021575758903,0.20716550191361258,-0.03290897887216079
2024/25,False,0.15,2024/25|2025-03-16|Heidenheim|Holstein Kiel,2025-03-16,Heidenheim,Holstein Kiel,3,1,233,19,home_win,0,0.4838536318843841,0.26691409842962666,0.24923226968598944,0.47426971315296085,0.2678382677585591,0.25789201908848003,0.16426189878588526,0.1714503140089015,0.007188415223016248,0.29146337723205806,0.1272014784461728
2024/25,False,0.15,2024/25|2025-03-16|Bochum|Ein Frankfurt,2025-03-16,Bochum,Ein Frankfurt,1,3,232,18,away_win,2,0.2698853075814873,0.20482621011378896,0.5252884823047238,0.35647099210435973,0.27490559560590455,0.36862341228973566,0.14909455214045333,0.26285398186026177,0.11375942971980843,0.2533496000158361,0.10425504787538278
2024/25,False,0.15,2024/25|2025-03-15|Werder Bremen|M'gladbach,2025-03-15,Werder Bremen,M'gladbach,2,4,231,17,away_win,2,0.508999839268346,0.2309841631978899,0.26001599753376425,0.43408360128617357,0.25723472668810293,0.30868167202572344,0.4033285801405761,0.33317480174936154,-0.07015377839121456,0.25354403761970845,-0.14978454252086765
2024/25,False,0.15,2024/25|2025-03-15|Union Berlin|Bayern Munich,2025-03-15,Union Berlin,Bayern Munich,1,1,230,16,draw,1,0.12514264012555085,0.15055232148817763,0.7243050383862719,0.1034610475452432,0.1777163012262388,0.7188226512285181,0.27013923450466565,0.2637050961391774,-0.006434138365488229,0.1759939041976715,-0.09414533030699415
2024/25,False,0.15,2024/25|2025-03-15|RB Leipzig|Dortmund,2025-03-15,RB Leipzig,Dortmund,2,0,229,15,home_win,0,0.28837630254268326,0.24529415539897986,0.4663295420583364,0.3471810089020772,0.26706231454005935,0.3857566765578635,0.3619357642895804,0.2874904243235389,-0.07444533996604152,0.2069779270829773,-0.1549578372066031
2024/25,False,0.15,2024/25|2025-03-15|Mainz|Freiburg,2025-03-15,Mainz,Freiburg,2,2,228,14,draw,1,0.4588645944056129,0.27422069203440197,0.26691471355998525,0.5214229779617408,0.2739680053697282,0.20460901666853115,0.1409000901569183,0.1568733858242766,0.015973295667358306,0.15144539964320033,0.010545309486282045
2024/25,False,0.15,2024/25|2025-03-15|Augsburg|Wolfsburg,2025-03-15,Augsburg,Wolfsburg,1,0,227,13,home_win,0,0.354356197205681,0.2919417754674699,0.35370202732684913,0.3923984833659491,0.29669153620352245,0.31090998043052837,0.2709805221109163,0.23292230947365522,-0.03805821263726106,0.2609085499885677,-0.01007197212234856
2024/25,False,0.15,2024/25|2025-04-13|Ein Frankfurt|Heidenheim,2025-04-13,Ein Frankfurt,Heidenheim,3,0,260,46,home_win,0,0.6628976782886756,0.18338355819289887,0.1537187635184254,0.551131221719457,0.23891402714932128,0.2099547511312217,0.06863371678039942,0.12278208881882022,0.054148372038420794,0.12959282475389738,0.06095910797349796
2024/25,False,0.15,2024/25|2025-03-28|Leverkusen|Bochum,2025-03-28,Leverkusen,Bochum,3,1,235,21,home_win,0,0.7631054411720727,0.13575355763080255,0.10114100119712456,0.7864521511644739,0.13779717178522832,0.0757506770502978,0.033174267062717554,0.025670424407929618,-0.007503842654787936,0.07673711544740583,0.043562848384688276
2024/25,False,0.15,2024/25|2025-03-09|Hoffenheim|Heidenheim,2025-03-09,Hoffenheim,Heidenheim,1,1,225,11,draw,1,0.4662141960947685,0.2522808753494735,0.28150492855575787,0.5028480208975802,0.2520770598265791,0.24507491927584082,0.14830035072073686,0.15645892408933657,0.008158573368599709,0.15228226570707357,0.00398191498633671
2024/25,False,0.15,2024/25|2025-03-08|Wolfsburg|St Pauli,2025-03-08,Wolfsburg,St Pauli,1,1,223,9,draw,1,0.5869246606371732,0.24004014415539515,0.17303519520743163,0.5240215724110632,0.2723145811686706,0.2036638464202662,0.18721086802226744,0.15803878534543045,-0.02917208267683699,0.15429641128881433,-0.03291445673345311
2024/25,False,0.15,2024/25|2025-03-08|Leverkusen|Werder Bremen,2025-03-08,Leverkusen,Werder Bremen,0,2,222,8,away_win,2,0.7395472395655316,0.15484911549945798,0.10560364493501034,0.7289400964826004,0.16890075406304153,0.10215914945435813,0.6734374797512683,0.6687359285842922,-0.004701551166976126,0.6062876080684891,-0.0671498716827792
2024/25,False,0.15,2024/25|2025-03-08|Holstein Kiel|Stuttgart,2025-03-08,Holstein Kiel,Stuttgart,2,2,221,7,draw,1,0.20687398867200826,0.22453841166312113,0.5685875996648707,0.15580306588374815,0.20138031129787362,0.6428166228183781,0.18304435284086268,0.21874390295520038,0.0356995501143377,0.14469742074040792,-0.038346932100454756
2024/25,False,0.15,2024/25|2025-03-08|Freiburg|RB Leipzig,2025-03-08,Freiburg,RB Leipzig,0,0,220,6,draw,1,0.5032514266062595,0.2473391679007066,0.24940940549303375,0.3801714412886491,0.2887949227593299,0.331033635952021,0.157733524964812,0.12705679645155196,-0.030676728513260032,0.1421452799174574,-0.015588245047354593
2024/25,False,0.15,2024/25|2025-03-08|Dortmund|Augsburg,2025-03-08,Dortmund,Augsburg,0,1,219,5,away_win,2,0.6158614845427476,0.23050679530627655,0.15363172015097593,0.6854014882528169,0.19844273068510712,0.11615578106207593,0.5478123166388965,0.6254779017245826,0.0776655850856861,0.3114094192634266,-0.23640289737546993
2024/25,False,0.15,2024/25|2025-03-08|Bayern Munich|Bochum,2025-03-08,Bayern Munich,Bochum,2,3,218,4,away_win,2,0.8626823401582654,0.07445784514783133,0.0628598146939033,0.8260082159105968,0.117142983347321,0.05684880074208225,0.8112262734682433,0.7859118787067279,-0.025314394761515424,0.6434170012698825,-0.16780927219836073
2024/25,False,0.15,2024/25|2025-03-07|M'gladbach|Mainz,2025-03-07,M'gladbach,Mainz,1,3,217,3,away_win,2,0.3261651182388364,0.2576159246647251,0.4162189570964384,0.3568278405901692,0.278325715660332,0.36484644374949887,0.223591995204662,0.2653730739189509,0.04178107871428888,0.26445259550789524,0.04086060030323324
2024/25,False,0.15,2024/25|2025-03-02|Union Berlin|Holstein Kiel,2025-03-02,Union Berlin,Holstein Kiel,0,1,216,2,away_win,2,0.5588654815075266,0.23594015789598227,0.20519436059649135,0.6166146535549627,0.22203784543148883,0.16134750101354856,0.47202331542413,0.5417758225174634,0.06975250709333336,0.3552738138512046,-0.11674950157292541
2024/25,False,0.15,2024/25|2025-03-02|Augsburg|Freiburg,2025-03-02,Augsburg,Freiburg,0,0,215,1,draw,1,0.29911466041716156,0.31233700162556116,0.3885483379572771,0.3834359480563376,0.31315990612961336,0.30340414581404906,0.12021969550291822,0.11953860097950761,-0.0006810945234106136,0.12955899875216834,0.009339303249250114
2024/25,False,0.15,2024/25|2025-03-09|Ein Frankfurt|Union Berlin,2025-03-09,Ein Frankfurt,Union Berlin,1,2,224,10,away_win,2,0.609883062405126,0.19751435783314686,0.19260257976172723,0.48875095666598106,0.2650175487098917,0.24623149462412716,0.5119239720080365,0.40352222866924436,-0.10840174333879216,0.4171384697814524,-0.0947855022265841
2024/25,False,0.15,2024/25|2025-03-29|Bayern Munich|St Pauli,2025-03-29,Bayern Munich,St Pauli,3,2,236,22,home_win,0,0.7846262183946793,0.1391793654605919,0.07619441614472862,0.8613474682661459,0.10154833310085089,0.03710419863300321,0.026095727427306245,0.010300623056202381,-0.015795104371103864,0.07808268258359703,0.05198695515629079
2024/25,False,0.15,2024/25|2025-03-14|St Pauli|Hoffenheim,2025-03-14,St Pauli,Hoffenheim,1,0,226,12,home_win,0,0.4810884412151471,0.27068301425303015,0.24822854453182236,0.41442991940975316,0.30245661820277014,0.28311346238747676,0.16544330808045649,0.2115227759337467,0.0460794678532902,0.2291485093757298,0.06370520129527332
2024/25,False,0.15,2024/25|2025-03-29|Hoffenheim|Augsburg,2025-03-29,Hoffenheim,Augsburg,1,1,238,24,draw,1,0.3336690652353307,0.31434795030411566,0.35198298446055326,0.4118856084532597,0.2833965119386859,0.30471787960805424,0.11761353322238885,0.13125137030187034,0.01363783707948149,0.11797959364415245,0.00036606042176359765
2024/25,False,0.15,2024/25|2025-03-29|Ein Frankfurt|Stuttgart,2025-03-29,Ein Frankfurt,Stuttgart,1,0,237,23,home_win,0,0.4186416274824996,0.23000363361749082,0.35135473890000973,0.3777817599426568,0.2571706967419669,0.3650475433153763,0.23071385492184537,0.2602076235703246,0.029493768648479246,0.20929392920027226,-0.021419925721573113
2024/25,False,0.15,2024/25|2025-04-12|Leverkusen|Union Berlin,2025-04-12,Leverkusen,Union Berlin,0,0,258,44,draw,1,0.6625562836843808,0.1987966507974824,0.13864706551813677,0.7016993043945823,0.18912989063760222,0.10917080496781549,0.2291019189132241,0.2521500892225807,0.023048170309356603,0.18205856037909737,-0.04704335853412672
2024/25,False,0.15,2024/25|2025-04-12|Holstein Kiel|St Pauli,2025-04-12,Holstein Kiel,St Pauli,1,2,257,43,away_win,2,0.34915788073843446,0.308122424689357,0.3427196945722086,0.2711679591382885,0.27814084951613016,0.4506911913455813,0.27696431279250283,0.18763611466428062,-0.08932819812822221,0.23696262911080695,-0.040001683681695877
2024/25,False,0.15,2024/25|2025-04-12|Hoffenheim|Mainz,2025-04-12,Hoffenheim,Mainz,2,0,256,42,home_win,0,0.3068338253025835,0.2547214209355742,0.4384447537618421,0.39574235807860264,0.27974890829694327,0.32450873362445415,0.3363565739229659,0.23521660800947733,-0.10113996591348859,0.3589624398670926,0.02260586594412667
2024/25,False,0.15,2024/25|2025-04-12|Bochum|Augsburg,2025-04-12,Bochum,Augsburg,1,2,255,41,away_win,2,0.3878342484869576,0.2897886057542171,0.32237714575882476,0.4107692944216469,0.29060394859083677,0.29862675698751634,0.3047940684446997,0.3303279196267531,0.025533851182053424,0.22308725043587072,-0.08170681800882898
2024/25,False,0.15,2024/25|2025-04-12|Bayern Munich|Dortmund,2025-04-12,Bayern Munich,Dortmund,2,2,254,40,draw,1,0.6587105209747082,0.19444316968520597,0.14684630934008558,0.6723409116874214,0.1809665257625957,0.14669256254998286,0.2277316945047878,0.2367805047180768,0.009048810213288988,0.2132483323733551,-0.014483362131432698
2024/25,False,0.15,2024/25|2025-04-06|Union Berlin|Wolfsburg,2025-04-06,Union Berlin,Wolfsburg,1,0,252,38,home_win,0,0.4050758879796633,0.26183342864909154,0.3330906833712451,0.42138877413159737,0.28629649065999707,0.2923147352084054,0.23244205120595457,0.21011942756044796,-0.022322623645506606,0.32615749648131126,0.09371544527535669
2024/25,False,0.15,2024/25|2025-04-06|St Pauli|M'gladbach,2025-04-06,St Pauli,M'gladbach,1,1,251,37,draw,1,0.43505709167352224,0.2708805639757996,0.2940623443506782,0.42283884263823923,0.2693987086060804,0.3077624487556804,0.13787366769022016,0.13675520585386922,-0.001118461836350948,0.12720977098735536,-0.0106638967028648
2024/25,False,0.15,2024/25|2025-04-05|Werder Bremen|Ein Frankfurt,2025-04-05,Werder Bremen,Ein Frankfurt,2,0,250,36,home_win,0,0.3316363282549333,0.22431623933339415,0.44404743241167266,0.4161456193152161,0.2624745954710527,0.3213797852137312,0.3219440599699731,0.2220854520944183,-0.09985860787555481,0.3258138194825374,0.003869759512564297
2024/25,False,0.15,2024/25|2025-04-05|RB Leipzig|Hoffenheim,2025-04-05,RB Leipzig,Hoffenheim,3,1,249,35,home_win,0,0.6227787717649157,0.1995878389126634,0.17763338932242112,0.5647085799695969,0.22640996679433717,0.2088814532360659,0.08692473801667816,0.1165550409290478,0.029630302912369635,0.17201107999313947,0.08508634197646131
2024/25,False,0.15,2024/25|2025-04-11|Wolfsburg|RB Leipzig,2025-04-11,Wolfsburg,RB Leipzig,2,3,253,39,away_win,2,0.5320363698856988,0.22575790953026395,0.24220572058403697,0.35348793540512624,0.25922448596375924,0.3872875786311144,0.4286574343983552,0.2501851158883507,-0.1784723185100045,0.30639216657367624,-0.12226526782467895
2024/25,False,0.15,2024/25|2025-04-05|Heidenheim|Leverkusen,2025-04-05,Heidenheim,Leverkusen,0,1,247,33,away_win,2,0.186947414041988,0.20996082315010614,0.6030917628079062,0.15760340729633587,0.2109460989966342,0.63145049370703,0.09624274218396106,0.08033378629010336,-0.0159089558938577,0.11069223012589458,0.014449487941933514
2024/25,False,0.15,2024/25|2025-04-05|Mainz|Holstein Kiel,2025-04-05,Mainz,Holstein Kiel,1,1,248,34,draw,1,0.6115848338808938,0.22684201568898535,0.16157315043012074,0.6733367462772942,0.1912435729071605,0.1354196808155452,0.20007094598651745,0.2358604319197387,0.03578948593322126,0.20264841627549315,0.002577470288975703
2024/25,False,0.15,2024/25|2025-03-29|M'gladbach|RB Leipzig,2025-03-29,M'gladbach,RB Leipzig,1,0,240,26,home_win,0,0.378898012404007,0.22922841415469986,0.39187357344129314,0.323397294420066,0.2623789369823177,0.4142237685976164,0.2696662882786708,0.3146862758346492,0.045019987555978414,0.19670442367870664,-0.07296186459996415
2024/25,False,0.15,2024/25|2025-03-29|Wolfsburg|Heidenheim,2025-03-29,Wolfsburg,Heidenheim,0,1,241,27,away_win,2,0.639310274105408,0.19909854613549424,0.16159117975909779,0.5649484882607015,0.23992874069343376,0.19512277104586476,0.5558234882172367,0.48349707403846975,-0.07232641417876695,0.5197741850685488,-0.03604930314868793
2024/25,False,0.15,2024/25|2025-03-30|Dortmund|Mainz,2025-03-30,Dortmund,Mainz,3,1,242,28,home_win,0,0.5762165103579748,0.22694602758692337,0.19683746205510155,0.5791939916732429,0.2281259353996027,0.1926800729271545,0.10916871628073305,0.10710165357355614,-0.0020670627071769088,0.3396130406232986,0.23044432434256557
2024/25,False,0.15,2024/25|2025-03-29|Holstein Kiel|Werder Bremen,2025-03-29,Holstein Kiel,Werder Bremen,0,3,239,25,away_win,2,0.34107510763869703,0.256357886750398,0.4025670056109047,0.30581879243629995,0.2600277433014529,0.4341534642622472,0.2366292059177346,0.2068537179068064,-0.02977548801092819,0.34692156707257044,0.11029236115483584
2024/25,False,0.15,2024/25|2025-04-04|Augsburg|Bayern Munich,2025-04-04,Augsburg,Bayern Munich,1,3,244,30,away_win,2,0.13223205955092815,0.1953978135715565,0.6723701268775153,0.1247011676915636,0.18900020728252606,0.6862986250259102,0.0624133256676678,0.056979466942136944,-0.005433858725530857,0.1663444452237347,0.1039311195560669
2024/25,False,0.15,2024/25|2025-04-05|Bochum|Stuttgart,2025-04-05,Bochum,Stuttgart,0,4,245,31,away_win,2,0.2738539094881661,0.21505345736856799,0.5110926331432656,0.3845222591818887,0.2811680103266411,0.3343097304914702,0.1570131885543689,0.2955004513623413,0.1384872628079724,0.25254129156244526,0.09552810300807635
2024/25,False,0.15,2024/25|2025-04-05|Freiburg|Dortmund,2025-04-05,Freiburg,Dortmund,1,4,246,32,away_win,2,0.30548585780615894,0.2589745480989825,0.4355395940948587,0.28408723689974363,0.264015856031827,0.45189690706842944,0.20596857957708092,0.19056127932524253,-0.015407300251838396,0.32700669199464666,0.12103811241756574
2024/25,False,0.15,2024/25|2025-03-30|Freiburg|Union Berlin,2025-03-30,Freiburg,Union Berlin,1,2,243,29,away_win,2,0.5612589251640638,0.24329219639329466,0.19544887844264128,0.4952867658740666,0.2789546152624053,0.22575861886352802,0.48115704413776184,0.42237934835705204,-0.05877769578070979,0.3704707629308671,-0.11068628120689472
2025/26,False,0.15,2025/26|2026-04-25|FC Koln|Leverkusen,2026-04-25,FC Koln,Leverkusen,1,2,273,61,away_win,2,0.3272432967605431,0.23233504676284308,0.4404216564766139,0.2659296482412061,0.23879396984924622,0.4952763819095478,0.21010804890754284,0.16273225423600418,-0.04737579467153866,0.2822251399351449,0.07211709102760208
2025/26,False,0.15,2025/26|2026-05-02|Bayern Munich|Heidenheim,2026-05-02,Bayern Munich,Heidenheim,3,3,280,68,draw,1,0.8444701973024711,0.08312656205244548,0.07240324064508345,0.7468746636833862,0.1428015290198887,0.1103238072967253,0.35918607169399214,0.2849965528543081,-0.07418951883968405,0.33364400478424217,-0.025542066909749972
2025/26,False,0.15,2025/26|2026-04-26|Stuttgart|Werder Bremen,2026-04-26,Stuttgart,Werder Bremen,1,1,279,67,draw,1,0.6459539621499473,0.20415969188954464,0.14988634596050818,0.6153420634961666,0.20784887478092737,0.17680906172290609,0.2198612189613043,0.20495364970752736,-0.014907569253776953,0.21643462815927822,-0.0034265908020260916
2025/26,False,0.15,2025/26|2026-04-26|Dortmund|Freiburg,2026-04-26,Dortmund,Freiburg,4,0,278,66,home_win,0,0.6003566503112967,0.2242004617402101,0.17544288794849336,0.6658120468419598,0.19237602173097612,0.14181193142706394,0.09524750694105735,0.06589610596551738,-0.029351400975539968,0.12255668365516723,0.027309176714109873
2025/26,False,0.15,2025/26|2026-04-25|Wolfsburg|M'gladbach,2026-04-25,Wolfsburg,M'gladbach,0,0,277,65,draw,1,0.3883577280403636,0.25858887804076136,0.35305339391887486,0.4411298807461092,0.2562179033374662,0.30265221591642455,0.1377342119431547,0.14309696774309932,0.005362755799944635,0.1352765205517823,-0.002457691391372391
2025/26,False,0.15,2025/26|2026-04-25|Mainz|Bayern Munich,2026-04-25,Mainz,Bayern Munich,3,4,276,64,away_win,2,0.2545927971634699,0.1891826739994262,0.5562245288371037,0.25719354036928715,0.22123520178685127,0.5215712578438616,0.13087708058668507,0.14752128926439645,0.01664420867771138,0.08478998705033775,-0.04608709353634732
2025/26,False,0.15,2025/26|2026-04-25|Heidenheim|St Pauli,2026-04-25,Heidenheim,St Pauli,2,0,275,63,home_win,0,0.5563313337982105,0.25423198246258666,0.18943668373920294,0.40719987875957947,0.2767025882372216,0.3160975330031989,0.1163640712576908,0.22566481705668293,0.10930074579899213,0.21187810127713866,0.09551403001944786
2025/26,False,0.15,2025/26|2026-04-25|Hamburg|Hoffenheim,2026-04-25,Hamburg,Hoffenheim,1,2,274,62,away_win,2,0.26297237990387157,0.22910671618240414,0.5079209039137244,0.21542106209727935,0.22474216574571929,0.5598367721570014,0.15564815469869617,0.12007495057014372,-0.035573204128552444,0.2044171735012547,0.048769018802558545
2025/26,False,0.15,2025/26|2026-04-25|Augsburg|Ein Frankfurt,2026-04-25,Augsburg,Ein Frankfurt,1,1,272,60,draw,1,0.41270616303992974,0.2586599237197104,0.32863391324036023,0.39628105655641765,0.2534480470116926,0.35027089643188974,0.13916331297140672,0.13986418833633513,0.0007008753649284105,0.13616434647872494,-0.002998966492681776
2025/26,False,0.15,2025/26|2026-04-12|Stuttgart|Hamburg,2026-04-12,Stuttgart,Hamburg,4,0,261,49,home_win,0,0.7147587621235333,0.15836446222603381,0.12687677565043295,0.734943948137306,0.15863882860299355,0.10641722325970042,0.048730139992374674,0.04078966801767203,-0.007940471974702643,0.11905585472230906,0.07032571472993439
2025/26,False,0.15,2025/26|2026-04-19|M'gladbach|Mainz,2026-04-19,M'gladbach,Mainz,1,1,270,58,draw,1,0.3908210475411115,0.2628521023072839,0.3463268501516047,0.4222626688380112,0.269374461155283,0.30836287000670565,0.13634168916853184,0.13669671054648624,0.0003550213779544009,0.12349403982667961,-0.01284764934185223
2025/26,False,0.15,2025/26|2026-04-19|Freiburg|Heidenheim,2026-04-19,Freiburg,Heidenheim,2,1,269,57,home_win,0,0.5648102649371249,0.23881437340436784,0.19637536165850705,0.5794237066899233,0.22783165165963004,0.19274464165044675,0.11397669408530245,0.1070174576897014,-0.0069592363956010456,0.13300355450713833,0.01902686042183588
2025/26,False,0.15,2025/26|2026-04-19|Bayern Munich|Stuttgart,2026-04-19,Bayern Munich,Stuttgart,4,2,268,56,home_win,0,0.6660968617252985,0.1673335794613486,0.16656955881335272,0.6448136547694931,0.18244727441152325,0.1727390708189835,0.06961836183648473,0.07799806321280531,0.008379701376320575,0.07274018429162198,0.0031218224551372437
2025/26,False,0.15,2025/26|2026-04-18|Werder Bremen|Hamburg,2026-04-18,Werder Bremen,Hamburg,3,1,267,55,home_win,0,0.49803037598729005,0.2604617077346068,0.241507916278103,0.5258246585554166,0.24900162402491954,0.22517371741966408,0.15514978852822633,0.13777272872533894,-0.017377059802887396,0.25220757194349286,0.09705778341526652
2025/26,False,0.15,2025/26|2026-04-18|Union Berlin|Wolfsburg,2026-04-18,Union Berlin,Wolfsburg,1,2,266,54,away_win,2,0.4709012735781059,0.25300514087256826,0.27609358554932567,0.43850250651067124,0.26359420335192035,0.29790329013740835,0.3728942531701567,0.3426121191080087,-0.03028213406214797,0.34155134635433265,-0.03134290681582402
2025/26,False,0.15,2025/26|2026-04-18|Leverkusen|Augsburg,2026-04-18,Leverkusen,Augsburg,1,2,265,53,away_win,2,0.6392305977766709,0.18880879769253156,0.17196060453079764,0.6802108482839465,0.18051749435227807,0.13927165736377536,0.5471324987914612,0.6017700389702341,0.05463754017877287,0.46549713921158054,-0.08163535957988066
2025/26,False,0.15,2025/26|2026-04-18|Hoffenheim|Dortmund,2026-04-18,Hoffenheim,Dortmund,2,1,264,52,home_win,0,0.343194851107992,0.25373934826933625,0.40306580062267205,0.42898498913917793,0.2459364204750784,0.32507859038574377,0.296927521621324,0.2158671162777834,-0.08106040534354061,0.2827846266334678,-0.014142894987856203
2025/26,False,0.15,2025/26|2026-04-18|Ein Frankfurt|RB Leipzig,2026-04-18,Ein Frankfurt,RB Leipzig,1,3,263,51,away_win,2,0.2996296340445343,0.2526227673442503,0.447747598611215,0.3238243523435875,0.24141147089881837,0.43476417675759416,0.19738031621867042,0.21217687352363207,0.014796557304961655,0.19941148722033467,0.0020311710016642504
2025/26,False,0.15,2025/26|2026-04-17|St Pauli|FC Koln,2026-04-17,St Pauli,FC Koln,1,1,262,50,draw,1,0.2553622772897562,0.278984966831987,0.46565275587825683,0.33280206122566947,0.28876978850965784,0.3784281502646726,0.14102119085981288,0.12698253843439797,-0.01403865242541491,0.13137746111937076,-0.009643729740442114
2025/26,False,0.15,2025/26|2026-04-24|RB Leipzig|Union Berlin,2026-04-24,RB Leipzig,Union Berlin,3,1,271,59,home_win,0,0.5956724008415986,0.2221937260127369,0.18213387314566473,0.6216741698305767,0.2133472719191297,0.1649785582502936,0.09832677759411898,0.08517417922786444,-0.013152598366254542,0.1201968006911155,0.021870023096996524
2025/26,False,0.15,2025/26|2026-05-02|Ein Frankfurt|Hamburg,2026-05-02,Ein Frankfurt,Hamburg,1,2,281,69,away_win,2,0.5813964122405327,0.2314166662282271,0.1871869215312404,0.5635059760956176,0.22486055776892427,0.21163346613545816,0.4993434443480129,0.4695303884065332,-0.029813055941479705,0.4237785631921337,-0.07556488115587923
2025/26,False,0.15,2025/26|2026-05-16|St Pauli|Wolfsburg,2026-05-16,St Pauli,Wolfsburg,1,3,304,92,away_win,2,0.29987388085515393,0.2880022490795617,0.41212387006528445,0.3650938924935035,0.2625394283099351,0.37236667919656136,0.21776134428307484,0.263608567859405,0.04584722357633017,0.27638752026459884,0.058626175981524004
2025/26,False,0.15,2025/26|2026-05-02|Leverkusen|RB Leipzig,2026-05-02,Leverkusen,RB Leipzig,4,1,283,71,home_win,0,0.373135155632818,0.22570461195997432,0.40116023240720766,0.44726508088552386,0.23369600476268618,0.31903891435179,0.2769445325842481,0.2036508598396276,-0.07329367274462051,0.2440649575692799,-0.032879575014968215
2025/26,False,0.15,2025/26|2026-04-12|Mainz|Freiburg,2026-04-12,Mainz,Freiburg,0,1,260,48,away_win,2,0.4995492472001503,0.2301192506054401,0.2703315021944095,0.4272921784610508,0.2937633726919724,0.2789444488469767,0.3909827835340519,0.3512498568112903,-0.03973292672276163,0.32916009064272067,-0.06182269289133124
2025/26,False,0.15,2025/26|2026-05-16|M'gladbach|Hoffenheim,2026-05-16,M'gladbach,Hoffenheim,4,0,303,91,home_win,0,0.32940948241668944,0.24886134094422452,0.4217291766390857,0.21349334079029958,0.2106017831272256,0.5759048760824749,0.3137735703506669,0.4751295756383872,0.16135600528772032,0.3042844400332332,-0.009489130317433703
2025/26,False,0.15,2025/26|2026-05-16|Leverkusen|Hamburg,2026-05-16,Leverkusen,Hamburg,1,1,302,90,draw,1,0.7158769367849808,0.15907326915282943,0.1250497940621899,0.7360782190460734,0.15102089469927518,0.11290088625465138,0.2640586198078217,0.2772788773355625,0.013220257527740809,0.1570714278532018,-0.10698719195461989
2025/26,False,0.15,2025/26|2026-05-16|Heidenheim|Mainz,2026-05-16,Heidenheim,Mainz,0,2,301,89,away_win,2,0.3264290577892593,0.22523679954406634,0.44833414266667426,0.4852923942341498,0.23063400914098206,0.28407359662486814,0.2054455739582484,0.37402966147558275,0.16858408751733436,0.3033478021807701,0.09790222822252173
2025/26,False,0.15,2025/26|2026-05-16|Freiburg|RB Leipzig,2026-05-16,Freiburg,RB Leipzig,4,1,300,88,home_win,0,0.2747399255888581,0.2271292445210511,0.49813082989009083,0.3816297401628443,0.25031628118208066,0.36805397865507516,0.3870682496109229,0.2589227547274509,-0.128145494883472,0.2965345829415661,-0.0905336666693568
2025/26,False,0.15,2025/26|2026-05-16|Ein Frankfurt|Stuttgart,2026-05-16,Ein Frankfurt,Stuttgart,2,2,299,87,draw,1,0.3029927137260535,0.2562473872120304,0.44075989906191587,0.2678923542644486,0.21987391340572668,0.5122337323298247,0.14303693659607436,0.16707485500494568,0.024037918408871317,0.14951664565579006,0.006479709059715705
2025/26,False,0.15,2025/26|2026-05-16|Bayern Munich|FC Koln,2026-05-16,Bayern Munich,FC Koln,5,1,298,86,home_win,0,0.800201367737198,0.10672590711564574,0.09307272514715617,0.822435011866992,0.10291722431705497,0.07464776381595309,0.024291012810202246,0.018550806826698796,-0.0057402059835034505,0.03524349598690433,0.010952483176702082
2025/26,False,0.15,2025/26|2026-05-10|Mainz|Union Berlin,2026-05-10,Mainz,Union Berlin,1,3,297,85,away_win,2,0.6417909710730433,0.2017792280501575,0.1564298008767993,0.5645739145269982,0.21948306747419602,0.21594301799880575,0.5617531656998183,0.46674452799457966,-0.0950086377052386,0.4258426919727064,-0.13591047372711185
2025/26,False,0.15,2025/26|2026-05-10|Hamburg|Freiburg,2026-05-10,Hamburg,Freiburg,3,2,296,84,home_win,0,0.37391373124259203,0.2764958575191271,0.3495904112382813,0.3187426592080903,0.26103159277765614,0.4202257480142536,0.25709873577816184,0.3203506218385015,0.06325188606033966,0.2253378386253897,-0.03176089715277214
2025/26,False,0.15,2025/26|2026-05-10|FC Koln|Heidenheim,2026-05-10,FC Koln,Heidenheim,1,3,295,83,away_win,2,0.572535678139242,0.2200363444189477,0.20742797744181063,0.46412120580728217,0.23148761376066915,0.3043911804320487,0.47798375684217065,0.3496400617703621,-0.12834369507180854,0.3624754508071673,-0.11550830603500334
2025/26,False,0.15,2025/26|2026-05-09|Wolfsburg|Bayern Munich,2026-05-09,Wolfsburg,Bayern Munich,0,1,294,82,away_win,2,0.18576747275946168,0.15981129680673017,0.6544212304338082,0.17731457944981077,0.18143817432073658,0.6412472462294526,0.07696711995516023,0.08007199921170713,0.0031048792565468997,0.055732460174397105,-0.021234659780763124
2025/26,False,0.15,2025/26|2026-05-09|Stuttgart|Leverkusen,2026-05-09,Stuttgart,Leverkusen,3,1,293,81,home_win,0,0.4547769725094539,0.2193240537624814,0.32589897372806487,0.47151346196170485,0.22774557992810504,0.30074095811018997,0.20173914539148127,0.18487157238636875,-0.01686757300511252,0.19178079894748637,-0.009958346443994903
2025/26,False,0.15,2025/26|2026-05-09|RB Leipzig|St Pauli,2026-05-09,RB Leipzig,St Pauli,2,1,292,80,home_win,0,0.7787994476438118,0.13099946972880233,0.09020108262738609,0.7395833191219987,0.1562846614450813,0.10413201943292001,0.028532959834917618,0.039330162575346404,0.010797202740428787,0.0841484211751437,0.05561546134022609
2025/26,False,0.15,2025/26|2026-05-09|Hoffenheim|Werder Bremen,2026-05-09,Hoffenheim,Werder Bremen,1,0,291,79,home_win,0,0.6307033290700013,0.20605387936567837,0.1632427915643205,0.6341298174637114,0.19271296300745233,0.17315721952883634,0.08151412007884597,0.08192220657204734,0.0004080864932013706,0.10219434464092403,0.02068022456207806
2025/26,False,0.15,2025/26|2026-05-09|Augsburg|M'gladbach,2026-05-09,Augsburg,M'gladbach,3,1,290,78,home_win,0,0.5154298787602309,0.24092561793132136,0.2436445033084475,0.48977191887222515,0.2398626577040898,0.270365423423685,0.14708542319537232,0.16671507847719985,0.01962965528182753,0.20042867957365473,0.05334325637828241
2025/26,False,0.15,2025/26|2026-05-08|Dortmund|Ein Frankfurt,2026-05-08,Dortmund,Ein Frankfurt,3,2,289,77,home_win,0,0.6065170904060814,0.23124388091272555,0.16223902868119297,0.5517041480519972,0.22120213483216863,0.22709371711583418,0.09057515128495647,0.12627036361363608,0.035695212328679615,0.11779597042941824,0.02722081914446177
2025/26,False,0.15,2025/26|2026-05-03|St Pauli|Mainz,2026-05-03,St Pauli,Mainz,1,2,288,76,away_win,2,0.19468397546178035,0.21894266715707644,0.5863733573811432,0.3402314335491329,0.2870050436380722,0.372763522812795,0.10449442489287528,0.25459151334455665,0.15009708845168138,0.20451974738957374,0.10002532249669846
2025/26,False,0.15,2025/26|2026-05-03|M'gladbach|Dortmund,2026-05-03,M'gladbach,Dortmund,1,0,287,75,home_win,0,0.2747997290425362,0.2611728497630052,0.4640274211944585,0.25781132830075487,0.24566315052742088,0.4965255211718243,0.37061844030857927,0.39869080878682084,0.02807236847824157,0.3826476157658928,0.012029175457313523
2025/26,False,0.15,2025/26|2026-05-03|Freiburg|Wolfsburg,2026-05-03,Freiburg,Wolfsburg,1,1,286,74,draw,1,0.505496761286447,0.24327502278388433,0.251228215929669,0.4565447077943285,0.2607010169856193,0.2827542752200523,0.15932129607514572,0.1441915251851129,-0.015129770890032812,0.15121744519093144,-0.008103850884214281
2025/26,False,0.15,2025/26|2026-05-02|Werder Bremen|Augsburg,2026-05-02,Werder Bremen,Augsburg,1,3,285,73,away_win,2,0.4521363500576259,0.263431623820125,0.2844320261222489,0.48547617830301,0.24527984924733226,0.2692439724496578,0.35823240214147084,0.3848457457504262,0.026613343608955342,0.31542564290585756,-0.04280675923561328
2025/26,False,0.15,2025/26|2026-05-02|Union Berlin|FC Koln,2026-05-02,Union Berlin,FC Koln,2,2,284,72,draw,1,0.38821410409638824,0.26643532016679766,0.3453505757368138,0.35892355133936865,0.27797936765452586,0.3630970810061055,0.13498860539055516,0.13033280297060937,-0.004655802419945787,0.13205122913472128,-0.0029373762558338734
2025/26,False,0.15,2025/26|2026-05-02|Hoffenheim|Stuttgart,2026-05-02,Hoffenheim,Stuttgart,3,3,282,70,draw,1,0.440694010462235,0.2327229114647375,0.3265830780730274,0.4331496318251285,0.23507618209604966,0.33177418607882186,0.1504338588704708,0.14884635704925453,-0.0015875018212162806,0.14731371958180028,-0.003120139288670526
2025/26,False,0.15,2025/26|2026-04-12|FC Koln|Werder Bremen,2026-04-12,FC Koln,Werder Bremen,3,1,259,47,home_win,0,0.41930766388802815,0.2902713179941011,0.2904210181178712,0.4101197650653649,0.27786220769221465,0.31201802724242045,0.2107739784918999,0.22265697044539604,0.011882991953496125,0.18975601740725653,-0.021017961084643377
2025/26,False,0.15,2025/26|2026-03-21|Bayern Munich|Union Berlin,2026-03-21,Bayern Munich,Union Berlin,4,0,236,24,home_win,0,0.7389488309140395,0.14594323036432383,0.1151079387216366,0.8301656274712479,0.10819921096222723,0.061635161566524974,0.0406987752189454,0.01632130361678329,-0.024377471602162113,0.0419561363665175,0.0012573611475720989
2025/26,False,0.15,2025/26|2026-04-11|St Pauli|Bayern Munich,2026-04-11,St Pauli,Bayern Munich,0,5,257,45,away_win,2,0.13204909628761724,0.13935703190657117,0.7285938718058116,0.11413900622507646,0.1696605119656652,0.7162004818092583,0.04554912512586832,0.04678493963367258,0.0012358145078042587,0.06364957584973288,0.018100450723864563
2025/26,False,0.15,2025/26|2026-03-14|Leverkusen|Bayern Munich,2026-03-14,Leverkusen,Bayern Munich,1,1,231,19,draw,1,0.35601710547483273,0.22123575010305987,0.42274714442210737,0.19085049186766412,0.2006586541906276,0.6084908539417083,0.15273166375386216,0.2033425147884194,0.05061085103455723,0.17118283654953317,0.018451172795671017
2025/26,False,0.15,2025/26|2026-03-14|Hoffenheim|Wolfsburg,2026-03-14,Hoffenheim,Wolfsburg,1,1,230,18,draw,1,0.6454886996340771,0.18497624538353732,0.1695350549823857,0.6657929389807662,0.188886930374825,0.1453201306444087,0.22269889811158614,0.23219908898357713,0.009500190871990999,0.2327669476790757,0.010068049567489551
2025/26,False,0.15,2025/26|2026-03-14|Hamburg|FC Koln,2026-03-14,Hamburg,FC Koln,1,1,229,17,draw,1,0.45371012204765176,0.264171223204149,0.2821186547481996,0.40323000781453505,0.2719458192237562,0.32482417296170873,0.14272190510271437,0.13405259127118405,-0.008669313831530329,0.1347451058089645,-0.007976799293749864
2025/26,False,0.15,2025/26|2026-03-14|Ein Frankfurt|Heidenheim,2026-03-14,Ein Frankfurt,Heidenheim,1,0,228,16,home_win,0,0.5922034384135674,0.22288619738647167,0.18491036419996085,0.5829338611816343,0.22031068462498388,0.19675545419338183,0.10024493921513968,0.10632843645185214,0.006083497236712462,0.10496721978927687,0.0047222805741371915
2025/26,False,0.15,2025/26|2026-03-14|Dortmund|Augsburg,2026-03-14,Dortmund,Augsburg,2,0,227,15,home_win,0,0.6303128790579855,0.20667504660383218,0.1630120743381825,0.6133398451126769,0.20993511477011093,0.17672504011721202,0.08162075188521636,0.09036890759095945,0.008748155705743083,0.10906322804326349,0.027442476158047124
2025/26,False,0.15,2025/26|2026-03-13|M'gladbach|St Pauli,2026-03-13,M'gladbach,St Pauli,2,0,226,14,home_win,0,0.5531600625537487,0.2669946550416433,0.17984528240460787,0.4909610506373823,0.28416230506587886,0.22487664429673868,0.11600512765008147,0.15484507855917987,0.03883995090909839,0.22160416849901457,0.1055990408489331
2025/26,False,0.15,2025/26|2026-03-08|Union Berlin|Werder Bremen,2026-03-08,Union Berlin,Werder Bremen,1,4,225,13,away_win,2,0.45995668040101995,0.295998437743808,0.24404488185517242,0.3960571274059143,0.29517465155723804,0.3087682210368477,0.3915141442474434,0.31733131020879446,-0.07418283403864895,0.40314012935447663,0.011625985107033221
2025/26,False,0.15,2025/26|2026-03-08|St Pauli|Ein Frankfurt,2026-03-08,St Pauli,Ein Frankfurt,0,0,224,12,draw,1,0.2822167288402254,0.2848060539117078,0.43297721724806704,0.3701787626657879,0.2866628223082626,0.3431584150259494,0.13355777634657848,0.12739500706594775,-0.0061627692806307255,0.13053612903924888,-0.0030216473073295946
2025/26,False,0.15,2025/26|2026-03-07|Wolfsburg|Hamburg,2026-03-07,Wolfsburg,Hamburg,1,2,223,11,away_win,2,0.43989650888181514,0.2562548059701547,0.3038486851480304,0.3668807026625092,0.2786986940106895,0.35442060332680136,0.33906779584826763,0.2756871036975338,-0.06338069215073383,0.29824215150755384,-0.040825644340713785
2025/26,False,0.15,2025/26|2026-03-15|Freiburg|Union Berlin,2026-03-15,Freiburg,Union Berlin,0,1,232,20,away_win,2,0.4297469877592088,0.27967531434075305,0.29057769790003846,0.49662450863100327,0.2651469834216373,0.2382285079473594,0.3439812381024615,0.4134658543385459,0.06948461623608437,0.38574155885820605,0.04176032075574454
2025/26,False,0.15,2025/26|2026-03-07|RB Leipzig|Augsburg,2026-03-07,RB Leipzig,Augsburg,2,1,222,10,home_win,0,0.7020675024318762,0.16766825272479524,0.1302642448433286,0.7043744709262815,0.17284465799482554,0.1227808710788931,0.05286627329589137,0.051234797871503875,-0.0016314754243874977,0.17364960254384848,0.12078332924795711
2025/26,False,0.15,2025/26|2026-03-07|Heidenheim|Hoffenheim,2026-03-07,Heidenheim,Hoffenheim,2,4,220,8,away_win,2,0.27247056193181796,0.21849954035325087,0.5090298977149315,0.17262150445643498,0.2054838039919051,0.6218946915516599,0.15764592422862578,0.08638090403880871,-0.07126502018981706,0.16865637317577564,0.011010448947149865
2025/26,False,0.15,2025/26|2026-03-07|Freiburg|Leverkusen,2026-03-07,Freiburg,Leverkusen,3,3,219,7,draw,1,0.28002083413713363,0.26272199229771404,0.45725717356515255,0.3196099411507222,0.27882885073683183,0.40156120811244594,0.14374789516382394,0.13170095917154764,-0.012046935992276298,0.12809362600295726,-0.01565426916086668
2025/26,False,0.15,2025/26|2026-03-07|FC Koln|Dortmund,2026-03-07,FC Koln,Dortmund,1,2,218,6,away_win,2,0.2728502691749808,0.2417178438318578,0.4854318869931613,0.23257551250454392,0.23788815111505382,0.5295363363804023,0.16961380615613905,0.13771371390156265,-0.031900092254576407,0.20065738062675587,0.031043574470616814
2025/26,False,0.15,2025/26|2026-03-06|Bayern Munich|M'gladbach,2026-03-06,Bayern Munich,M'gladbach,4,1,217,5,home_win,0,0.7437517720934803,0.141091641240306,0.11515658666621377,0.7783720052332466,0.13302685400172717,0.08860114076502618,0.039462096878922416,0.028484565104598042,-0.010977531774324374,0.039092013935174266,-0.0003700829437481498
2025/26,False,0.15,2025/26|2026-03-04|Hamburg|Leverkusen,2026-03-04,Hamburg,Leverkusen,0,1,216,4,away_win,2,0.27025948135588235,0.26623791701280514,0.46350260163131257,0.26510003670051274,0.2585273085178554,0.47637265478163193,0.18043482285956033,0.17223181305952467,-0.00820300980003566,0.2844456558290559,0.10401083296949556
2025/26,False,0.15,2025/26|2026-03-01|Stuttgart|Wolfsburg,2026-03-01,Stuttgart,Wolfsburg,4,0,215,3,home_win,0,0.6671309532265312,0.17614373348386184,0.1567253132896072,0.6844788936041284,0.1736548304143807,0.14186627598149104,0.06768231306280163,0.059839804421065734,-0.007842508641735899,0.10703075580280778,0.03934844274000615
2025/26,False,0.15,2025/26|2026-03-01|Hamburg|RB Leipzig,2026-03-01,Hamburg,RB Leipzig,1,2,214,2,away_win,2,0.26444234057247,0.24063885365177343,0.49491880577575664,0.25244618395303325,0.24266144814090015,0.5048923679060665,0.1625183821232171,0.1544303215750552,-0.008088060548161885,0.3310495094843943,0.16853112736117723
2025/26,False,0.15,2025/26|2026-03-01|Ein Frankfurt|Freiburg,2026-03-01,Ein Frankfurt,Freiburg,2,0,213,1,home_win,0,0.4659310503386093,0.270848893623222,0.26322005603816867,0.4221246581258097,0.2716280408809558,0.3062473009932345,0.17725722044657882,0.21386366005592655,0.03660643960934773,0.17194623546882373,-0.00531098497775509
2025/26,False,0.15,2025/26|2026-05-16|Union Berlin|Augsburg,2026-05-16,Union Berlin,Augsburg,4,0,305,93,home_win,0,0.40232369384360944,0.25474086979611993,0.3429354363602703,0.3717382450285299,0.23621847975230628,0.3920432752191639,0.23741084022617834,0.2742053812022003,0.036794540976021944,0.25592670471653606,0.01851586449035772
2025/26,False,0.15,2025/26|2026-03-07|Mainz|Stuttgart,2026-03-07,Mainz,Stuttgart,2,2,221,9,draw,1,0.37082027294087744,0.23111992291297087,0.3980598041461519,0.27027672895856236,0.24876929694594466,0.48095397409549306,0.14797964125040974,0.15218311770739418,0.004203476456984434,0.1401628880399456,-0.007816753210464156
2025/26,False,0.15,2025/26|2026-04-11|Wolfsburg|Ein Frankfurt,2026-04-11,Wolfsburg,Ein Frankfurt,1,2,258,46,away_win,2,0.3519847524731361,0.2698999310698398,0.3781153164570244,0.38084910088535684,0.2588090575077287,0.3603418416069145,0.25531691279946106,0.27710429862200925,0.02178738582254819,0.22816246815374983,-0.027154444645711234
2025/26,False,0.15,2025/26|2026-03-15|Stuttgart|RB Leipzig,2026-03-15,Stuttgart,RB Leipzig,1,0,233,21,home_win,0,0.40315303496336535,0.22115018397931782,0.37569678105731685,0.390824590538105,0.23989233178809513,0.3692830776737999,0.24868718548513558,0.2537323354746506,0.005045149989515052,0.14642684144389245,-0.10226034404124312
2025/26,False,0.15,2025/26|2026-03-20|RB Leipzig|Hoffenheim,2026-03-20,RB Leipzig,Hoffenheim,5,0,235,23,home_win,0,0.5014153236967195,0.22093328070294263,0.27765139560033775,0.4930695202528009,0.23538494685435218,0.2715455328928469,0.16283848846163118,0.16535774386539284,0.002519255403761661,0.2459156609491026,0.08307717248747143
2025/26,False,0.15,2025/26|2026-04-11|RB Leipzig|M'gladbach,2026-04-11,RB Leipzig,M'gladbach,1,0,256,44,home_win,0,0.6379632885733554,0.20342805668961408,0.15860865473703084,0.6433104976828531,0.19856941366109207,0.1581200886560548,0.07811364288905506,0.0761146817499263,-0.0019989611391287576,0.13387453389348372,0.05576089100442866
2025/26,False,0.15,2025/26|2026-04-11|Heidenheim|Union Berlin,2026-04-11,Heidenheim,Union Berlin,3,1,255,43,home_win,0,0.34775429165592053,0.288577662168906,0.36366804617517356,0.3427508319791074,0.2770316459064172,0.3802175221144754,0.27883945593106907,0.28827091649351355,0.009431460562444482,0.2492728354328787,-0.029566620498190366
2025/26,False,0.15,2025/26|2026-04-11|Dortmund|Leverkusen,2026-04-11,Dortmund,Leverkusen,0,1,254,42,away_win,2,0.526285406224247,0.22457365632582948,0.24914093744992397,0.45676624264703103,0.2482687229163282,0.29496503443664074,0.4203828303091002,0.35285485154440677,-0.06752797876469341,0.43878438932349595,0.018401559014395774
2025/26,False,0.15,2025/26|2026-04-10|Augsburg|Hoffenheim,2026-04-10,Augsburg,Hoffenheim,2,2,253,41,draw,1,0.31097864268181735,0.2386322983818032,0.45038905893637937,0.27140379767126677,0.244546130193381,0.4840500721353521,0.14977901030691146,0.15398224686231282,0.004203236555401363,0.13806014683300732,-0.011718863473904134
2025/26,False,0.15,2025/26|2026-04-05|Union Berlin|St Pauli,2026-04-05,Union Berlin,St Pauli,1,1,252,40,draw,1,0.5027558467739138,0.2912099820039433,0.20603417122214296,0.46053670977497907,0.29543864400659037,0.24402464621843045,0.1476067605882752,0.13582104450619675,-0.011785716082078457,0.12560328588793973,-0.02200347470033548
2025/26,False,0.15,2025/26|2026-04-05|Ein Frankfurt|FC Koln,2026-04-05,Ein Frankfurt,FC Koln,2,2,251,39,draw,1,0.5095695393719992,0.27305240615626925,0.21737805447173145,0.4940061732826071,0.25367884573971716,0.2523149809776757,0.15345716701085327,0.15385247443354502,0.0003953074226917541,0.16369936637743435,0.010242199366581078
2025/26,False,0.15,2025/26|2026-04-04|Werder Bremen|RB Leipzig,2026-04-04,Werder Bremen,RB Leipzig,1,2,250,38,away_win,2,0.2727347168455068,0.2503246219177499,0.4769406612367433,0.2514424536896447,0.23747342848466446,0.5110841178256909,0.17398764882012707,0.15113102367987602,-0.022856625140251052,0.22017582844795042,0.046188179627823345
2025/26,False,0.15,2025/26|2026-04-04|Stuttgart|Dortmund,2026-04-04,Stuttgart,Dortmund,0,2,249,37,away_win,2,0.44361723289162247,0.2297396438288266,0.32664312327955086,0.4025051780254463,0.24359404280501032,0.3539007791695434,0.325102866372569,0.2897273107475096,-0.035375555625059396,0.3097657464401921,-0.015337119932376908
2025/26,False,0.15,2025/26|2026-04-04|M'gladbach|Heidenheim,2026-04-04,M'gladbach,Heidenheim,2,2,248,36,draw,1,0.560311832842177,0.24267972137247992,0.1970084457853435,0.5911462595318208,0.22273046271459598,0.1861232777535832,0.17638083886685807,0.19204788734010014,0.015667048473242073,0.1681911924043918,-0.008189646462466282
2025/26,False,0.15,2025/26|2026-03-15|Werder Bremen|Mainz,2026-03-15,Werder Bremen,Mainz,0,2,234,22,away_win,2,0.4260895170959612,0.2515884737492812,0.32232200915475784,0.4192169001499825,0.26984076331493123,0.3109423365350864,0.3203998679275569,0.32527163647554336,0.0048717685479864326,0.2960844781752746,-0.024315389752282313
2025/26,False,0.15,2025/26|2026-04-04|Leverkusen|Wolfsburg,2026-04-04,Leverkusen,Wolfsburg,6,3,247,35,home_win,0,0.6645430367619513,0.1893634775004249,0.14609348573762412,0.6608486307553415,0.19229611796569362,0.1468552512789648,0.06693734037993145,0.06829505804436731,0.0013577176644358618,0.1100167632887056,0.04307942290877416
2025/26,False,0.15,2025/26|2026-04-04|Hamburg|Augsburg,2026-04-04,Hamburg,Augsburg,1,1,245,33,draw,1,0.45674921707384236,0.24515519776974712,0.2980955851564107,0.3958544911718282,0.27839025046802157,0.3257552583601503,0.1487404125936554,0.1314086332650976,-0.017331779328557784,0.1440423990939761,-0.004698013499679299
2025/26,False,0.15,2025/26|2026-04-04|Freiburg|Bayern Munich,2026-04-04,Freiburg,Bayern Munich,2,3,244,32,away_win,2,0.19714460422334762,0.17951544369625538,0.6233399520803972,0.17247700930103785,0.20315621702920508,0.624366773669757,0.090369393336589,0.0854243197303489,-0.004945073606240094,0.10421821305596604,0.013848819719377042
2025/26,False,0.15,2025/26|2026-03-22|St Pauli|Freiburg,2026-03-22,St Pauli,Freiburg,1,2,243,31,away_win,2,0.31514024937582163,0.3150230213254802,0.36983672929869793,0.3525264394829612,0.3125734430082256,0.33490011750881316,0.24820956225880864,0.2833163721121622,0.03510680985335357,0.3058168702566275,0.05760730799781888
2025/26,False,0.15,2025/26|2026-03-22|Mainz|Ein Frankfurt,2026-03-22,Mainz,Ein Frankfurt,2,1,242,30,home_win,0,0.4896089918984388,0.25657805156149105,0.2538129565400699,0.436941433453512,0.26764218858263555,0.29541637796385245,0.16245999902926975,0.2021528928653338,0.03969289383606406,0.22618507909421987,0.06372508006495012
2025/26,False,0.15,2025/26|2026-03-22|Augsburg|Stuttgart,2026-03-22,Augsburg,Stuttgart,2,5,241,29,away_win,2,0.3056642095235839,0.23540120008277007,0.4589345903936459,0.27819995738747866,0.2506775017101077,0.47112254090241357,0.1930911932280845,0.17855329151595706,-0.014537901712127432,0.24182325609399466,0.04873206286591017
2025/26,False,0.15,2025/26|2026-03-21|Wolfsburg|Werder Bremen,2026-03-21,Wolfsburg,Werder Bremen,0,1,240,28,away_win,2,0.3677621999772758,0.26828340319660865,0.3639543968261157,0.4017120048731225,0.26257153391148225,0.33571646121539517,0.2699015225244782,0.3013225773796905,0.031421054855212294,0.339724876942108,0.06982335441762982
2025/26,False,0.15,2025/26|2026-03-21|Heidenheim|Leverkusen,2026-03-21,Heidenheim,Leverkusen,3,3,239,27,draw,1,0.2080597692374271,0.21237549723027144,0.5795647335323012,0.1785639168329631,0.2046857125268682,0.6167503706401687,0.18959207396474947,0.2061330460397574,0.01654097207500793,0.13963917522365174,-0.049952898741097734
2025/26,False,0.15,2025/26|2026-03-21|FC Koln|M'gladbach,2026-03-21,FC Koln,M'gladbach,3,3,238,26,draw,1,0.3780679538948864,0.2804696922034258,0.3414623539016877,0.40796503156872277,0.2792617775619233,0.31277319086935407,0.1297659584471737,0.13213126795473312,0.002365309507559421,0.13650518196867817,0.006739223521504467
2025/26,False,0.15,2025/26|2026-03-21|Dortmund|Hamburg,2026-03-21,Dortmund,Hamburg,3,2,237,25,home_win,0,0.6494978372049308,0.20070754755683556,0.14979461523823337,0.6668340457066264,0.19670209298040653,0.1364638613129671,0.07264509643919582,0.0648109692723295,-0.007834127166866323,0.0960073500284741,0.02336225358927828
2025/26,False,0.15,2025/26|2026-04-04|Hoffenheim|Mainz,2026-04-04,Hoffenheim,Mainz,1,2,246,34,away_win,2,0.5703243228120198,0.20896094698859752,0.2207147301993829,0.5535609090627229,0.23824140390041237,0.20819768703686484,0.46627768245960505,0.4666902914280595,0.00041260896845446426,0.40323920748179265,-0.0630384749778124
2025/26,False,0.15,2025/26|2026-05-16|Werder Bremen|Dortmund,2026-05-16,Werder Bremen,Dortmund,0,2,306,94,away_win,2,0.2524689270681923,0.25246415381759746,0.4950669191142104,0.2990326015541811,0.23679739006320938,0.4641700083826095,0.1593489876538898,0.18826713835447723,0.028918150700587425,0.1619594946750508,0.0026105070211610015
