price_variant,kind,signal,threshold,dev_n,dev_roi,dev_profit,dev_hit_rate,dev_avg_odds,dev_profitable_seasons,test_n,test_roi,test_profit,test_hit_rate,test_avg_odds,test_profitable_seasons,dev_selection_score
closing,any,edge,0.0,538,0.0520817843866171,28.02,0.3104089219330855,5.0825278810408925,3,328,0.050884146341463404,16.689999999999998,0.3048780487804878,4.5511585365853655,1,0.0776530612244898
closing,any,edge,0.025,495,0.033616161616161606,16.639999999999993,0.29292929292929293,5.281515151515151,3,288,0.00048611111111111923,0.14000000000000234,0.28125,4.702881944444446,1,0.060532110091743106
closing,any,edge,0.05,440,-0.03313636363636363,-14.579999999999998,0.26590909090909093,5.5278409090909095,2,248,-0.03193548387096776,-7.9200000000000035,0.2661290322580645,4.88508064516129,1,-0.009755102040816324
closing,any,edge,0.075,385,-0.11607792207792209,-44.690000000000005,0.23116883116883116,5.85735064935065,1,223,-0.11242152466367712,-25.069999999999997,0.25112107623318386,5.017982062780269,0,-0.09273563218390807
closing,any,edge,0.1,347,-0.11417867435158503,-39.620000000000005,0.22478386167146974,6.110144092219021,1,181,-0.05243093922651929,-9.489999999999991,0.2430939226519337,5.351602209944751,2,-0.08979848866498742
closing,any,edge,0.15,288,-0.11350694444444444,-32.69,0.21180555555555555,6.594201388888889,1,137,0.044306569343065726,6.070000000000005,0.26277372262773724,5.933138686131387,3,-0.08671597633136094
closing,any,edge,0.2,221,-0.16153846153846155,-35.7,0.17194570135746606,7.3854298642533935,1,97,0.2248453608247423,21.810000000000002,0.28865979381443296,6.591958762886597,3,-0.12173431734317346
closing,any,edge,0.3,150,-0.1534666666666667,-23.020000000000003,0.15333333333333332,8.8234,3,57,0.2907017543859649,16.57,0.2807017543859649,7.495614035087719,3,-0.08510000000000002
closing,any,gap,0.01,531,0.024500941619585655,13.009999999999984,0.3069679849340866,4.787193973634651,3,348,0.031235632183908027,10.869999999999994,0.3333333333333333,4.025488505747126,2,0.05239242685025815
closing,any,gap,0.02,458,-0.08272925764192142,-37.89000000000001,0.27729257641921395,4.900611353711789,3,285,0.005614035087719291,1.5999999999999979,0.32280701754385965,4.01178947368421,2,-0.04458661417322836
closing,any,gap,0.03,395,-0.06878481012658227,-27.169999999999998,0.27341772151898736,4.970506329113924,3,236,0.07639830508474575,18.029999999999998,0.3305084745762712,3.9424576271186442,3,-0.031056179775280898
closing,any,gap,0.04,319,-0.023072100313479643,-7.3600000000000065,0.28213166144200624,4.8584639498432605,2,191,0.05361256544502617,10.239999999999998,0.32460732984293195,3.758376963350785,2,5.420054200540314e-05
closing,any,gap,0.05,258,-0.04468992248062016,-11.530000000000001,0.26744186046511625,4.994689922480621,2,152,0.10368421052631578,15.759999999999998,0.34210526315789475,3.5269078947368424,2,-0.01743506493506494
closing,any,gap,0.075,144,-0.0129166666666667,-1.8600000000000048,0.2777777777777778,4.8313194444444445,2,78,0.0807692307692308,6.3000000000000025,0.34615384615384615,3.205,2,0.010412371134020595
closing,any,gap,0.1,71,0.09323943661971834,6.620000000000002,0.2676056338028169,4.5056338028169005,4,44,0.3615909090909091,15.91,0.45454545454545453,3.0309090909090908,3,0.09471074380165291
closing,H,edge,0.0,240,0.011375000000000003,2.730000000000001,0.35,3.977625,4,170,-0.2347058823529412,-39.900000000000006,0.31176470588235294,3.2465294117647057,0,0.04941379310344828
closing,H,edge,0.025,213,0.02586854460093896,5.509999999999998,0.3380281690140845,4.217558685446009,4,145,-0.3378620689655173,-48.99000000000001,0.25517241379310346,3.426206896551724,0,0.060950570342205315
closing,H,edge,0.05,187,-0.021871657754010693,-4.09,0.3155080213903743,4.41909090909091,3,125,-0.3068,-38.35,0.256,3.5766400000000003,0,0.012742616033755275
closing,H,edge,0.075,158,-0.052278481012658216,-8.259999999999998,0.2911392405063291,4.725759493670886,2,111,-0.37927927927927935,-42.10000000000001,0.22522522522522523,3.6899099099099093,0,-0.01971153846153845
closing,H,edge,0.1,144,-0.07791666666666669,-11.220000000000002,0.2708333333333333,4.879305555555556,2,84,-0.3466666666666667,-29.12,0.21428571428571427,3.9909523809523813,0,-0.03783505154639176
closing,H,edge,0.15,121,-0.011157024793388442,-1.3500000000000014,0.2727272727272727,5.163884297520662,2,63,-0.2482539682539682,-15.639999999999997,0.23809523809523808,4.343968253968254,1,0.012105263157894728
closing,H,edge,0.2,87,-0.09827586206896552,-8.55,0.20689655172413793,6.010229885057471,2,42,-0.17690476190476193,-7.430000000000001,0.23809523809523808,4.664999999999999,1,-0.04240875912408759
closing,H,edge,0.3,53,-0.06358490566037733,-3.3699999999999988,0.16981132075471697,7.598490566037735,2,26,-0.165,-4.29,0.19230769230769232,5.181923076923078,2,-0.012718446601941737
closing,H,gap,0.01,242,0.004752066115702477,1.1499999999999995,0.35537190082644626,3.9047933884297517,4,191,-0.23340314136125656,-44.580000000000005,0.3298429319371728,3.052879581151832,0,0.04393835616438356
closing,H,gap,0.02,207,-0.05782608695652172,-11.969999999999997,0.3333333333333333,3.9799033816425124,2,159,-0.2806289308176101,-44.620000000000005,0.3018867924528302,3.190188679245283,0,-0.026575875486381313
closing,H,gap,0.03,180,-0.05100000000000002,-9.180000000000003,0.3277777777777778,4.169555555555555,2,133,-0.30721804511278195,-40.86,0.2857142857142857,3.118345864661654,0,-0.019913043478260884
closing,H,gap,0.04,160,0.0061249999999999916,0.9799999999999986,0.3375,4.361437499999999,2,112,-0.2970535714285714,-33.269999999999996,0.2857142857142857,3.198125,0,0.02466666666666666
closing,H,gap,0.05,133,0.05616541353383458,7.469999999999999,0.3383458646616541,4.4745864661654124,3,91,-0.3206593406593406,-29.179999999999996,0.2857142857142857,3.0883516483516487,0,0.07081967213114754
closing,H,gap,0.075,76,0.09986842105263158,7.59,0.32894736842105265,4.381842105263158,3,46,-0.2654347826086956,-12.209999999999997,0.30434782608695654,2.9371739130434786,0,0.09023809523809523
closing,H,gap,0.1,33,0.027878787878787902,0.9200000000000008,0.2727272727272727,4.128484848484849,4,26,-0.15269230769230768,-3.9699999999999998,0.38461538461538464,2.6226923076923074,1,0.0510843373493976
closing,D,edge,0.0,324,0.07719135802469138,25.010000000000005,0.23765432098765432,4.790432098765431,3,116,0.3269827586206897,37.93000000000001,0.28448275862068967,4.997413793103448,3,0.0968716577540107
closing,D,edge,0.025,278,0.10028776978417267,27.880000000000003,0.23741007194244604,4.924496402877697,3,95,0.2308421052631579,21.93,0.25263157894736843,5.197263157894738,3,0.115
closing,D,edge,0.05,229,0.11209606986899563,25.669999999999998,0.22707423580786026,5.0794759825327525,3,79,0.02645569620253165,2.0900000000000003,0.20253164556962025,5.321012658227849,3,0.12200716845878136
closing,D,edge,0.075,196,0.046224489795918346,9.059999999999995,0.20918367346938777,5.213010204081633,3,55,0.08436363636363638,4.640000000000001,0.2,5.7727272727272725,3,0.0668292682926829
closing,D,edge,0.1,164,0.0005487804878048556,0.0899999999999963,0.1951219512195122,5.406890243902439,3,42,0.12261904761904766,5.150000000000001,0.19047619047619047,6.096666666666667,2,0.030420560747663535
closing,D,edge,0.15,127,-0.07496062992125983,-9.52,0.16535433070866143,5.7975590551181115,3,32,0.23125,7.4,0.21875,6.495,2,-0.02378531073446328
closing,D,edge,0.2,90,-0.2552222222222222,-22.97,0.1111111111111111,6.167000000000001,2,24,0.04958333333333335,1.1900000000000004,0.16666666666666666,7.071249999999999,1,-0.14407142857142857
closing,D,edge,0.3,47,-0.054255319148936186,-2.5500000000000007,0.1276595744680851,7.146382978723403,3,14,0.35999999999999993,5.039999999999999,0.21428571428571427,7.477857142857142,2,0.0037113402061855587
closing,D,gap,0.01,296,0.04594594594594593,13.599999999999994,0.23310810810810811,4.7707770270270276,3,122,0.114672131147541,13.990000000000002,0.23770491803278687,4.89860655737705,2,0.06930635838150287
closing,D,gap,0.02,221,0.04289592760180994,9.479999999999997,0.22171945701357465,5.002081447963801,3,70,0.08071428571428574,5.650000000000001,0.21428571428571427,5.272428571428573,3,0.06498154981549814
closing,D,gap,0.03,170,-0.06847058823529413,-11.640000000000002,0.18823529411764706,5.104411764705882,3,41,0.14804878048780493,6.070000000000002,0.21951219512195122,5.563170731707318,3,-0.02290909090909092
closing,D,gap,0.04,119,-0.1839495798319328,-21.890000000000004,0.15966386554621848,5.37655462184874,2,27,0.2714814814814815,7.33,0.2222222222222222,5.26074074074074,2,-0.10952662721893493
closing,D,gap,0.05,83,-0.26746987951807233,-22.200000000000003,0.12048192771084337,5.654698795180722,2,17,0.3511764705882353,5.970000000000001,0.23529411764705882,5.258823529411765,2,-0.14691729323308275
closing,A,edge,0.0,264,0.009280303030303028,2.4499999999999993,0.24621212121212122,6.32064393939394,3,136,0.3007352941176471,40.900000000000006,0.3014705882352941,6.171911764705882,2,0.037802547770700634
closing,A,edge,0.025,239,-0.0727615062761506,-17.389999999999993,0.21338912133891214,6.594518828451882,3,121,0.29148760330578516,35.27,0.2975206611570248,6.3386776859504135,3,-0.030173010380622818
closing,A,edge,0.05,210,-0.15966666666666668,-33.53,0.1761904761904762,6.982809523809524,3,108,0.3430555555555556,37.050000000000004,0.2962962962962963,6.52787037037037,3,-0.09896153846153846
closing,A,edge,0.075,189,-0.17566137566137568,-33.2,0.15873015873015872,7.367724867724868,3,101,0.23554455445544553,23.79,0.297029702970297,6.602673267326731,4,-0.1089121338912134
closing,A,edge,0.1,175,-0.10971428571428574,-19.200000000000003,0.17142857142857143,7.66102857142857,3,89,0.3104494382022472,27.63,0.29213483146067415,6.775955056179774,4,-0.055333333333333345
closing,A,edge,0.15,149,-0.13657718120805368,-20.349999999999998,0.1610738255033557,8.12006711409396,3,69,0.38710144927536233,26.71,0.30434782608695654,7.5126086956521725,4,-0.07226130653266331
closing,A,edge,0.2,128,-0.09421875,-12.06,0.15625,8.591875,3,52,0.62,32.24,0.34615384615384615,8.283076923076923,4,-0.037752808988764056
closing,A,edge,0.3,94,-0.021595744680851056,-2.0299999999999994,0.1595744680851064,9.778510638297872,2,31,0.6729032258064518,20.860000000000007,0.3548387096774194,9.436129032258064,4,0.005902777777777783
closing,A,gap,0.01,251,-0.04597609561752989,-11.540000000000003,0.2350597609561753,6.298804780876494,3,135,0.24681481481481476,33.31999999999999,0.34814814814814815,5.623629629629629,4,-0.0083388704318937
closing,A,gap,0.02,212,-0.20683962264150943,-43.85,0.19339622641509435,6.566273584905661,3,111,0.2458558558558558,27.289999999999992,0.34234234234234234,5.540270270270269,3,-0.13736641221374046
closing,A,gap,0.03,175,-0.14622857142857146,-25.590000000000003,0.2057142857142857,6.566742857142858,2,91,0.41021978021978023,37.33,0.37362637362637363,5.445164835164835,3,-0.09373333333333335
closing,A,gap,0.04,130,0.00023076923076923952,0.030000000000001137,0.2230769230769231,6.13223076923077,3,70,0.4037142857142858,28.260000000000005,0.37142857142857144,4.837714285714284,3,0.03016666666666667
closing,A,gap,0.05,105,-0.09599999999999999,-10.079999999999998,0.20952380952380953,5.936952380952382,2,56,0.5517857142857142,30.9,0.4107142857142857,4.320892857142858,3,-0.04503225806451612
closing,A,gap,0.075,61,-0.016557377049180325,-1.0099999999999998,0.2459016393442623,5.536721311475408,3,30,0.522,15.66,0.4,3.430333333333334,3,0.020900900900900903
closing,A,gap,0.1,36,0.05166666666666667,1.8600000000000003,0.25,4.858611111111111,2,18,1.1044444444444446,19.880000000000003,0.5555555555555556,3.6205555555555557,3,0.04162790697674419
closing,market_favorite,edge,0.0,156,0.011538461538461529,1.7999999999999985,0.48717948717948717,2.1164102564102567,4,120,-0.07666666666666669,-9.200000000000003,0.4583333333333333,2.0885000000000002,2,0.0487378640776699
closing,market_favorite,edge,0.025,122,0.018606557377049162,2.269999999999998,0.47540983606557374,2.1810655737704923,3,97,-0.18597938144329895,-18.04,0.4020618556701031,2.1172164948453607,1,0.043197674418604635
closing,market_favorite,edge,0.05,97,0.040309278350515426,3.909999999999996,0.4845360824742268,2.2003092783505154,3,78,-0.163974358974359,-12.790000000000001,0.41025641025641024,2.149487179487179,1,0.056598639455782286
closing,market_favorite,edge,0.075,68,0.0402941176470588,2.7399999999999984,0.47058823529411764,2.2363235294117643,3,67,-0.1761194029850746,-11.799999999999999,0.40298507462686567,2.1677611940298505,1,0.053220338983050834
closing,market_favorite,edge,0.1,55,0.10581818181818181,5.819999999999999,0.4909090909090909,2.272,3,45,-0.20088888888888892,-9.040000000000001,0.37777777777777777,2.2135555555555557,1,0.08542857142857142
closing,market_favorite,edge,0.15,39,0.03435897435897436,1.3399999999999999,0.46153846153846156,2.2892307692307696,4,28,0.02785714285714285,0.7799999999999998,0.5,2.193214285714286,3,0.0550561797752809
closing,market_favorite,gap,0.01,163,0.0,0.0,0.48466257668711654,2.0994478527607363,3,146,-0.0695205479452055,-10.150000000000002,0.4794520547945205,2.017671232876712,1,0.03
closing,market_favorite,gap,0.02,135,-0.017851851851851872,-2.410000000000003,0.4740740740740741,2.1166666666666667,3,116,-0.11620689655172414,-13.48,0.45689655172413796,2.0406034482758617,0,0.016972972972972955
closing,market_favorite,gap,0.03,109,0.03623853211009173,3.949999999999999,0.4954128440366973,2.1395412844036694,4,101,-0.16712871287128717,-16.880000000000003,0.42574257425742573,2.0557425742574256,1,0.06484276729559747
closing,market_favorite,gap,0.04,87,0.09321839080459768,8.109999999999998,0.5172413793103449,2.143793103448276,4,84,-0.17250000000000001,-14.49,0.4166666666666667,2.0913095238095236,1,0.09919708029197079
closing,market_favorite,gap,0.05,67,0.042089552238805956,2.819999999999999,0.4925373134328358,2.1708955223880597,3,70,-0.17742857142857144,-12.42,0.4142857142857143,2.106,1,0.05410256410256409
closing,market_favorite,gap,0.075,40,0.08924999999999998,3.5699999999999994,0.5,2.22925,4,36,-0.1211111111111111,-4.359999999999999,0.4444444444444444,2.051388888888889,2,0.07966666666666666
closing,model_favorite,edge,0.0,219,-0.02899543378995435,-6.350000000000002,0.4246575342465753,2.425890410958904,2,156,-0.11935897435897438,-18.620000000000005,0.41025641025641024,2.287179487179487,0,-0.0036059479553903415
closing,model_favorite,edge,0.025,184,-0.026521739130434797,-4.880000000000003,0.4076086956521739,2.5228260869565213,2,131,-0.2135114503816794,-27.970000000000002,0.35877862595419846,2.3391603053435115,0,-0.0008547008547008655
closing,model_favorite,edge,0.05,158,-0.03132911392405064,-4.950000000000001,0.3987341772151899,2.58753164556962,3,109,-0.20660550458715596,-22.52,0.3577981651376147,2.3877981651376143,1,0.00620192307692307
closing,model_favorite,edge,0.075,126,-0.0477777777777778,-6.020000000000003,0.373015873015873,2.6906349206349205,3,98,-0.21969387755102043,-21.53,0.3469387755102041,2.4270408163265307,0,-0.004204545454545475
closing,model_favorite,edge,0.1,109,-0.01706422018348624,-1.8600000000000003,0.3761467889908257,2.7542201834862388,3,74,-0.2663513513513513,-19.709999999999997,0.3108108108108108,2.5191891891891895,1,0.01830188679245283
closing,model_favorite,edge,0.15,86,-0.02976744186046511,-2.5599999999999996,0.36046511627906974,2.8396511627906977,2,53,-0.16471698113207545,-8.729999999999999,0.3584905660377358,2.5684905660377364,0,0.0011764705882352962
closing,model_favorite,edge,0.2,57,-0.1321052631578947,-7.529999999999998,0.2982456140350877,3.061578947368421,2,32,-0.024062499999999987,-0.7699999999999996,0.40625,2.6646875,2,-0.050373831775700914
closing,model_favorite,edge,0.3,30,-0.039,-1.17,0.3,3.326,1,19,0.10263157894736843,1.9500000000000002,0.42105263157894735,2.7736842105263158,3,-0.004624999999999999
closing,model_favorite,gap,0.01,226,-0.03606194690265489,-8.150000000000006,0.4247787610619469,2.404070796460177,2,183,-0.09819672131147544,-17.970000000000006,0.4371584699453552,2.2041530054644807,0,-0.009528985507246398
closing,model_favorite,gap,0.02,196,-0.057499999999999996,-11.27,0.40816326530612246,2.45484693877551,2,151,-0.14503311258278148,-21.900000000000002,0.4105960264900662,2.2522516556291383,0,-0.025813008130081302
closing,model_favorite,gap,0.03,168,-0.01732142857142858,-2.910000000000002,0.4166666666666667,2.5182142857142855,3,134,-0.1738805970149254,-23.300000000000004,0.3880597014925373,2.2802238805970148,0,0.01665137614678898
closing,model_favorite,gap,0.04,141,0.0030496453900709136,0.4299999999999988,0.41843971631205673,2.5656737588652483,3,114,-0.20368421052631577,-23.22,0.3684210526315789,2.3282456140350876,1,0.03225130890052355
closing,model_favorite,gap,0.05,117,-0.007350427350427368,-0.8600000000000021,0.4017094017094017,2.644444444444445,4,97,-0.21639175257731957,-20.99,0.36082474226804123,2.3490721649484536,0,0.03485029940119759
closing,model_favorite,gap,0.075,81,-0.04148148148148145,-3.3599999999999977,0.37037037037037035,2.78358024691358,2,58,-0.24017241379310347,-13.930000000000001,0.3448275862068966,2.404137931034483,0,-0.005648854961832043
closing,model_favorite,gap,0.1,42,-0.11738095238095238,-4.93,0.30952380952380953,2.99,3,36,0.0713888888888889,2.5700000000000007,0.4722222222222222,2.4258333333333337,3,-0.02358695652173913
closing,agree_favorite,edge,0.0,156,0.011538461538461529,1.7999999999999985,0.48717948717948717,2.1164102564102567,4,120,-0.07666666666666669,-9.200000000000003,0.4583333333333333,2.0885000000000002,2,0.0487378640776699
closing,agree_favorite,edge,0.025,122,0.018606557377049162,2.269999999999998,0.47540983606557374,2.1810655737704923,3,97,-0.18597938144329895,-18.04,0.4020618556701031,2.1172164948453607,1,0.043197674418604635
closing,agree_favorite,edge,0.05,97,0.040309278350515426,3.909999999999996,0.4845360824742268,2.2003092783505154,3,78,-0.163974358974359,-12.790000000000001,0.41025641025641024,2.149487179487179,1,0.056598639455782286
closing,agree_favorite,edge,0.075,68,0.0402941176470588,2.7399999999999984,0.47058823529411764,2.2363235294117643,3,67,-0.1761194029850746,-11.799999999999999,0.40298507462686567,2.1677611940298505,1,0.053220338983050834
closing,agree_favorite,edge,0.1,55,0.10581818181818181,5.819999999999999,0.4909090909090909,2.272,3,45,-0.20088888888888892,-9.040000000000001,0.37777777777777777,2.2135555555555557,1,0.08542857142857142
closing,agree_favorite,edge,0.15,39,0.03435897435897436,1.3399999999999999,0.46153846153846156,2.2892307692307696,4,28,0.02785714285714285,0.7799999999999998,0.5,2.193214285714286,3,0.0550561797752809
closing,agree_favorite,gap,0.01,163,0.0,0.0,0.48466257668711654,2.0994478527607363,3,146,-0.0695205479452055,-10.150000000000002,0.4794520547945205,2.017671232876712,1,0.03
closing,agree_favorite,gap,0.02,135,-0.017851851851851872,-2.410000000000003,0.4740740740740741,2.1166666666666667,3,116,-0.11620689655172414,-13.48,0.45689655172413796,2.0406034482758617,0,0.016972972972972955
closing,agree_favorite,gap,0.03,109,0.03623853211009173,3.949999999999999,0.4954128440366973,2.1395412844036694,4,101,-0.16712871287128717,-16.880000000000003,0.42574257425742573,2.0557425742574256,1,0.06484276729559747
closing,agree_favorite,gap,0.04,87,0.09321839080459768,8.109999999999998,0.5172413793103449,2.143793103448276,4,84,-0.17250000000000001,-14.49,0.4166666666666667,2.0913095238095236,1,0.09919708029197079
closing,agree_favorite,gap,0.05,67,0.042089552238805956,2.819999999999999,0.4925373134328358,2.1708955223880597,3,70,-0.17742857142857144,-12.42,0.4142857142857143,2.106,1,0.05410256410256409
closing,agree_favorite,gap,0.075,40,0.08924999999999998,3.5699999999999994,0.5,2.22925,4,36,-0.1211111111111111,-4.359999999999999,0.4444444444444444,2.051388888888889,2,0.07966666666666666
closing,disagree_model_pick,edge,0.0,63,-0.12936507936507935,-8.149999999999999,0.2698412698412698,3.192222222222222,2,36,-0.2616666666666667,-9.420000000000002,0.25,2.9494444444444445,1,-0.05212389380530971
closing,disagree_model_pick,edge,0.025,62,-0.1153225806451613,-7.15,0.27419354838709675,3.1953225806451617,2,34,-0.2920588235294118,-9.930000000000001,0.23529411764705882,2.972352941176471,1,-0.04383928571428572
closing,disagree_model_pick,edge,0.05,61,-0.14524590163934425,-8.86,0.26229508196721313,3.2032786885245903,2,31,-0.3138709677419355,-9.73,0.22580645161290322,2.987419354838709,1,-0.059819819819819806
closing,disagree_model_pick,edge,0.075,58,-0.15103448275862066,-8.759999999999998,0.25862068965517243,3.223275862068965,2,31,-0.3138709677419355,-9.73,0.22580645161290322,2.987419354838709,1,-0.06111111111111109
closing,disagree_model_pick,edge,0.1,54,-0.1422222222222222,-7.679999999999999,0.25925925925925924,3.2453703703703702,2,29,-0.3679310344827586,-10.67,0.20689655172413793,2.993448275862069,0,-0.053846153846153835
closing,disagree_model_pick,edge,0.15,47,-0.08297872340425531,-3.8999999999999995,0.2765957446808511,3.2963829787234036,2,25,-0.3804,-9.51,0.2,2.9888,0,-0.020206185567010305
closing,disagree_model_pick,edge,0.2,42,-0.18880952380952376,-7.929999999999998,0.23809523809523808,3.3219047619047624,2,16,-0.388125,-6.21,0.1875,3.0575,1,-0.06619565217391302
closing,disagree_model_pick,gap,0.01,63,-0.12936507936507935,-8.149999999999999,0.2698412698412698,3.192222222222222,2,37,-0.2113513513513514,-7.820000000000002,0.2702702702702703,2.94,1,-0.05212389380530971
closing,disagree_model_pick,gap,0.02,61,-0.14524590163934425,-8.86,0.26229508196721313,3.2032786885245903,2,35,-0.24057142857142863,-8.420000000000002,0.2571428571428571,2.953714285714286,1,-0.059819819819819806
closing,disagree_model_pick,gap,0.03,59,-0.11627118644067796,-6.86,0.2711864406779661,3.2177966101694913,2,33,-0.1945454545454546,-6.420000000000002,0.2727272727272727,2.9672727272727273,1,-0.04293577981651377
closing,disagree_model_pick,gap,0.04,54,-0.1422222222222222,-7.679999999999999,0.25925925925925924,3.2453703703703702,2,30,-0.29100000000000004,-8.73,0.23333333333333334,2.9916666666666667,1,-0.053846153846153835
closing,disagree_model_pick,gap,0.05,50,-0.0736,-3.6799999999999997,0.28,3.2790000000000004,2,27,-0.3174074074074074,-8.57,0.2222222222222222,2.9792592592592593,1,-0.0168
closing,disagree_model_pick,gap,0.075,41,-0.16902439024390242,-6.93,0.24390243902439024,3.3243902439024393,2,22,-0.435,-9.57,0.18181818181818182,2.9813636363636364,0,-0.05615384615384615
closing,fav_odds<2,edge,0.0,54,-0.20518518518518522,-11.080000000000002,0.48148148148148145,1.7125925925925927,2,50,0.0039999999999999905,0.1999999999999995,0.58,1.7144000000000004,1,-0.08653846153846155
closing,fav_odds<2,edge,0.025,34,-0.2582352941176471,-8.780000000000001,0.4411764705882353,1.7782352941176471,2,38,-0.07973684210526315,-3.0299999999999994,0.5263157894736842,1.7378947368421052,0,-0.08452380952380953
closing,fav_odds<2,gap,0.01,60,-0.2313333333333333,-13.879999999999999,0.4666666666666667,1.7088333333333334,2,71,-0.06183098591549294,-4.389999999999999,0.5633802816901409,1.6715492957746476,1,-0.10618181818181817
closing,fav_odds<2,gap,0.02,45,-0.24333333333333332,-10.95,0.4666666666666667,1.6955555555555557,2,53,-0.016226415094339638,-0.8600000000000008,0.5849056603773585,1.6764150943396225,2,-0.09526315789473683
closing,fav_odds<2,gap,0.03,33,-0.20606060606060608,-6.800000000000001,0.48484848484848486,1.7303030303030305,3,44,-0.08090909090909092,-3.56,0.5454545454545454,1.6734090909090908,1,-0.0519277108433735
closing,mid_2-3.5,edge,0.0,206,0.06373786407766992,13.130000000000003,0.4029126213592233,2.758203883495146,4,137,-0.29065693430656936,-39.82,0.2773722627737226,2.711824817518248,0,0.09128906250000002
closing,mid_2-3.5,edge,0.025,187,0.034491978609625655,6.4499999999999975,0.39037433155080214,2.7694652406417113,3,120,-0.3535833333333333,-42.43,0.25,2.7311666666666667,0,0.05721518987341771
closing,mid_2-3.5,edge,0.05,153,-0.0884313725490196,-13.53,0.35294117647058826,2.7693464052287577,1,103,-0.3425242718446603,-35.28000000000001,0.2524271844660194,2.751165048543688,0,-0.05665024630541871
closing,mid_2-3.5,edge,0.075,124,-0.11725806451612905,-14.540000000000003,0.3387096774193548,2.794516129032258,1,91,-0.3403296703296703,-30.97,0.25274725274725274,2.749230769230769,0,-0.07356321839080462
closing,mid_2-3.5,edge,0.1,108,-0.12379629629629631,-13.370000000000001,0.3333333333333333,2.807037037037037,1,70,-0.31685714285714284,-22.18,0.2571428571428571,2.7802857142857142,0,-0.07462025316455698
closing,mid_2-3.5,edge,0.15,78,-0.08756410256410255,-6.829999999999998,0.34615384615384615,2.79025641025641,3,47,-0.2597872340425532,-12.21,0.2765957446808511,2.7831914893617022,1,-0.023359374999999988
closing,mid_2-3.5,edge,0.2,46,-0.29695652173913045,-13.66,0.2608695652173913,2.898913043478261,1,29,0.003103448275862095,0.09000000000000075,0.3793103448275862,2.793793103448276,2,-0.13229166666666667
closing,mid_2-3.5,gap,0.01,204,0.022352941176470582,4.559999999999999,0.39215686274509803,2.7403431372549023,3,146,-0.21287671232876715,-31.080000000000002,0.3082191780821918,2.7063698630136988,0,0.047952755905511804
closing,mid_2-3.5,gap,0.02,176,-0.08125,-14.3,0.35795454545454547,2.7292045454545457,2,126,-0.29150793650793655,-36.730000000000004,0.2777777777777778,2.7064285714285705,0,-0.043274336283185846
closing,mid_2-3.5,gap,0.03,146,-0.08308219178082192,-12.13,0.363013698630137,2.7091780821917806,1,109,-0.29807339449541287,-32.49,0.27522935779816515,2.6901834862385314,0,-0.05188775510204082
closing,mid_2-3.5,gap,0.04,120,-0.029583333333333333,-3.55,0.38333333333333336,2.7158333333333333,1,91,-0.29230769230769227,-26.599999999999998,0.27472527472527475,2.679010989010989,0,-0.01088235294117647
closing,mid_2-3.5,gap,0.05,96,-0.032395833333333346,-3.110000000000001,0.375,2.7304166666666667,3,76,-0.2863157894736842,-21.759999999999998,0.27631578947368424,2.665921052631579,0,0.008698630136986293
closing,mid_2-3.5,gap,0.075,63,-0.1223809523809524,-7.710000000000001,0.3492063492063492,2.699523809523809,3,40,-0.2905,-11.62,0.275,2.704,1,-0.03823008849557523
closing,dog>=3.5,edge,0.0,338,0.013372781065088745,4.519999999999996,0.20710059171597633,6.730029585798817,3,160,0.3529375,56.470000000000006,0.25,6.8324375,3,0.041649484536082464
closing,dog>=3.5,edge,0.025,313,0.011246006389776346,3.519999999999996,0.20447284345047922,6.919456869009585,3,137,0.3098540145985402,42.45,0.23357664233576642,7.191313868613138,3,0.03969696969696969
closing,dog>=3.5,edge,0.05,288,-0.044791666666666674,-12.900000000000002,0.1875,7.127708333333333,3,121,0.22264462809917362,26.94000000000001,0.2066115702479339,7.391818181818182,3,-0.008165680473372787
closing,dog>=3.5,edge,0.075,262,-0.13793893129770993,-36.14,0.16412213740458015,7.385534351145039,2,108,0.06675925925925928,7.210000000000003,0.18518518518518517,7.651574074074073,3,-0.09583333333333333
closing,dog>=3.5,edge,0.1,239,-0.1411715481171548,-33.739999999999995,0.1589958158995816,7.658075313807531,2,96,0.1559375,14.97,0.19791666666666666,7.779062500000001,3,-0.09674740484429063
closing,dog>=3.5,edge,0.15,208,-0.133125,-27.689999999999998,0.15384615384615385,8.080096153846155,3,80,0.19450000000000006,15.560000000000004,0.2,8.2965,3,-0.07732558139534883
closing,dog>=3.5,edge,0.2,173,-0.12647398843930635,-21.88,0.14450867052023122,8.641676300578034,4,64,0.31781250000000005,20.340000000000003,0.21875,8.60984375,2,-0.05811659192825112
closing,dog>=3.5,edge,0.3,130,-0.12738461538461543,-16.560000000000006,0.13846153846153847,9.727230769230768,3,39,0.4415384615384617,17.220000000000006,0.23076923076923078,9.696153846153848,4,-0.06200000000000003
closing,dog>=3.5,gap,0.01,319,0.06373040752351095,20.32999999999999,0.219435736677116,6.456112852664577,3,157,0.3694904458598726,58.010000000000005,0.267515923566879,6.239808917197453,3,0.08509485094850947
closing,dog>=3.5,gap,0.02,267,-0.05370786516853935,-14.340000000000007,0.19101123595505617,6.71131086142322,3,112,0.364375,40.81,0.25,6.567767857142856,3,-0.01523659305993693
closing,dog>=3.5,gap,0.03,232,-0.046594827586206936,-10.81000000000001,0.1853448275862069,6.754741379310344,3,84,0.631904761904762,53.080000000000005,0.2857142857142857,6.750476190476191,3,-0.008333333333333366
closing,dog>=3.5,gap,0.04,179,0.020391061452513938,3.649999999999995,0.18994413407821228,6.705530726256983,3,65,0.6032307692307691,39.209999999999994,0.27692307692307694,6.367846153846154,3,0.045938864628820936
closing,dog>=3.5,gap,0.05,146,-0.02267123287671237,-3.310000000000006,0.17123287671232876,6.88013698630137,3,47,0.8191489361702128,38.5,0.3191489361702128,6.016382978723405,4,0.013112244897959154
closing,dog>=3.5,gap,0.075,73,0.09301369863013698,6.789999999999999,0.1917808219178082,7.000684931506849,3,20,1.017,20.34,0.35,5.539,3,0.08520325203252033
closing,dog>=3.5,gap,0.1,39,0.4317948717948717,16.839999999999996,0.2564102564102564,6.0289743589743585,4,8,2.1175,16.94,0.5,5.7700000000000005,3,0.22921348314606738
opening,any,edge,0.0,533,0.01313320825515948,7.0000000000000036,0.2945590994371482,5.097523452157598,3,328,0.0834451219512195,27.369999999999997,0.3231707317073171,4.112012195121951,2,0.042006861063464844
opening,any,edge,0.025,498,0.013875502008032128,6.91,0.28714859437751006,5.214919678714859,4,279,0.16376344086021508,45.690000000000005,0.3333333333333333,4.261182795698925,3,0.05260948905109489
opening,any,edge,0.05,445,0.008292134831460672,3.6899999999999995,0.27415730337078653,5.431617977528091,4,234,0.14871794871794872,34.8,0.32051282051282054,4.421709401709401,2,0.04745454545454546
opening,any,edge,0.075,382,-0.033560209424083796,-12.820000000000011,0.24607329842931938,5.808324607329843,3,190,0.05826315789473688,11.070000000000007,0.2894736842105263,4.679684210526316,2,0.0003240740740740461
opening,any,edge,0.1,352,-0.03170454545454546,-11.16,0.24147727272727273,6.035227272727272,3,163,0.09116564417177912,14.859999999999996,0.2822085889570552,4.921779141104294,2,0.0022388059701492526
opening,any,edge,0.15,278,-0.03683453237410073,-10.240000000000004,0.21942446043165467,6.626726618705035,2,116,0.11543103448275858,13.389999999999995,0.29310344827586204,5.461034482758621,3,-0.011219512195121961
opening,any,edge,0.2,219,-0.045981735159817336,-10.069999999999997,0.2009132420091324,7.347579908675798,2,86,0.26116279069767445,22.46,0.313953488372093,5.790813953488372,3,-0.017434944237918203
opening,any,edge,0.3,140,0.0006428571428570911,0.08999999999999275,0.17857142857142858,8.595785714285714,3,44,0.28795454545454546,12.67,0.3181818181818182,6.932954545454546,2,0.030473684210526278
opening,any,gap,0.01,529,0.04722117202268431,24.98,0.31568998109640833,4.773289224952741,3,340,0.08338235294117648,28.35,0.36470588235294116,3.8061470588235298,3,0.07314335060449051
opening,any,gap,0.02,461,0.042928416485900234,19.790000000000006,0.3080260303687636,4.860065075921908,4,272,0.01882352941176468,5.119999999999993,0.35294117647058826,3.6777573529411764,3,0.07872798434442271
opening,any,gap,0.03,395,-0.021848101265822793,-8.630000000000003,0.2911392405063291,4.836101265822784,2,222,-0.004819819819819813,-1.0699999999999985,0.35135135135135137,3.5154504504504502,2,0.0006067415730337013
opening,any,gap,0.04,324,-0.023796296296296305,-7.710000000000003,0.2808641975308642,4.717376543209877,2,180,-0.013333333333333315,-2.399999999999997,0.34444444444444444,3.5417777777777775,2,-0.0006149732620320918
opening,any,gap,0.05,250,0.006759999999999998,1.6899999999999995,0.292,4.589799999999999,3,139,0.021007194244604333,2.920000000000002,0.3669064748201439,3.3194964028776974,2,0.03563333333333333
opening,any,gap,0.075,142,0.13056338028169015,18.540000000000003,0.31690140845070425,4.617535211267605,3,72,-0.14138888888888893,-10.180000000000003,0.375,2.9740277777777777,1,0.12656250000000002
opening,any,gap,0.1,67,0.17298507462686563,11.589999999999998,0.34328358208955223,4.081940298507462,4,34,0.10676470588235296,3.6300000000000003,0.47058823529411764,2.7423529411764704,2,0.13905982905982905
opening,H,edge,0.0,229,0.04628820960698688,10.599999999999996,0.3537117903930131,3.915676855895197,4,164,-0.25945121951219513,-42.55,0.3048780487804878,3.219024390243903,0,0.07799283154121862
opening,H,edge,0.025,207,0.03705314009661832,7.669999999999993,0.3333333333333333,4.0602898550724635,3,142,-0.24852112676056332,-35.28999999999999,0.29577464788732394,3.3459154929577464,0,0.05984435797665367
opening,H,edge,0.05,185,0.012270270270270259,2.269999999999998,0.3081081081081081,4.2628648648648655,3,119,-0.29016806722689076,-34.53,0.2689075630252101,3.532773109243698,0,0.039659574468085095
opening,H,edge,0.075,157,0.022929936305732476,3.5999999999999988,0.2929936305732484,4.569235668789809,3,99,-0.24989898989898993,-24.740000000000002,0.26262626262626265,3.7381818181818187,0,0.04739130434782608
opening,H,edge,0.1,143,0.029510489510489502,4.219999999999999,0.2867132867132867,4.761398601398601,3,84,-0.19940476190476192,-16.75,0.27380952380952384,3.8585714285714285,0,0.05186528497409326
opening,H,edge,0.15,112,0.031339285714285695,3.509999999999998,0.26785714285714285,5.177053571428572,2,59,-0.10983050847457625,-6.479999999999999,0.288135593220339,4.18677966101695,1,0.04166666666666666
opening,H,edge,0.2,88,-0.03727272727272728,-3.2800000000000002,0.22727272727272727,5.765113636363636,2,43,0.08046511627906981,3.4600000000000017,0.32558139534883723,4.471162790697676,2,-0.0037681159420289885
opening,H,edge,0.3,56,-0.19625,-10.99,0.16071428571428573,6.585357142857142,2,19,-0.23526315789473684,-4.47,0.3157894736842105,4.824736842105263,1,-0.08367924528301887
opening,H,gap,0.01,234,0.07136752136752136,16.7,0.37606837606837606,3.822735042735043,4,185,-0.18194594594594593,-33.66,0.3675675675675676,3.010378378378378,0,0.09880281690140845
opening,H,gap,0.02,205,0.0144878048780488,2.970000000000004,0.34146341463414637,3.9531707317073175,3,159,-0.20635220125786166,-32.81,0.33962264150943394,3.0108176100628934,0,0.041647058823529426
opening,H,gap,0.03,183,-0.05005464480874319,-9.160000000000004,0.32786885245901637,3.9946994535519122,2,135,-0.17918518518518517,-24.189999999999998,0.34814814814814815,2.9815555555555555,0,-0.019313304721030055
opening,H,gap,0.04,151,-0.024966887417218562,-3.7700000000000027,0.31788079470198677,4.129602649006623,2,109,-0.15990825688073393,-17.43,0.3394495412844037,3.153302752293578,0,0.0012437810945273506
opening,H,gap,0.05,126,-0.0815079365079365,-10.27,0.30952380952380953,4.029682539682539,3,85,-0.1991764705882353,-16.93,0.32941176470588235,3.0345882352941183,0,-0.028352272727272726
opening,H,gap,0.075,79,0.11569620253164557,9.14,0.34177215189873417,3.8689873417721525,2,47,-0.2525531914893617,-11.87,0.3404255319148936,2.7734042553191487,0,0.09085271317829458
opening,H,gap,0.1,36,0.2758333333333333,9.93,0.3888888888888889,3.7588888888888885,5,25,0.04959999999999999,1.2399999999999998,0.48,2.5888,2,0.16546511627906976
opening,D,edge,0.0,318,-0.002389937106918241,-0.7600000000000007,0.23270440251572327,4.598867924528302,3,138,0.22840579710144926,31.52,0.2536231884057971,4.915579710144928,3,0.027934782608695648
opening,D,edge,0.025,269,-0.006877323420074342,-1.8499999999999979,0.22676579925650558,4.703828996282528,3,101,0.5094059405940593,51.44999999999999,0.3069306930693069,5.108316831683169,4,0.024200626959247656
opening,D,edge,0.05,220,-0.022363636363636346,-4.919999999999996,0.21363636363636362,4.858136363636364,3,76,0.5296052631578947,40.25,0.3026315789473684,5.339210526315789,3,0.01177777777777779
opening,D,edge,0.075,173,-0.0730057803468208,-12.629999999999999,0.1907514450867052,5.0425433526011565,3,54,0.2672222222222222,14.43,0.24074074074074073,5.399259259259258,2,-0.026636771300448427
opening,D,edge,0.1,150,-0.02173333333333331,-3.2599999999999962,0.2,5.177266666666666,3,46,0.3193478260869565,14.69,0.2391304347826087,5.634347826086955,2,0.013700000000000018
opening,D,edge,0.15,101,-0.0006930693069306519,-0.06999999999999584,0.18811881188118812,5.637920792079209,3,31,0.34838709677419355,10.8,0.22580645161290322,6.368709677419355,2,0.02953642384105963
opening,D,edge,0.2,69,-0.20956521739130435,-14.46,0.14492753623188406,6.072028985507246,2,19,0.783157894736842,14.879999999999999,0.2631578947368421,6.406315789473684,3,-0.10151260504201681
opening,D,edge,0.3,36,-0.39472222222222225,-14.21,0.08333333333333333,7.074999999999999,2,12,1.3783333333333332,16.54,0.3333333333333333,7.204166666666667,2,-0.1452325581395349
opening,D,gap,0.01,293,0.0013310580204778176,0.39000000000000057,0.23208191126279865,4.595938566552902,3,130,0.29138461538461535,37.879999999999995,0.2692307692307692,4.798384615384615,3,0.031137026239067056
opening,D,gap,0.02,209,-0.0075598086124402004,-1.5800000000000018,0.22009569377990432,4.779473684210526,3,65,0.4183076923076922,27.189999999999994,0.2923076923076923,5.072153846153846,2,0.02389961389961389
opening,D,gap,0.03,146,-0.07315068493150684,-10.679999999999998,0.1917808219178082,4.974589041095891,3,44,0.3395454545454545,14.939999999999998,0.25,5.026136363636364,3,-0.024489795918367335
opening,D,gap,0.04,101,-0.17514851485148508,-17.689999999999994,0.1782178217821782,5.09960396039604,2,30,0.3933333333333333,11.799999999999999,0.23333333333333334,5.2683333333333335,3,-0.09715231788079466
opening,D,gap,0.05,64,-0.27625,-17.68,0.15625,5.355625,2,17,0.4211764705882353,7.16,0.29411764705882354,5.456470588235295,2,-0.13508771929824562
opening,A,edge,0.0,261,-0.06026819923371648,-15.73,0.22988505747126436,6.3744827586206885,2,129,0.2615503875968992,33.739999999999995,0.32558139534883723,5.399689922480619,3,-0.030578778135048234
opening,A,edge,0.025,235,-0.03740425531914894,-8.790000000000001,0.2297872340425532,6.647659574468085,2,107,0.34009345794392515,36.38999999999999,0.3364485981308411,5.702149532710279,4,-0.010842105263157896
opening,A,edge,0.05,216,-0.04240740740740742,-9.160000000000004,0.2175925925925926,6.883981481481482,2,93,0.39526881720430107,36.76,0.34408602150537637,5.8841935483870955,3,-0.014436090225563924
opening,A,edge,0.075,194,-0.052989690721649475,-10.279999999999998,0.1958762886597938,7.255412371134022,2,79,0.3243037974683544,25.619999999999997,0.31645569620253167,6.232151898734177,3,-0.0221311475409836
opening,A,edge,0.1,182,-0.027527472527472535,-5.010000000000002,0.1978021978021978,7.477912087912088,3,69,0.337391304347826,23.279999999999994,0.2898550724637681,6.561014492753624,2,0.008405172413793096
opening,A,edge,0.15,150,-0.056600000000000004,-8.49,0.17333333333333334,8.069800000000003,2,50,0.20619999999999997,10.309999999999999,0.28,7.388,3,-0.02245
opening,A,edge,0.2,123,-0.0234959349593496,-2.8900000000000006,0.17073170731707318,8.790569105691057,3,41,0.20560975609756094,8.429999999999998,0.2682926829268293,7.6602439024390225,3,0.013294797687861269
opening,A,edge,0.3,83,0.2478313253012049,20.570000000000007,0.1927710843373494,10.065060240963856,5,21,0.4080952380952381,8.57,0.2857142857142857,9.067142857142859,3,0.20466165413533838
opening,A,gap,0.01,250,0.004760000000000019,1.1900000000000048,0.252,6.35164,2,125,0.18783999999999998,23.479999999999997,0.344,5.073759999999998,4,0.023966666666666685
opening,A,gap,0.02,209,-0.00023923444976078594,-0.05000000000000426,0.24880382775119617,6.566028708133972,2,95,0.24726315789473682,23.49,0.37894736842105264,4.852947368421053,4,0.019806949806949792
opening,A,gap,0.03,174,0.05275862068965519,9.180000000000003,0.25862068965517243,6.402758620689655,3,72,0.20222222222222222,14.56,0.375,4.514583333333333,3,0.07098214285714287
opening,A,gap,0.04,139,0.10913669064748203,15.170000000000003,0.2517985611510791,5.993741007194243,3,61,0.24049180327868852,14.67,0.39344262295081966,4.276885245901638,3,0.11026455026455029
opening,A,gap,0.05,105,0.04876190476190477,5.120000000000001,0.26666666666666666,5.583238095238096,3,47,0.44446808510638297,20.89,0.46808510638297873,3.4423404255319148,4,0.06303225806451614
opening,A,gap,0.075,58,0.30224137931034484,17.53,0.3103448275862069,5.522068965517242,3,23,0.39913043478260873,9.180000000000001,0.5217391304347826,3.1260869565217395,3,0.19231481481481483
opening,market_favorite,edge,0.0,148,0.009797297297297301,1.4500000000000006,0.4864864864864865,2.131351351351351,3,123,-0.14853658536585365,-18.27,0.43089430894308944,2.094390243902439,0,0.03732323232323233
opening,market_favorite,edge,0.025,127,-0.004881889763779522,-0.6199999999999992,0.47244094488188976,2.152047244094488,3,103,-0.1459223300970874,-15.030000000000003,0.42718446601941745,2.106504854368932,0,0.026497175141242942
opening,market_favorite,edge,0.05,105,-0.025238095238095237,-2.65,0.44761904761904764,2.212761904761905,2,86,-0.12988372093023257,-11.17,0.43023255813953487,2.1326744186046516,0,0.0029032258064516127
opening,market_favorite,edge,0.075,76,-0.03315789473684211,-2.5200000000000005,0.4342105263157895,2.2582894736842105,3,66,-0.1406060606060606,-9.28,0.4090909090909091,2.196818181818182,1,0.009999999999999995
opening,market_favorite,edge,0.1,63,0.07238095238095239,4.5600000000000005,0.47619047619047616,2.2879365079365077,3,52,-0.14826923076923076,-7.709999999999999,0.40384615384615385,2.1982692307692306,1,0.07035398230088497
opening,market_favorite,edge,0.15,39,0.13102564102564104,5.11,0.48717948717948717,2.367692307692308,5,29,0.032758620689655196,0.9500000000000006,0.4827586206896552,2.2441379310344827,2,0.10741573033707866
opening,market_favorite,gap,0.01,158,0.05360759493670885,8.469999999999999,0.5189873417721519,2.0951898734177212,4,148,-0.08574324324324323,-12.689999999999998,0.4864864864864865,2.018175675675676,0,0.08072115384615383
opening,market_favorite,gap,0.02,136,0.0024999999999999988,0.33999999999999986,0.4852941176470588,2.1224999999999996,4,124,-0.1458870967741935,-18.089999999999996,0.45161290322580644,2.039435483870968,0,0.04182795698924731
opening,market_favorite,gap,0.03,120,-0.0006666666666666747,-0.08000000000000096,0.48333333333333334,2.128833333333333,2,113,-0.14,-15.82,0.45132743362831856,2.0405309734513275,0,0.01952941176470588
opening,market_favorite,gap,0.04,94,-0.01595744680851062,-1.4999999999999982,0.46808510638297873,2.1523404255319147,2,91,-0.12747252747252744,-11.599999999999998,0.45054945054945056,2.067582417582418,0,0.009583333333333346
opening,market_favorite,gap,0.05,78,0.03628205128205128,2.83,0.48717948717948717,2.164230769230769,2,76,-0.1257894736842105,-9.559999999999999,0.4473684210526316,2.0888157894736845,1,0.042109375000000004
opening,market_favorite,gap,0.075,45,0.14600000000000002,6.57,0.5111111111111111,2.2877777777777784,4,46,-0.09369565217391305,-4.3100000000000005,0.45652173913043476,2.0728260869565216,1,0.10915789473684212
opening,model_favorite,edge,0.0,206,0.0022815533980582643,0.4700000000000024,0.4368932038834951,2.4249029126213593,3,151,-0.11119205298013245,-16.79,0.41721854304635764,2.24682119205298,1,0.03183593750000001
opening,model_favorite,edge,0.025,183,-0.013005464480874336,-2.3800000000000034,0.4207650273224044,2.4676502732240437,3,129,-0.08953488372093023,-11.549999999999999,0.4186046511627907,2.274961240310077,1,0.01978540772532187
opening,model_favorite,edge,0.05,159,-0.03201257861635219,-5.089999999999998,0.39622641509433965,2.5481132075471695,4,109,-0.11779816513761468,-12.84,0.4036697247706422,2.309724770642202,1,0.015645933014354078
opening,model_favorite,edge,0.075,125,-0.04839999999999998,-6.049999999999997,0.376,2.6412000000000004,3,88,-0.1130681818181818,-9.95,0.38636363636363635,2.3922727272727276,1,-0.00457142857142856
opening,model_favorite,edge,0.1,111,0.01828828828828826,2.029999999999997,0.3963963963963964,2.69963963963964,4,72,-0.12736111111111112,-9.17,0.375,2.420416666666666,1,0.052608695652173895
opening,model_favorite,edge,0.15,80,0.04525,3.6199999999999997,0.3875,2.84575,4,41,0.11585365853658537,4.75,0.4634146341463415,2.4748780487804876,2,0.06784615384615385
opening,model_favorite,edge,0.2,54,0.07518518518518519,4.0600000000000005,0.37037037037037035,3.0207407407407407,3,30,0.24733333333333332,7.42,0.5,2.5463333333333327,3,0.06903846153846155
opening,model_favorite,edge,0.3,30,0.14133333333333334,4.24,0.36666666666666664,3.2646666666666664,3,12,0.6166666666666667,7.4,0.6666666666666666,2.5341666666666667,4,0.083
opening,model_favorite,gap,0.01,216,0.03467592592592591,7.489999999999997,0.46296296296296297,2.3848611111111118,3,176,-0.06369318181818182,-11.209999999999999,0.4659090909090909,2.1610795454545455,1,0.05815789473684209
opening,model_favorite,gap,0.02,191,-0.0021989528795811585,-0.42000000000000126,0.43455497382198954,2.430104712041885,3,151,-0.1033774834437086,-15.61,0.4370860927152318,2.1979470198675495,0,0.028257261410788374
opening,model_favorite,gap,0.03,173,-0.008786127167630066,-1.5200000000000014,0.4277456647398844,2.4593641618497113,3,138,-0.10246376811594203,-14.14,0.43478260869565216,2.2049275362318843,1,0.023183856502242146
opening,model_favorite,gap,0.04,142,-0.028380281690140858,-4.030000000000002,0.4084507042253521,2.52,3,112,-0.10062499999999999,-11.27,0.42857142857142855,2.2401785714285714,1,0.009010416666666656
opening,model_favorite,gap,0.05,124,-0.005080645161290318,-0.6299999999999994,0.4112903225806452,2.569838709677419,4,93,-0.08623655913978494,-8.02,0.43010752688172044,2.253440860215054,1,0.03637931034482759
opening,model_favorite,gap,0.075,80,0.05987500000000001,4.790000000000001,0.4125,2.741625,4,56,0.026607142857142857,1.49,0.4642857142857143,2.2469642857142857,2,0.07684615384615386
opening,model_favorite,gap,0.1,45,0.16666666666666666,7.5,0.4222222222222222,2.939111111111111,4,30,0.11,3.3,0.5,2.28,2,0.11894736842105263
opening,agree_favorite,edge,0.0,148,0.009797297297297301,1.4500000000000006,0.4864864864864865,2.131351351351351,3,123,-0.14853658536585365,-18.27,0.43089430894308944,2.094390243902439,0,0.03732323232323233
opening,agree_favorite,edge,0.025,127,-0.004881889763779522,-0.6199999999999992,0.47244094488188976,2.152047244094488,3,103,-0.1459223300970874,-15.030000000000003,0.42718446601941745,2.106504854368932,0,0.026497175141242942
opening,agree_favorite,edge,0.05,105,-0.025238095238095237,-2.65,0.44761904761904764,2.212761904761905,2,86,-0.12988372093023257,-11.17,0.43023255813953487,2.1326744186046516,0,0.0029032258064516127
opening,agree_favorite,edge,0.075,76,-0.03315789473684211,-2.5200000000000005,0.4342105263157895,2.2582894736842105,3,66,-0.1406060606060606,-9.28,0.4090909090909091,2.196818181818182,1,0.009999999999999995
opening,agree_favorite,edge,0.1,63,0.07238095238095239,4.5600000000000005,0.47619047619047616,2.2879365079365077,3,52,-0.14826923076923076,-7.709999999999999,0.40384615384615385,2.1982692307692306,1,0.07035398230088497
opening,agree_favorite,edge,0.15,39,0.13102564102564104,5.11,0.48717948717948717,2.367692307692308,5,29,0.032758620689655196,0.9500000000000006,0.4827586206896552,2.2441379310344827,2,0.10741573033707866
opening,agree_favorite,gap,0.01,158,0.05360759493670885,8.469999999999999,0.5189873417721519,2.0951898734177212,4,148,-0.08574324324324323,-12.689999999999998,0.4864864864864865,2.018175675675676,0,0.08072115384615383
opening,agree_favorite,gap,0.02,136,0.0024999999999999988,0.33999999999999986,0.4852941176470588,2.1224999999999996,4,124,-0.1458870967741935,-18.089999999999996,0.45161290322580644,2.039435483870968,0,0.04182795698924731
opening,agree_favorite,gap,0.03,120,-0.0006666666666666747,-0.08000000000000096,0.48333333333333334,2.128833333333333,2,113,-0.14,-15.82,0.45132743362831856,2.0405309734513275,0,0.01952941176470588
opening,agree_favorite,gap,0.04,94,-0.01595744680851062,-1.4999999999999982,0.46808510638297873,2.1523404255319147,2,91,-0.12747252747252744,-11.599999999999998,0.45054945054945056,2.067582417582418,0,0.009583333333333346
opening,agree_favorite,gap,0.05,78,0.03628205128205128,2.83,0.48717948717948717,2.164230769230769,2,76,-0.1257894736842105,-9.559999999999999,0.4473684210526316,2.0888157894736845,1,0.042109375000000004
opening,agree_favorite,gap,0.075,45,0.14600000000000002,6.57,0.5111111111111111,2.2877777777777784,4,46,-0.09369565217391305,-4.3100000000000005,0.45652173913043476,2.0728260869565216,1,0.10915789473684212
opening,disagree_model_pick,edge,0.0,58,-0.016896551724137916,-0.9799999999999991,0.3103448275862069,3.1739655172413794,3,28,0.05285714285714287,1.4800000000000004,0.35714285714285715,2.9164285714285714,2,0.02092592592592593
opening,disagree_model_pick,edge,0.025,56,-0.03142857142857143,-1.7600000000000002,0.30357142857142855,3.1833928571428567,2,26,0.13384615384615384,3.48,0.38461538461538464,2.9423076923076925,2,0.0033962264150943396
opening,disagree_model_pick,edge,0.05,54,-0.0451851851851852,-2.440000000000001,0.2962962962962963,3.2001851851851852,2,23,-0.07260869565217393,-1.6700000000000004,0.30434782608695654,2.971739130434783,2,-0.0034615384615384708
opening,disagree_model_pick,edge,0.075,49,-0.07204081632653059,-3.529999999999999,0.2857142857142857,3.2351020408163267,2,22,-0.03045454545454547,-0.6700000000000004,0.3181818181818182,2.9786363636363635,2,-0.015656565656565643
opening,disagree_model_pick,edge,0.1,48,-0.05270833333333328,-2.5299999999999976,0.2916666666666667,3.24,2,20,-0.07300000000000002,-1.4600000000000004,0.3,2.998,2,-0.005816326530612221
opening,disagree_model_pick,edge,0.15,41,-0.036341463414634144,-1.4899999999999998,0.2926829268292683,3.3004878048780486,2,12,0.31666666666666665,3.8,0.4166666666666667,3.0324999999999993,2,0.0036263736263736288
opening,disagree_model_pick,edge,0.2,35,0.04000000000000002,1.4000000000000008,0.3142857142857143,3.3522857142857143,2,10,0.58,5.8,0.5,3.048,2,0.03647058823529413
opening,disagree_model_pick,gap,0.01,58,-0.016896551724137916,-0.9799999999999991,0.3103448275862069,3.1739655172413794,3,28,0.05285714285714287,1.4800000000000004,0.35714285714285715,2.9164285714285714,2,0.02092592592592593
opening,disagree_model_pick,gap,0.02,55,-0.013818181818181806,-0.7599999999999993,0.3090909090909091,3.190727272727272,2,27,0.09185185185185185,2.48,0.37037037037037035,2.925925925925926,2,0.01276190476190477
opening,disagree_model_pick,gap,0.03,53,-0.027169811320754706,-1.4399999999999995,0.3018867924528302,3.207735849056604,2,25,0.06720000000000001,1.6800000000000002,0.36,2.9479999999999995,2,0.006019417475728161
opening,disagree_model_pick,gap,0.04,48,-0.05270833333333328,-2.5299999999999976,0.2916666666666667,3.24,2,21,0.015714285714285698,0.3299999999999996,0.3333333333333333,2.988095238095238,2,-0.005816326530612221
opening,disagree_model_pick,gap,0.05,46,-0.07521739130434783,-3.4600000000000004,0.2826086956521739,3.257608695652174,2,17,0.09058823529411765,1.54,0.35294117647058826,2.989411764705882,2,-0.016041666666666673
opening,disagree_model_pick,gap,0.075,35,-0.050857142857142865,-1.7800000000000002,0.2857142857142857,3.325142857142857,2,10,0.58,5.8,0.5,3.048,2,-0.000941176470588237
opening,fav_odds<2,edge,0.0,55,-0.12236363636363638,-6.730000000000001,0.5272727272727272,1.7185454545454544,2,45,0.0028888888888888666,0.129999999999999,0.6,1.6822222222222223,2,-0.044095238095238104
opening,fav_odds<2,edge,0.025,44,-0.15931818181818183,-7.010000000000001,0.5,1.7288636363636363,2,37,-0.032972972972972976,-1.2200000000000002,0.5675675675675675,1.7048648648648648,2,-0.05457446808510638
opening,fav_odds<2,gap,0.01,64,-0.046875,-3.0,0.578125,1.6998437499999999,3,65,0.034307692307692296,2.229999999999999,0.6461538461538462,1.6287692307692307,2,0.00368421052631579
opening,fav_odds<2,gap,0.02,52,-0.13615384615384618,-7.080000000000001,0.5192307692307693,1.7190384615384613,2,51,0.011176470588235283,0.5699999999999994,0.6274509803921569,1.6405882352941177,2,-0.04941176470588236
opening,fav_odds<2,gap,0.03,44,-0.0895454545454546,-3.940000000000002,0.5454545454545454,1.7211363636363635,3,48,-0.01833333333333335,-0.8800000000000008,0.6041666666666666,1.6504166666666666,2,-0.011914893617021298
opening,fav_odds<2,gap,0.04,30,-0.09899999999999999,-2.9699999999999998,0.5333333333333333,1.719333333333333,2,37,-0.02243243243243244,-0.8300000000000003,0.5945945945945946,1.6627027027027024,2,-0.017124999999999998
opening,mid_2-3.5,edge,0.0,190,0.03642105263157894,6.919999999999998,0.38421052631578945,2.7856315789473682,3,140,-0.1883571428571429,-26.370000000000005,0.3142857142857143,2.6438571428571427,0,0.05883333333333332
opening,mid_2-3.5,edge,0.025,169,0.03420118343195266,5.779999999999999,0.38461538461538464,2.773431952662722,3,116,-0.13344827586206895,-15.479999999999999,0.33620689655172414,2.6427586206896554,1,0.05639269406392694
opening,mid_2-3.5,edge,0.05,155,-0.013935483870967732,-2.1599999999999984,0.36774193548387096,2.756838709677419,3,95,-0.19505263157894734,-18.529999999999998,0.3157894736842105,2.6362105263157902,0,0.01946341463414635
opening,mid_2-3.5,edge,0.075,123,-0.055203252032520335,-6.790000000000001,0.34959349593495936,2.7665040650406505,3,81,-0.1754320987654321,-14.209999999999999,0.32098765432098764,2.646666666666667,0,-0.009248554913294807
opening,mid_2-3.5,edge,0.1,107,0.005327102803738308,0.569999999999999,0.37383177570093457,2.752710280373832,3,67,-0.14940298507462685,-10.009999999999998,0.3283582089552239,2.6525373134328363,1,0.03363057324840764
opening,mid_2-3.5,edge,0.15,71,-0.032112676056338045,-2.280000000000001,0.36619718309859156,2.7304225352112677,3,37,-0.00945945945945945,-0.34999999999999964,0.3783783783783784,2.67,1,0.011157024793388419
opening,mid_2-3.5,edge,0.2,41,0.09560975609756096,3.9199999999999995,0.3902439024390244,2.790487804878049,4,27,0.18407407407407408,4.970000000000001,0.4444444444444444,2.627407407407407,3,0.08307692307692308
opening,mid_2-3.5,gap,0.01,189,0.052857142857142866,9.990000000000002,0.3915343915343915,2.7725396825396826,3,145,-0.1626896551724138,-23.59,0.3310344827586207,2.6230344827586207,0,0.07179916317991633
opening,mid_2-3.5,gap,0.02,164,0.039939024390243896,6.549999999999999,0.3902439024390244,2.745060975609756,3,126,-0.19452380952380952,-24.509999999999998,0.31746031746031744,2.6125396825396825,0,0.06060747663551401
opening,mid_2-3.5,gap,0.03,141,0.012978723404255307,1.8299999999999983,0.3829787234042553,2.7106382978723405,3,104,-0.23384615384615384,-24.32,0.3076923076923077,2.5910576923076922,0,0.03958115183246072
opening,mid_2-3.5,gap,0.04,116,-0.02887931034482759,-3.35,0.3706896551724138,2.692068965517241,3,85,-0.20588235294117646,-17.5,0.3176470588235294,2.6067058823529417,1,0.009819277108433732
opening,mid_2-3.5,gap,0.05,94,-0.04287234042553191,-4.029999999999999,0.3723404255319149,2.6625531914893616,4,69,-0.13391304347826088,-9.24,0.34782608695652173,2.5691304347826094,1,0.012013888888888893
opening,mid_2-3.5,gap,0.075,62,0.04193548387096776,2.600000000000001,0.4032258064516129,2.609193548387097,2,38,0.07289473684210525,2.7699999999999996,0.42105263157894735,2.515263157894737,3,0.04321428571428572
opening,mid_2-3.5,gap,0.1,32,0.175,5.6,0.4375,2.6653125,4,20,0.13849999999999998,2.7699999999999996,0.45,2.5529999999999995,2,0.10829268292682925
opening,dog>=3.5,edge,0.0,342,0.005672514619883045,1.9400000000000013,0.20760233918128654,6.6405847953216375,3,168,0.26958333333333334,45.29,0.23809523809523808,5.903869047619048,3,0.03494897959183674
opening,dog>=3.5,edge,0.025,316,0.017848101265822803,5.640000000000006,0.20569620253164558,6.83006329113924,3,137,0.4482481751824816,61.40999999999998,0.26277372262773724,6.26065693430657,3,0.045409836065573785
opening,dog>=3.5,edge,0.05,283,0.010883392226148423,3.0800000000000036,0.1978798586572438,7.106713780918728,3,116,0.4629310344827585,53.69999999999999,0.25862068965517243,6.514913793103449,3,0.03924924924924926
opening,dog>=3.5,edge,0.075,256,-0.044648437500000006,-11.430000000000001,0.17578125,7.395859375000001,3,97,0.26835051546391747,26.029999999999994,0.21649484536082475,6.844845360824743,2,-0.007352941176470597
opening,dog>=3.5,edge,0.1,244,-0.06405737704918034,-15.630000000000004,0.1680327868852459,7.549467213114755,3,86,0.2925581395348837,25.159999999999997,0.20930232558139536,7.115930232558141,2,-0.023163265306122463
opening,dog>=3.5,edge,0.15,209,-0.052296650717703355,-10.930000000000001,0.16267942583732056,7.92909090909091,3,72,0.16166666666666668,11.64,0.20833333333333334,7.25,2,-0.01220077220077221
opening,dog>=3.5,edge,0.2,177,-0.08254237288135592,-14.609999999999998,0.15254237288135594,8.435536723163843,2,56,0.26857142857142857,15.04,0.21428571428571427,7.528928571428572,3,-0.04436123348017619
opening,dog>=3.5,edge,0.3,122,-0.037950819672131125,-4.629999999999997,0.13934426229508196,9.447213114754097,3,32,0.16468749999999993,5.269999999999998,0.1875,8.5825,1,0.0030813953488372237
opening,dog>=3.5,gap,0.01,324,0.03274691358024692,10.610000000000003,0.21296296296296297,6.364475308641975,3,160,0.27518750000000003,44.03,0.25625,5.7459999999999996,3,0.05836898395721926
opening,dog>=3.5,gap,0.02,266,0.05045112781954885,13.419999999999995,0.20676691729323307,6.683421052631579,3,104,0.2826923076923077,29.4,0.25961538461538464,5.939038461538461,4,0.07246835443037973
opening,dog>=3.5,gap,0.03,222,-0.051306306306306296,-11.389999999999997,0.17567567567567569,6.740315315315315,3,76,0.2722368421052631,20.689999999999998,0.23684210526315788,5.943684210526316,4,-0.01187499999999999
opening,dog>=3.5,gap,0.04,184,-0.001413043478260854,-0.2599999999999971,0.18478260869565216,6.448641304347825,3,60,0.2748333333333334,16.490000000000002,0.23333333333333334,6.007000000000001,3,0.0288888888888889
opening,dog>=3.5,gap,0.05,135,0.06392592592592591,8.629999999999999,0.1925925925925926,6.422888888888889,3,42,0.3466666666666667,14.56,0.2619047619047619,5.670714285714287,3,0.07664864864864865
opening,dog>=3.5,gap,0.075,74,0.17932432432432438,13.270000000000003,0.20270270270270271,6.533108108108108,3,16,-0.729375,-11.67,0.0625,5.518750000000001,1,0.13701612903225807
opening,dog>=3.5,gap,0.1,33,0.13969696969696974,4.610000000000001,0.21212121212121213,5.6006060606060615,4,4,0.08250000000000002,0.33000000000000007,0.25,6.210000000000001,1,0.09554216867469881
opening_mean,any,edge,0.0,514,0.027830739299610878,14.30499999999999,0.301556420233463,4.950924124513619,3,320,0.07835937499999998,25.074999999999992,0.325,4.111515625,2,0.055363475177304944
opening_mean,any,edge,0.025,463,0.035064794816414696,16.235000000000003,0.2915766738660907,5.177570194384449,4,263,0.12403041825095056,32.62,0.3269961977186312,4.285266159695817,2,0.07164717348927876
opening_mean,any,edge,0.05,401,-0.036957605985037396,-14.819999999999997,0.2543640897755611,5.49423940149626,3,218,0.06770642201834862,14.76,0.2981651376146789,4.463233944954128,2,-0.0028603104212860248
opening_mean,any,edge,0.075,364,-0.049464285714285725,-18.005000000000003,0.2445054945054945,5.701648351648352,2,183,0.041120218579235,7.525000000000006,0.2677595628415301,4.780573770491803,1,-0.023490338164251213
opening_mean,any,edge,0.1,325,-0.037799999999999986,-12.284999999999997,0.23384615384615384,5.990892307692308,3,154,0.1455844155844156,22.42,0.2857142857142857,5.040097402597402,2,-0.0027599999999999916
opening_mean,any,edge,0.15,266,-0.0017481203007518925,-0.4650000000000034,0.22556390977443608,6.525845864661654,3,107,0.2989252336448598,31.985,0.308411214953271,5.608971962616822,3,0.028528481012658216
opening_mean,any,edge,0.2,196,0.0006377551020407982,0.12499999999999645,0.20918367346938777,7.143979591836735,3,83,0.1525301204819277,12.66,0.30120481927710846,5.697590361445783,2,0.030508130081300797
opening_mean,any,edge,0.3,127,0.034803149606299225,4.420000000000002,0.18110236220472442,8.443740157480315,3,41,0.3325609756097561,13.635,0.34146341463414637,6.807682926829267,2,0.05497175141242939
opening_mean,any,gap,0.01,524,0.037414122137404575,19.604999999999997,0.3187022900763359,4.636221374045801,3,342,0.11557017543859649,39.525,0.36257309941520466,3.768143274853801,2,0.06415505226480836
opening_mean,any,gap,0.02,455,0.035000000000000024,15.92500000000001,0.3120879120879121,4.653505494505495,3,274,0.011076642335766426,3.0350000000000006,0.35766423357664234,3.668302919708029,3,0.061534653465346555
opening_mean,any,gap,0.03,392,-0.05002551020408163,-19.61,0.2857142857142857,4.6740306122448985,2,224,-0.04792410714285714,-10.735,0.34375,3.410267857142857,0,-0.02436651583710407
opening_mean,any,gap,0.04,321,-0.02504672897196263,-8.040000000000004,0.2834890965732087,4.468395638629284,3,182,-0.03206043956043955,-5.834999999999999,0.35714285714285715,3.448708791208791,1,0.00832884097035039
opening_mean,any,gap,0.05,255,-0.007862745098039225,-2.0050000000000026,0.28627450980392155,4.515686274509804,3,131,-0.09041984732824425,-11.844999999999997,0.35877862595419846,3.214961832061069,1,0.023426229508196714
opening_mean,any,gap,0.075,135,0.02537037037037039,3.4250000000000025,0.3037037037037037,4.445777777777777,3,72,-0.009513888888888896,-0.6850000000000005,0.4027777777777778,2.950277777777778,2,0.048513513513513525
opening_mean,any,gap,0.1,67,0.16380597014925372,10.975,0.34328358208955223,3.9797761194029855,4,34,0.10367647058823531,3.525000000000001,0.47058823529411764,2.715441176470588,2,0.1338034188034188
opening_mean,H,edge,0.0,217,0.02324884792626728,5.045,0.3456221198156682,3.927718894009217,4,162,-0.25990740740740736,-42.10499999999999,0.30864197530864196,3.17429012345679,0,0.05889513108614232
opening_mean,H,edge,0.025,197,0.025380710659898487,5.000000000000002,0.3299492385786802,4.088324873096447,4,138,-0.2577173913043478,-35.565,0.2898550724637681,3.3535144927536233,0,0.06024291497975709
opening_mean,H,edge,0.05,167,-0.03278443113772451,-5.474999999999993,0.2874251497005988,4.408473053892216,2,114,-0.2912719298245614,-33.205,0.2631578947368421,3.574912280701754,0,-0.00523041474654375
opening_mean,H,edge,0.075,150,-0.002466666666666632,-0.3699999999999948,0.29333333333333333,4.5782,2,94,-0.26829787234042546,-25.21999999999999,0.2553191489361702,3.786010638297873,0,0.018150000000000027
opening_mean,H,edge,0.1,129,-0.012286821705426335,-1.5849999999999973,0.2713178294573643,4.840658914728682,2,79,-0.21594936708860754,-17.059999999999995,0.26582278481012656,3.9127215189873414,0,0.01114525139664806
opening_mean,H,edge,0.15,106,0.04,4.24,0.2641509433962264,5.260471698113206,2,55,-0.051181818181818155,-2.8149999999999986,0.3090909090909091,4.236909090909092,2,0.04717948717948718
opening_mean,H,edge,0.2,81,-0.01290123456790124,-1.0450000000000004,0.2345679012345679,5.817962962962963,2,43,-0.19860465116279064,-8.539999999999997,0.27906976744186046,4.576744186046512,1,0.012022900763358777
opening_mean,H,edge,0.3,53,-0.20707547169811324,-10.975000000000001,0.1509433962264151,6.687169811320754,1,19,0.024736842105263213,0.4700000000000011,0.3684210526315789,4.709736842105263,2,-0.09655339805825244
opening_mean,H,gap,0.01,233,0.05667381974248929,13.205000000000005,0.3776824034334764,3.774141630901288,4,186,-0.20443548387096774,-38.025,0.3602150537634409,2.9862634408602147,0,0.08666077738515904
opening_mean,H,gap,0.02,204,-0.016568627450980367,-3.3799999999999946,0.3382352941176471,3.8925735294117643,2,162,-0.20876543209876539,-33.81999999999999,0.345679012345679,3.001450617283951,0,0.006692913385826794
opening_mean,H,gap,0.03,181,-0.10765193370165746,-19.485,0.30939226519337015,3.9560497237569066,2,139,-0.2078776978417266,-28.895,0.3381294964028777,3.0239208633093524,0,-0.06435064935064934
opening_mean,H,gap,0.04,154,-0.07892857142857145,-12.155000000000003,0.3051948051948052,3.9580194805194813,2,110,-0.1939090909090909,-21.33,0.35454545454545455,3.0517727272727275,0,-0.039583333333333345
opening_mean,H,gap,0.05,122,-0.08795081967213117,-10.730000000000002,0.30327868852459017,4.018565573770491,2,83,-0.2562048192771084,-21.265,0.3253012048192771,2.9893975903614463,0,-0.04238372093023257
opening_mean,H,gap,0.075,76,0.1206578947368421,9.17,0.34210526315789475,3.867302631578947,2,47,-0.15021276595744681,-7.0600000000000005,0.3617021276595745,2.768617021276596,1,0.09277777777777778
opening_mean,H,gap,0.1,34,0.3410294117647059,11.595,0.4117647058823529,3.563970588235294,5,25,0.04520000000000001,1.1300000000000003,0.48,2.5626000000000007,2,0.1880357142857143
opening_mean,D,edge,0.0,286,-0.029947552447552445,-8.565,0.22727272727272727,4.571573426573426,3,127,0.33661417322834647,42.75,0.28346456692913385,4.7895669291338585,3,0.0045089285714285735
opening_mean,D,edge,0.025,240,-0.0535,-12.84,0.21666666666666667,4.7162083333333324,3,85,0.39499999999999996,33.574999999999996,0.29411764705882354,4.992470588235293,3,-0.014275862068965521
opening_mean,D,edge,0.05,194,-0.13889175257731956,-26.944999999999997,0.18556701030927836,4.921675257731959,3,61,0.27254098360655743,16.625000000000004,0.2459016393442623,5.219262295081967,3,-0.08043032786885244
opening_mean,D,edge,0.075,163,-0.14269938650306746,-23.259999999999994,0.17791411042944785,5.046533742331288,3,50,0.1514,7.57,0.22,5.2440999999999995,2,-0.07920187793427227
opening_mean,D,edge,0.1,140,-0.07757142857142856,-10.859999999999998,0.19285714285714287,5.1555,3,37,0.21500000000000005,7.955000000000002,0.21621621621621623,5.633513513513514,2,-0.027157894736842096
opening_mean,D,edge,0.15,91,-0.128021978021978,-11.649999999999999,0.17582417582417584,5.533241758241758,3,26,0.4107692307692308,10.68,0.23076923076923078,6.102692307692308,2,-0.0526241134751773
opening_mean,D,edge,0.2,63,-0.22476190476190472,-14.159999999999997,0.14285714285714285,6.042857142857142,3,16,1.0509374999999999,16.814999999999998,0.3125,6.5112499999999995,3,-0.09530973451327432
opening_mean,D,edge,0.3,31,-0.32999999999999996,-10.229999999999999,0.0967741935483871,7.303064516129032,3,11,1.5018181818181817,16.52,0.36363636363636365,6.751818181818183,2,-0.09629629629629627
opening_mean,D,gap,0.01,287,-0.05740418118466898,-16.474999999999998,0.2229965156794425,4.538397212543554,3,130,0.30869230769230765,40.129999999999995,0.2846153846153846,4.617153846153847,3,-0.01888724035608308
opening_mean,D,gap,0.02,212,-0.09028301886792453,-19.14,0.20754716981132076,4.729528301886792,3,63,0.2655555555555555,16.729999999999997,0.2698412698412698,4.873650793650793,2,-0.043053435114503824
opening_mean,D,gap,0.03,148,-0.2217905405405405,-32.824999999999996,0.16891891891891891,4.8406756756756755,2,40,0.220625,8.825,0.225,4.830875,3,-0.14578282828282826
opening_mean,D,gap,0.04,103,-0.25203883495145624,-25.959999999999994,0.1650485436893204,4.95873786407767,2,28,0.4508928571428571,12.624999999999998,0.25,5.19767857142857,3,-0.14967320261437905
opening_mean,D,gap,0.05,71,-0.3087323943661972,-21.92,0.15492957746478872,5.226338028169013,2,15,-0.029000000000000033,-0.4350000000000005,0.2,5.423333333333333,1,-0.16115702479338845
opening_mean,A,edge,0.0,249,-0.02556224899598393,-6.364999999999998,0.24096385542168675,6.200903614457832,2,124,0.2927822580645161,36.30499999999999,0.33064516129032256,5.470524193548386,3,-0.0012876254180601947
opening_mean,A,edge,0.025,220,-0.00895454545454545,-1.9699999999999989,0.2318181818181818,6.581818181818182,2,101,0.3907920792079207,39.46999999999999,0.3465346534653465,5.771435643564355,4,0.012703703703703708
opening_mean,A,edge,0.05,196,-0.031989795918367356,-6.270000000000001,0.20918367346938777,6.885204081632653,2,90,0.37722222222222207,33.94999999999999,0.3333333333333333,5.84788888888889,2,-0.005487804878048785
opening_mean,A,edge,0.075,183,-0.043032786885245894,-7.874999999999998,0.19672131147540983,7.100573770491804,2,78,0.37224358974358973,29.035,0.2948717948717949,6.335961538461539,2,-0.013798283261802564
opening_mean,A,edge,0.1,169,-0.029230769230769227,-4.9399999999999995,0.1893491124260355,7.377307692307691,2,66,0.4733333333333333,31.239999999999995,0.30303030303030304,6.734242424242424,2,-0.0025570776255707736
opening_mean,A,edge,0.15,147,-0.0028231292517006622,-0.41499999999999737,0.17687074829931973,7.878639455782312,2,47,0.5827659574468084,27.389999999999993,0.2978723404255319,7.647127659574467,3,0.01789340101522844
opening_mean,A,edge,0.2,106,0.10707547169811323,11.350000000000001,0.18867924528301888,8.566698113207547,4,38,0.2839473684210526,10.79,0.2894736842105263,7.161447368421053,3,0.11275641025641026
opening_mean,A,edge,0.3,74,0.33466216216216216,24.765,0.20270270270270271,9.902364864864865,5,19,0.19763157894736838,3.754999999999999,0.2631578947368421,9.248684210526315,2,0.2497177419354839
opening_mean,A,gap,0.01,246,-0.013678861788617873,-3.3649999999999967,0.24390243902439024,6.1638414634146335,2,126,0.31769841269841265,40.029999999999994,0.3492063492063492,5.130238095238095,3,0.00863175675675677
opening_mean,A,gap,0.02,207,-0.0083816425120773,-1.7350000000000012,0.25120772946859904,6.1677053140096625,2,97,0.20994845360824743,20.365000000000002,0.3711340206185567,4.908247422680412,4,0.01324902723735408
opening_mean,A,gap,0.03,174,0.03238505747126437,5.635,0.25862068965517243,6.1306896551724135,3,74,0.19797297297297298,14.65,0.3783783783783784,4.270202702702702,3,0.05515625
opening_mean,A,gap,0.04,133,0.0905639097744361,12.045000000000002,0.2631578947368421,5.589360902255639,3,62,0.247016129032258,15.314999999999996,0.4032258064516129,4.197338709677418,3,0.09581967213114755
opening_mean,A,gap,0.05,108,0.04453703703703704,4.8100000000000005,0.26851851851851855,5.300092592592593,3,43,0.41232558139534875,17.729999999999997,0.4883720930232558,3.2989534883720935,3,0.06044303797468355
opening_mean,A,gap,0.075,54,0.045277777777777785,2.4450000000000003,0.2777777777777778,5.127037037037037,3,23,0.3980434782608696,9.155000000000001,0.5217391304347826,3.0871739130434785,3,0.053509615384615385
opening_mean,A,gap,0.1,30,0.07933333333333335,2.380000000000001,0.3,4.3985,3,9,0.2661111111111112,2.3950000000000005,0.4444444444444444,3.1399999999999997,2,0.05975000000000001
opening_mean,market_favorite,edge,0.0,139,0.018309352517985603,2.544999999999999,0.49640287769784175,2.089820143884892,4,121,-0.16516528925619833,-19.985,0.4297520661157025,2.0708677685950416,0,0.05346560846560846
opening_mean,market_favorite,edge,0.025,115,0.00373913043478261,0.43000000000000016,0.4782608695652174,2.139347826086957,3,101,-0.16955445544554457,-17.125,0.4158415841584158,2.102920792079208,0,0.032606060606060604
opening_mean,market_favorite,edge,0.05,82,-0.04780487804878047,-3.9199999999999986,0.43902439024390244,2.204390243902439,2,81,-0.14043209876543206,-11.374999999999996,0.41975308641975306,2.1326543209876547,0,-0.009696969696969687
opening_mean,market_favorite,edge,0.075,69,0.05115942028985509,3.530000000000001,0.4782608695652174,2.229927536231884,3,61,-0.21745901639344262,-13.264999999999999,0.3770491803278688,2.1918852459016396,1,0.0596638655462185
opening_mean,market_favorite,edge,0.1,51,0.10107843137254903,5.155,0.49019607843137253,2.2890196078431373,4,48,-0.1823958333333333,-8.754999999999999,0.3958333333333333,2.17,1,0.09103960396039604
opening_mean,market_favorite,edge,0.15,34,0.14264705882352943,4.8500000000000005,0.5,2.3295588235294122,4,27,0.10407407407407414,2.810000000000002,0.5185185185185185,2.2274074074074073,3,0.09773809523809524
opening_mean,market_favorite,gap,0.01,154,0.038733766233766224,5.964999999999998,0.5194805194805194,2.064285714285714,4,148,-0.10793918918918917,-15.974999999999998,0.4797297297297297,1.999189189189189,0,0.06924019607843136
opening_mean,market_favorite,gap,0.02,137,-0.0031751824817518285,-0.4350000000000005,0.48905109489051096,2.083978102189781,3,127,-0.14897637795275592,-18.92,0.4566929133858268,2.0203149606299218,0,0.027673796791443845
opening_mean,market_favorite,gap,0.03,119,-0.043781512605042025,-5.210000000000001,0.47058823529411764,2.082310924369748,2,115,-0.15952173913043477,-18.345,0.4434782608695652,2.0346956521739132,0,-0.010828402366863912
opening_mean,market_favorite,gap,0.04,97,-0.06793814432989691,-6.59,0.4536082474226804,2.1085051546391753,2,95,-0.09489473684210527,-9.015,0.47368421052631576,2.0426842105263163,1,-0.024829931972789116
opening_mean,market_favorite,gap,0.05,77,0.012792207792207785,0.9849999999999994,0.4805194805194805,2.141688311688312,2,77,-0.11954545454545455,-9.205,0.45454545454545453,2.058896103896104,1,0.02775590551181102
opening_mean,market_favorite,gap,0.075,43,0.12802325581395352,5.505000000000001,0.5116279069767442,2.2536046511627905,3,46,-0.09717391304347824,-4.469999999999999,0.45652173913043476,2.0588043478260865,1,0.08919354838709678
opening_mean,model_favorite,edge,0.0,196,-0.004744897959183654,-0.9299999999999962,0.4387755102040816,2.398469387755102,3,148,-0.11871621621621622,-17.57,0.4189189189189189,2.224222972972973,1,0.026219512195121968
opening_mean,model_favorite,edge,0.025,170,-0.006147058823529399,-1.0449999999999977,0.4235294117647059,2.4700882352941176,3,126,-0.10087301587301588,-12.71,0.4126984126984127,2.268452380952381,1,0.02525000000000001
opening_mean,model_favorite,edge,0.05,135,-0.044777777777777764,-6.044999999999998,0.3851851851851852,2.586851851851852,4,103,-0.11757281553398058,-12.11,0.39805825242718446,2.3109223300970876,1,0.007324324324324338
opening_mean,model_favorite,edge,0.075,118,-0.004999999999999998,-0.5899999999999999,0.3983050847457627,2.6354661016949144,4,81,-0.1481481481481481,-11.999999999999996,0.37037037037037035,2.3883950617283953,1,0.036488095238095236
opening_mean,model_favorite,edge,0.1,97,0.012061855670103124,1.170000000000003,0.3917525773195876,2.7353092783505155,3,64,-0.09820312499999997,-6.284999999999998,0.390625,2.383046875,1,0.037959183673469406
opening_mean,model_favorite,edge,0.15,73,0.025479452054794554,1.8600000000000025,0.3835616438356164,2.8423287671232873,2,39,0.16820512820512826,6.560000000000002,0.48717948717948717,2.4710256410256406,3,0.03512195121951221
opening_mean,model_favorite,edge,0.2,49,0.0525510204081633,2.5750000000000015,0.3673469387755102,3.0106122448979593,4,29,0.28637931034482766,8.305000000000001,0.5172413793103449,2.5325862068965517,3,0.06601010101010102
opening_mean,model_favorite,gap,0.01,212,0.01995283018867924,4.229999999999999,0.46226415094339623,2.3596933962264153,3,177,-0.08790960451977399,-15.559999999999997,0.4576271186440678,2.146666666666667,1,0.046145038167938926
opening_mean,model_favorite,gap,0.02,192,-0.009947916666666659,-1.9099999999999984,0.4375,2.3926822916666666,3,154,-0.10717532467532465,-16.504999999999995,0.44155844155844154,2.1765584415584414,0,0.02210743801652893
opening_mean,model_favorite,gap,0.03,172,-0.05979651162790698,-10.285,0.4127906976744186,2.4190988372093027,2,139,-0.11316546762589925,-15.729999999999997,0.4316546762589928,2.1915107913669067,0,-0.026328828828828827
opening_mean,model_favorite,gap,0.04,145,-0.0669655172413793,-9.709999999999997,0.4,2.473758620689655,3,115,-0.06739130434782607,-7.749999999999998,0.45217391304347826,2.2070434782608697,1,-0.019794871794871785
opening_mean,model_favorite,gap,0.05,121,-0.03264462809917354,-3.949999999999998,0.4049586776859504,2.541280991735537,2,92,-0.062336956521739144,-5.735000000000001,0.44565217391304346,2.2133695652173917,2,-0.003099415204678352
opening_mean,model_favorite,gap,0.075,77,0.02084415584415585,1.6050000000000004,0.4025974025974026,2.724090909090909,2,56,0.022857142857142857,1.28,0.4642857142857143,2.2328571428571427,2,0.032637795275590555
opening_mean,model_favorite,gap,0.1,45,0.1595555555555556,7.1800000000000015,0.4222222222222222,2.9304444444444453,4,30,0.10650000000000004,3.195000000000001,0.5,2.2621666666666664,2,0.11557894736842106
opening_mean,agree_favorite,edge,0.0,139,0.018309352517985603,2.544999999999999,0.49640287769784175,2.089820143884892,4,121,-0.16516528925619833,-19.985,0.4297520661157025,2.0708677685950416,0,0.05346560846560846
opening_mean,agree_favorite,edge,0.025,115,0.00373913043478261,0.43000000000000016,0.4782608695652174,2.139347826086957,3,101,-0.16955445544554457,-17.125,0.4158415841584158,2.102920792079208,0,0.032606060606060604
opening_mean,agree_favorite,edge,0.05,82,-0.04780487804878047,-3.9199999999999986,0.43902439024390244,2.204390243902439,2,81,-0.14043209876543206,-11.374999999999996,0.41975308641975306,2.1326543209876547,0,-0.009696969696969687
opening_mean,agree_favorite,edge,0.075,69,0.05115942028985509,3.530000000000001,0.4782608695652174,2.229927536231884,3,61,-0.21745901639344262,-13.264999999999999,0.3770491803278688,2.1918852459016396,1,0.0596638655462185
opening_mean,agree_favorite,edge,0.1,51,0.10107843137254903,5.155,0.49019607843137253,2.2890196078431373,4,48,-0.1823958333333333,-8.754999999999999,0.3958333333333333,2.17,1,0.09103960396039604
opening_mean,agree_favorite,edge,0.15,34,0.14264705882352943,4.8500000000000005,0.5,2.3295588235294122,4,27,0.10407407407407414,2.810000000000002,0.5185185185185185,2.2274074074074073,3,0.09773809523809524
opening_mean,agree_favorite,gap,0.01,154,0.038733766233766224,5.964999999999998,0.5194805194805194,2.064285714285714,4,148,-0.10793918918918917,-15.974999999999998,0.4797297297297297,1.999189189189189,0,0.06924019607843136
opening_mean,agree_favorite,gap,0.02,137,-0.0031751824817518285,-0.4350000000000005,0.48905109489051096,2.083978102189781,3,127,-0.14897637795275592,-18.92,0.4566929133858268,2.0203149606299218,0,0.027673796791443845
opening_mean,agree_favorite,gap,0.03,119,-0.043781512605042025,-5.210000000000001,0.47058823529411764,2.082310924369748,2,115,-0.15952173913043477,-18.345,0.4434782608695652,2.0346956521739132,0,-0.010828402366863912
opening_mean,agree_favorite,gap,0.04,97,-0.06793814432989691,-6.59,0.4536082474226804,2.1085051546391753,2,95,-0.09489473684210527,-9.015,0.47368421052631576,2.0426842105263163,1,-0.024829931972789116
opening_mean,agree_favorite,gap,0.05,77,0.012792207792207785,0.9849999999999994,0.4805194805194805,2.141688311688312,2,77,-0.11954545454545455,-9.205,0.45454545454545453,2.058896103896104,1,0.02775590551181102
opening_mean,agree_favorite,gap,0.075,43,0.12802325581395352,5.505000000000001,0.5116279069767442,2.2536046511627905,3,46,-0.09717391304347824,-4.469999999999999,0.45652173913043476,2.0588043478260865,1,0.08919354838709678
opening_mean,disagree_model_pick,edge,0.0,57,-0.060964912280701736,-3.4749999999999988,0.2982456140350877,3.1511403508771934,2,27,0.08944444444444445,2.415,0.37037037037037035,2.9114814814814816,2,-0.012476635514018678
opening_mean,disagree_model_pick,edge,0.025,55,-0.026818181818181797,-1.4749999999999988,0.3090909090909091,3.1616363636363634,2,25,0.17659999999999998,4.414999999999999,0.4,2.937199999999999,2,0.005952380952380964
opening_mean,disagree_model_pick,edge,0.05,53,-0.040094339622641494,-2.124999999999999,0.3018867924528302,3.178584905660377,2,22,-0.0334090909090909,-0.7349999999999999,0.3181818181818182,2.967272727272728,2,-0.000631067961165039
opening_mean,disagree_model_pick,edge,0.075,49,-0.0840816326530612,-4.119999999999999,0.2857142857142857,3.206530612244898,2,20,0.06325,1.2650000000000001,0.35,2.98775,2,-0.021616161616161606
opening_mean,disagree_model_pick,edge,0.1,46,-0.08663043478260868,-3.9849999999999994,0.2826086956521739,3.2301086956521736,2,16,0.15437500000000007,2.470000000000001,0.375,3.0221875000000002,2,-0.02151041666666666
opening_mean,disagree_model_pick,edge,0.15,39,-0.07666666666666665,-2.9899999999999993,0.28205128205128205,3.289358974358975,2,12,0.3125,3.75,0.4166666666666667,3.0191666666666666,2,-0.01359550561797752
opening_mean,disagree_model_pick,edge,0.2,32,-0.05937499999999998,-1.8999999999999995,0.28125,3.35203125,2,10,0.575,5.75,0.5,3.0334999999999996,2,-0.0031707317073170656
opening_mean,disagree_model_pick,gap,0.01,58,-0.029913793103448237,-1.7349999999999977,0.3103448275862069,3.1440517241379307,3,29,0.014310344827586209,0.41500000000000004,0.3448275862068966,2.899310344827586,2,0.013935185185185207
opening_mean,disagree_model_pick,gap,0.02,55,-0.026818181818181797,-1.4749999999999988,0.3090909090909091,3.1616363636363634,2,27,0.08944444444444445,2.415,0.37037037037037035,2.9114814814814816,2,0.005952380952380964
opening_mean,disagree_model_pick,gap,0.03,53,-0.09575471698113207,-5.074999999999999,0.2830188679245283,3.175283018867924,2,24,0.10895833333333334,2.615,0.375,2.9429166666666666,2,-0.029271844660194165
opening_mean,disagree_model_pick,gap,0.04,48,-0.065,-3.12,0.2916666666666667,3.2118750000000005,2,20,0.06325,1.2650000000000001,0.35,2.98775,2,-0.01183673469387755
opening_mean,disagree_model_pick,gap,0.05,44,-0.1121590909090909,-4.935,0.2727272727272727,3.2405681818181806,2,15,0.23133333333333334,3.47,0.4,3.0063333333333335,2,-0.0325
opening_mean,disagree_model_pick,gap,0.075,34,-0.11470588235294116,-3.8999999999999995,0.2647058823529412,3.3191176470588233,2,10,0.575,5.75,0.5,3.0334999999999996,2,-0.026428571428571423
opening_mean,fav_odds<2,edge,0.0,56,-0.13839285714285718,-7.750000000000002,0.5178571428571429,1.7079464285714288,2,46,0.0017391304347825812,0.07999999999999874,0.6086956521739131,1.662934782608696,2,-0.05311320754716982
opening_mean,fav_odds<2,edge,0.025,38,-0.10210526315789474,-3.88,0.5263157894736842,1.7317105263157893,2,37,-0.0248648648648649,-0.9200000000000013,0.5675675675675675,1.7086486486486485,2,-0.02409090909090909
opening_mean,fav_odds<2,gap,0.01,66,-0.06083333333333336,-4.0150000000000015,0.5757575757575758,1.6837878787878788,3,67,0.021641791044776097,1.4499999999999984,0.6417910447761194,1.6180597014925373,2,-0.004612068965517253
opening_mean,fav_odds<2,gap,0.02,56,-0.13839285714285718,-7.750000000000002,0.5178571428571429,1.7079464285714288,2,54,0.03787037037037034,2.044999999999998,0.6481481481481481,1.6294444444444447,3,-0.05311320754716982
opening_mean,fav_odds<2,gap,0.03,47,-0.14542553191489363,-6.835000000000001,0.5106382978723404,1.7163829787234046,2,49,-0.002857142857142878,-0.140000000000001,0.6122448979591837,1.6490816326530613,2,-0.0504639175257732
opening_mean,fav_odds<2,gap,0.04,33,-0.15893939393939396,-5.245000000000001,0.5151515151515151,1.685151515151515,3,41,0.036341463414634116,1.4899999999999989,0.6341463414634146,1.6507317073170733,2,-0.033192771084337366
opening_mean,mid_2-3.5,edge,0.0,184,0.07622282608695655,14.025000000000004,0.3967391304347826,2.7974728260869566,3,135,-0.2382222222222222,-32.16,0.2962962962962963,2.6372962962962965,0,0.08993589743589744
opening_mean,mid_2-3.5,edge,0.025,164,0.07384146341463417,12.110000000000005,0.39634146341463417,2.7654573170731704,4,110,-0.20763636363636365,-22.84,0.3090909090909091,2.6405454545454545,1,0.09658878504672899
opening_mean,mid_2-3.5,edge,0.05,139,-0.02201438848920861,-3.059999999999997,0.3597122302158273,2.780179856115108,3,91,-0.25148351648351647,-22.884999999999998,0.2967032967032967,2.6347802197802204,0,0.013809523809523824
opening_mean,mid_2-3.5,edge,0.075,119,-0.033193277310924356,-3.949999999999998,0.36134453781512604,2.7769327731092437,3,76,-0.29506578947368417,-22.424999999999997,0.27631578947368424,2.651842105263158,0,0.006627218934911253
opening_mean,mid_2-3.5,edge,0.1,99,-0.06196969696969695,-6.134999999999998,0.35353535353535354,2.7566666666666664,4,59,-0.21237288135593219,-12.53,0.3050847457627119,2.667033898305085,1,-0.0011744966442952878
opening_mean,mid_2-3.5,edge,0.15,65,-0.022923076923076914,-1.4899999999999993,0.36923076923076925,2.7331538461538463,3,35,0.04400000000000004,1.5400000000000014,0.4,2.6337142857142855,2,0.01704347826086957
opening_mean,mid_2-3.5,edge,0.2,38,0.013289473684210547,0.5050000000000008,0.3684210526315789,2.7857894736842104,3,26,0.22692307692307698,5.900000000000001,0.46153846153846156,2.616923076923077,3,0.035738636363636375
opening_mean,mid_2-3.5,gap,0.01,191,0.0643455497382199,12.290000000000003,0.39267015706806285,2.7892670157068062,3,145,-0.2118965517241379,-30.724999999999998,0.3103448275862069,2.629137931034483,0,0.08099585062240665
opening_mean,mid_2-3.5,gap,0.02,167,0.07598802395209582,12.690000000000003,0.40119760479041916,2.7492215568862277,3,126,-0.20682539682539683,-26.06,0.30952380952380953,2.6121428571428567,0,0.08847926267281107
opening_mean,mid_2-3.5,gap,0.03,145,-0.03717241379310344,-5.389999999999999,0.36551724137931035,2.7207241379310343,3,105,-0.2593809523809524,-27.235,0.29523809523809524,2.5897619047619047,0,0.002358974358974364
opening_mean,mid_2-3.5,gap,0.04,119,-0.08004201680672268,-9.524999999999999,0.35294117647058826,2.6863445378151263,3,84,-0.22452380952380951,-18.86,0.30952380952380953,2.607202380952381,1,-0.026360946745562122
opening_mean,mid_2-3.5,gap,0.05,96,-0.07067708333333333,-6.785,0.3645833333333333,2.6710937500000003,3,64,-0.18640624999999997,-11.929999999999998,0.328125,2.562734375,0,-0.016472602739726026
opening_mean,mid_2-3.5,gap,0.075,61,-0.040245901639344266,-2.455,0.3770491803278688,2.6122131147540983,2,37,0.0452702702702703,1.6750000000000012,0.40540540540540543,2.513513513513513,3,-0.0021171171171171163
opening_mean,mid_2-3.5,gap,0.1,32,0.16734375,5.355,0.4375,2.6559375,4,20,0.13750000000000004,2.750000000000001,0.45,2.5337499999999995,2,0.1053048780487805
opening_mean,dog>=3.5,edge,0.0,314,0.00767515923566879,2.41,0.20382165605095542,6.597436305732485,3,159,0.34430817610062886,54.74499999999999,0.2578616352201258,6.001069182389937,3,0.03662087912087912
opening_mean,dog>=3.5,edge,0.025,286,0.0044580419580419655,1.2750000000000021,0.1958041958041958,6.861940559440559,3,124,0.4203225806451612,52.11999999999999,0.25806451612903225,6.465080645161291,2,0.03379464285714286
opening_mean,dog>=3.5,edge,0.05,256,-0.07816406249999999,-20.009999999999998,0.16796875,7.146015625,2,105,0.31919047619047614,33.51499999999999,0.21904761904761905,6.706523809523809,2,-0.04539215686274509
opening_mean,dog>=3.5,edge,0.075,239,-0.07866108786610879,-18.8,0.16317991631799164,7.318744769874476,2,95,0.2752105263157894,26.144999999999996,0.2,6.944052631578949,2,-0.045051903114186845
opening_mean,dog>=3.5,edge,0.1,228,-0.05307017543859648,-12.099999999999998,0.16666666666666666,7.409649122807018,3,82,0.41213414634146334,33.794999999999995,0.21951219512195122,7.290914634146343,2,-0.0135251798561151
opening_mean,dog>=3.5,edge,0.15,202,-0.016534653465346535,-3.34,0.16831683168316833,7.753019801980199,3,66,0.41553030303030297,27.424999999999997,0.21212121212121213,7.532121212121211,3,0.016746031746031745
opening_mean,dog>=3.5,edge,0.2,157,-0.006305732484076424,-0.9899999999999984,0.16560509554140126,8.23407643312102,3,54,0.08064814814814814,4.3549999999999995,0.18518518518518517,7.397314814814815,2,0.02521739130434783
opening_mean,dog>=3.5,edge,0.3,112,0.02776785714285714,3.1099999999999994,0.15178571428571427,9.1921875,3,29,0.21672413793103446,6.284999999999999,0.20689655172413793,8.582931034482758,1,0.04919753086419752
opening_mean,dog>=3.5,gap,0.01,312,0.0060096153846153615,1.874999999999993,0.20833333333333334,6.236378205128204,3,159,0.39462264150943394,62.745,0.27044025157232704,5.731572327044025,3,0.0351795580110497
opening_mean,dog>=3.5,gap,0.02,254,0.011732283464566952,2.9800000000000058,0.1968503937007874,6.459566929133858,3,103,0.23970873786407765,24.689999999999998,0.2524271844660194,6.000485436893205,4,0.03980263157894739
opening_mean,dog>=3.5,gap,0.03,210,-0.04914285714285714,-10.32,0.1761904761904762,6.628095238095239,3,75,0.15519999999999998,11.639999999999999,0.21333333333333335,5.7134,3,-0.009692307692307695
opening_mean,dog>=3.5,gap,0.04,177,0.03274011299435027,5.794999999999998,0.192090395480226,6.141045197740114,3,58,0.18163793103448275,10.535,0.22413793103448276,5.938706896551724,2,0.05552863436123347
opening_mean,dog>=3.5,gap,0.05,138,0.07028985507246376,9.699999999999998,0.1956521739130435,6.270072463768116,3,35,0.011999999999999999,0.41999999999999993,0.2,5.81757142857143,2,0.08159574468085104
opening_mean,dog>=3.5,gap,0.075,68,0.048235294117647064,3.2800000000000002,0.19117647058823528,6.330514705882353,3,16,-0.12281249999999999,-1.9649999999999999,0.1875,5.46125,2,0.05779661016949153
opening_mean,dog>=3.5,gap,0.1,33,0.128939393939394,4.255000000000002,0.21212121212121213,5.402727272727272,4,4,0.08250000000000002,0.33000000000000007,0.25,6.115,1,0.09126506024096387
open_close_mid,any,edge,0.0,526,0.0011461815893019588,0.6028915159728303,0.2946768060836502,5.0493623928525215,4,316,0.09532179314092781,30.12168663253319,0.3291139240506329,4.242019675955984,3,0.041046686659675057
open_close_mid,any,edge,0.025,478,-0.02535998223126941,-12.122071506546778,0.27824267782426776,5.242322960946274,3,271,0.016794484216470628,4.55130522266354,0.2878228782287823,4.426018320199372,1,0.007041531237600797
open_close_mid,any,edge,0.05,427,-0.07657854953658959,-32.699040652123756,0.25526932084309134,5.5061796294677805,1,237,-0.03702239377574802,-8.77430732485228,0.26582278481012656,4.592990576653766,1,-0.05855144790801626
open_close_mid,any,edge,0.075,375,-0.09405540530031897,-35.27077698761961,0.23733333333333334,5.738721300550448,1,193,-0.01673146365708831,-3.2291724858180437,0.2538860103626943,4.9044243186745335,1,-0.07299006350028145
open_close_mid,any,edge,0.1,343,-0.0858594825229602,-29.44980250537535,0.23323615160349853,5.953427063320405,1,169,0.034120070946116715,5.766291989893725,0.27218934911242604,5.128972329520877,1,-0.06493588423759632
open_close_mid,any,edge,0.15,271,-0.1745511546338983,-47.30336290578644,0.1918819188191882,6.487571356858529,1,122,-0.008110187850732302,-0.9894429177893409,0.26229508196721313,5.625426283660265,2,-0.13736250126413221
open_close_mid,any,edge,0.2,214,-0.1656835194644164,-35.456273165385106,0.17757009345794392,7.154202849930919,2,84,0.1470192325572138,12.34961553480596,0.2976190476190476,6.386304752963182,2,-0.11430406502039812
open_close_mid,any,edge,0.3,132,-0.06252152397021415,-8.252841164068268,0.16666666666666666,8.606111993642601,3,42,0.2380273209884981,9.99714748151692,0.2857142857142857,7.6888016380093696,2,-0.015345281121254224
open_close_mid,any,gap,0.01,524,0.009757237143141936,5.112792263006375,0.3110687022900763,4.735507964859188,4,334,0.03149184842080075,10.518277372547452,0.3532934131736527,3.810446952335388,3,0.048907303594087764
open_close_mid,any,gap,0.02,461,-0.015302168450860536,-7.054299655846707,0.2993492407809111,4.809730383082454,3,276,-0.041947760201968214,-11.577581815743226,0.32608695652173914,3.8180803345992174,1,0.016195108305583742
open_close_mid,any,gap,0.03,382,-0.05266027666655477,-20.11622568662392,0.28272251308900526,4.728888930920205,2,232,0.027371856200269686,6.350270638462567,0.34051724137931033,3.749202771470861,2,-0.02656533723755537
open_close_mid,any,gap,0.04,326,-0.0664078841076706,-21.648970219100615,0.27607361963190186,4.6620554403460055,3,180,0.015432509796993078,2.777851763458754,0.3388888888888889,3.5404924886646865,2,-0.027577048455054827
open_close_mid,any,gap,0.05,263,-0.06105591179780006,-16.057704802821416,0.26996197718631176,4.669676242711562,2,132,0.10122264109515575,13.361388624560558,0.3484848484848485,3.2855924775608454,2,-0.03130257125502049
open_close_mid,any,gap,0.075,141,-0.029718607146563374,-4.1903236076654355,0.28368794326241137,4.61234420264859,2,70,0.03870503806555644,2.7093526645889505,0.35714285714285715,3.041950741474427,2,-0.0019388670558399754
open_close_mid,any,gap,0.1,66,0.20268816510462803,13.37741889690545,0.3181818181818182,4.262273607759381,4,35,0.2026573656538333,7.093007797884165,0.5142857142857142,2.7132166558439557,3,0.15532257669746077
open_close_mid,H,edge,0.0,225,0.04126120197628386,9.283770444663867,0.3511111111111111,3.9856599275120193,4,165,-0.2619518060959475,-43.22204800583133,0.3151515151515151,3.2003696092174514,0,0.07375916525332316
open_close_mid,H,edge,0.025,203,0.02328715715034274,4.727292901519577,0.33004926108374383,4.163990277166261,4,141,-0.317492003113701,-44.76637243903184,0.2695035460992908,3.344224305082313,0,0.05868495217991927
open_close_mid,H,edge,0.05,176,-0.016484809353562436,-2.9013264462269888,0.3125,4.385197799054624,3,123,-0.34169144771020155,-42.02804806835479,0.24390243902439024,3.502766322512555,0,0.017162272361827484
open_close_mid,H,edge,0.075,156,-0.03680059628339959,-5.740893020210336,0.28846153846153844,4.563606196561322,2,95,-0.37333271416301334,-35.466607845486266,0.21052631578947367,3.813727680784888,0,-0.00786841271946765
open_close_mid,H,edge,0.1,139,0.012985010619665805,1.8049164761335468,0.2949640287769784,4.817023266949452,2,82,-0.31541189980045253,-25.863775783637106,0.23170731707317074,3.9650956220911624,0,0.02954982262504522
open_close_mid,H,edge,0.15,113,-0.14952579715151187,-16.896415078120842,0.23008849557522124,5.2394826561441095,2,56,-0.24990844504807067,-13.994872922691957,0.25,4.339710134845085,0,-0.08365898820933032
open_close_mid,H,edge,0.2,88,-0.12174770982871058,-10.713798464926532,0.2159090909090909,5.673883296530594,2,37,-0.024651241069893286,-0.9120959195860516,0.2972972972972973,4.732151152092146,2,-0.057636220760337184
open_close_mid,H,edge,0.3,49,-0.15314314033460874,-7.504013876395828,0.16326530612244897,7.172278861635074,2,18,-0.244412312138491,-4.399421618492838,0.2222222222222222,5.220965759958763,2,-0.055798119963594225
open_close_mid,H,gap,0.01,232,0.005434176967772911,1.2607290565233154,0.3577586206896552,3.844430515042482,4,187,-0.25387237364692533,-47.474133871975035,0.33689839572192515,2.9930987968833507,0,0.044470670413203246
open_close_mid,H,gap,0.02,207,-0.03101908428116851,-6.420950446201882,0.34299516908212563,3.959779444045242,2,159,-0.27540206333978895,-43.78892807102645,0.31446540880503143,3.0325759575188425,0,-0.004984242981330281
open_close_mid,H,gap,0.03,179,-0.08525533878314136,-15.260705642182302,0.31843575418994413,3.979403360302569,2,141,-0.24161088928714664,-34.067135389487675,0.3191489361702128,3.113577005373798,0,-0.046640635992062446
open_close_mid,H,gap,0.04,158,-0.10596558031943988,-16.7425616904715,0.3037974683544304,4.145646614597014,2,106,-0.26774235070346697,-28.380689174567497,0.3018867924528302,3.090653375029117,0,-0.060493085050343745
open_close_mid,H,gap,0.05,133,-0.04829552516524201,-6.423304846977188,0.3157894736842105,4.13553808421658,3,76,-0.3306532431982853,-25.129646483069685,0.27631578947368424,3.0091490266820777,0,-0.005100026486214139
open_close_mid,H,gap,0.075,75,0.07749290487166226,5.81196786537467,0.3333333333333333,4.105153866464346,2,43,-0.3991986372373157,-17.165541401204575,0.27906976744186046,2.794653811615121,0,0.06649574292299736
open_close_mid,H,gap,0.1,35,0.09666929425796021,3.3834252990286076,0.3142857142857143,3.9314729408312603,4,21,0.05582280318395644,1.1722788668630852,0.47619047619047616,2.680558192909986,2,0.07980500351798361
open_close_mid,D,edge,0.0,304,0.05583152719340292,16.972784266794488,0.24342105263157895,4.649621211101526,3,119,0.2703803795725219,32.17526516913011,0.2689075630252101,4.98134086278095,3,0.07794571826778104
open_close_mid,D,edge,0.025,265,0.03356929396602767,8.895862900997331,0.2339622641509434,4.7618285298272065,3,88,0.33691891504059607,29.648864523572456,0.2727272727272727,5.101359604645254,3,0.05824083460634073
open_close_mid,D,edge,0.05,219,-0.047016627274530376,-10.296641373122153,0.2054794520547945,4.923111350289093,3,66,0.05514742293583479,3.6397299137650965,0.21212121212121213,5.266399122445109,2,-0.00827747722350243
open_close_mid,D,edge,0.075,172,-0.11816672410666988,-20.32467654634722,0.18023255813953487,5.154480110389183,3,48,0.14488397869075798,6.954430977156383,0.20833333333333334,5.614333002133702,2,-0.06155259705561811
open_close_mid,D,edge,0.1,149,-0.1807711588991115,-26.934902675967614,0.16778523489932887,5.229216483695328,3,40,0.26674168182633007,10.669667273053204,0.225,5.730281581842081,2,-0.10535126972848047
open_close_mid,D,edge,0.15,103,-0.2619260995891929,-26.97838825768687,0.13592233009708737,5.67807339716728,2,27,0.3425682089745528,9.249341642312926,0.2222222222222222,6.191104005713229,2,-0.15632933501756124
open_close_mid,D,edge,0.2,67,-0.3884638957362237,-26.02708101432699,0.08955223880597014,6.209317645209938,2,21,0.5405703403903058,11.351977148196422,0.23809523809523808,6.745090087950349,2,-0.20245368388313667
open_close_mid,D,edge,0.3,38,-0.22552190822648824,-8.569832512606553,0.10526315789473684,7.096785037482569,3,10,0.2869513970246976,2.8695139702469756,0.2,7.0748661293031505,1,-0.067384460370529
open_close_mid,D,gap,0.01,288,0.053153165923898134,15.308111786082662,0.24305555555555555,4.661664574030809,3,122,0.22666783661967624,27.6534760676005,0.26229508196721313,4.801692080301748,2,0.07529027155645758
open_close_mid,D,gap,0.02,216,-0.09588345294353186,-20.710825835802883,0.2037037037037037,4.800804253278249,3,61,0.27129848513705807,16.549207593360542,0.26229508196721313,4.97129643610181,3,-0.04786024750301836
open_close_mid,D,gap,0.03,154,-0.16407214448050236,-25.267110249997362,0.17532467532467533,4.975136402011916,3,41,0.2018275209289855,8.274928358088406,0.21951219512195122,5.2064563992763135,3,-0.09385838357841844
open_close_mid,D,gap,0.04,107,-0.13796597524658663,-14.76235935138477,0.17757009345794392,5.136131003156127,4,24,0.15999573110566023,3.8398975465358456,0.20833333333333334,5.1835195305512896,3,-0.05402776656932975
open_close_mid,D,gap,0.05,74,-0.2881279896174127,-21.32147123168854,0.12162162162162163,5.465765740246693,3,17,0.6376410321491673,10.839897546535845,0.29411764705882354,5.185847696283813,3,-0.14194734864264952
open_close_mid,A,edge,0.0,258,-0.06165742378742386,-15.907615337155356,0.22868217054263565,6.287532027327723,2,126,0.3857859163890296,48.60902546501773,0.3333333333333333,5.701971809750352,3,-0.03164810174401089
open_close_mid,A,edge,0.025,228,-0.07140707986845199,-16.280814210007055,0.2149122807017544,6.648560527451122,2,111,0.2886618884575762,32.041469618790956,0.2972972972972973,6.0002760070514976,2,-0.038564079892111705
open_close_mid,A,edge,0.05,208,-0.10080375084242868,-20.967180175225167,0.19230769230769232,6.999243933472105,2,98,0.38976017786734996,38.196497431000296,0.3163265306122449,6.184701233405228,2,-0.061268140214051026
open_close_mid,A,edge,0.075,191,-0.07685030892426427,-14.678409004534476,0.18848167539267016,7.151241666265893,3,88,0.3720109942444008,32.73696749350727,0.3068181818181818,6.343325428684363,3,-0.030906261429603635
open_close_mid,A,edge,0.1,176,-0.05452747145265732,-9.596834975667688,0.18181818181818182,7.372522766551452,3,79,0.39262273004205345,31.01719567332222,0.31645569620253167,6.577233225672298,3,-0.012463871573750833
open_close_mid,A,edge,0.15,145,-0.13019614575185745,-18.87844113401933,0.15862068965517243,7.785713189949303,3,61,0.21677715368329156,13.223406374680785,0.2786885245901639,6.983565000467211,4,-0.06681251863599656
open_close_mid,A,edge,0.2,122,-0.051855712053114664,-6.326396870479989,0.16393442622950818,8.428958383911118,3,44,0.26090199600386776,11.479687824170181,0.29545454545454547,7.988859390758347,2,-0.0067813771539534246
open_close_mid,A,edge,0.3,82,0.17886890905251393,14.667250542306142,0.18292682926829268,9.64328749044981,4,24,0.40060606124116366,9.614545469787927,0.2916666666666667,9.734037748370696,3,0.15111553441141018
open_close_mid,A,gap,0.01,250,-0.05276974777239675,-13.192436943099187,0.236,6.192285404532113,3,127,0.21160701352777797,26.8740907180278,0.36220472440944884,5.199271217265924,4,-0.013974789810330623
open_close_mid,A,gap,0.02,207,-0.10780151273170005,-22.31491313546191,0.2222222222222222,6.415260628324478,3,101,0.13278438270090304,13.411222652791206,0.33663366336633666,5.28938628493014,3,-0.056828455780007434
open_close_mid,A,gap,0.03,166,0.012115993748225301,2.0112549622054,0.24096385542168675,6.251997164140656,3,80,0.323100300009802,25.84802400078416,0.375,4.945682152412067,4,0.03931136556576574
open_close_mid,A,gap,0.04,139,-0.02149949959585232,-2.9884304438234723,0.23741007194244604,5.81417903443608,3,66,0.3151527118354978,20.800078981142857,0.3939393939393939,4.308169439018472,3,0.014188198709928716
open_close_mid,A,gap,0.05,107,-0.01637123585823866,-1.7517222368315366,0.24299065420560748,5.549641639902915,2,47,0.6198419819307839,29.132573150746843,0.46808510638297873,3.376098182199261,3,0.00884253352336601
open_close_mid,A,gap,0.075,61,-0.04382602969126832,-2.673387811167368,0.2459016393442623,5.345047822576534,3,25,0.6837148174228678,17.092870435571694,0.48,3.2422861203964315,2,0.005915425124618307
open_close_mid,market_favorite,edge,0.0,139,0.035227801436634565,4.896664399692204,0.49640287769784175,2.1156439265969653,4,118,-0.12040096786542326,-14.207314208119945,0.4576271186440678,2.0532496509077074,1,0.0659082772470487
open_close_mid,market_favorite,edge,0.025,112,0.034657936803698275,3.881688922014207,0.49107142857142855,2.1502548321573838,4,94,-0.19348355323577804,-18.187454004163136,0.40425531914893614,2.0894211289409284,0,0.06396104272848276
open_close_mid,market_favorite,edge,0.05,85,0.0834451313654234,7.092836166060989,0.5058823529411764,2.16961692121498,3,80,-0.21118157432528753,-16.894525946023002,0.3875,2.1224219123632695,0,0.08253952715600732
open_close_mid,market_favorite,edge,0.075,70,0.04555204159148497,3.1886429114039476,0.4714285714285714,2.226628246006147,3,54,-0.2764193548161175,-14.926645160070347,0.35185185185185186,2.1518169508674627,1,0.05657202426169956
open_close_mid,market_favorite,edge,0.1,52,0.16447812669468578,8.552862588123661,0.5192307692307693,2.2612624718357344,4,46,-0.15057924261022496,-6.926645160070348,0.41304347826086957,2.1606071877391146,2,0.12385159400121237
open_close_mid,market_favorite,edge,0.15,31,0.09488690442678156,2.9414940372302283,0.4838709677419355,2.289925149696975,4,30,0.05639037808437683,1.6917113425313048,0.5,2.2215704381997723,3,0.07631474120037318
open_close_mid,market_favorite,gap,0.01,152,0.018820858410163666,2.8607704783448775,0.5,2.073398470197722,3,146,-0.10969690277555566,-16.015747805231126,0.4794520547945205,1.9777073831343752,1,0.044162230090816226
open_close_mid,market_favorite,gap,0.02,130,0.03294295267448984,4.282583847683679,0.5076923076923077,2.085086850160244,5,119,-0.14197240022063395,-16.89471562625544,0.453781512605042,2.023575888438777,0,0.07379213248713155
open_close_mid,market_favorite,gap,0.03,109,-0.0016526652376554684,-0.18014051090444605,0.48623853211009177,2.0880859449957265,3,103,-0.1450108892885797,-14.936121596723709,0.44660194174757284,2.0383922895223883,1,0.02886704081192172
open_close_mid,market_favorite,gap,0.04,90,0.028462846840014225,2.56165621560128,0.4888888888888889,2.118546989524827,3,83,-0.1644064122919184,-13.645732220229227,0.43373493975903615,2.0411297617150463,2,0.048297544397152004
open_close_mid,market_favorite,gap,0.05,72,0.06832558913048296,4.919442417394773,0.5,2.1318070853612685,3,64,-0.23226650429845072,-14.865056275100846,0.390625,2.075955422045971,1,0.07032329850323585
open_close_mid,market_favorite,gap,0.075,37,0.22372936676140168,8.277986570171862,0.5675675675675675,2.205393116282589,5,42,-0.17448428754721754,-7.328340076983137,0.40476190476190477,2.1075765882480866,2,0.14514927092151564
open_close_mid,model_favorite,edge,0.0,203,-0.02610202393945764,-5.2987108597099,0.4236453201970443,2.431752558045817,2,152,-0.1260866478517246,-19.16517047346214,0.42105263157894735,2.238212214474081,0,-0.0009435211846241104
open_close_mid,model_favorite,edge,0.025,174,-0.04148237487195039,-7.217933227719367,0.40804597701149425,2.4986403205793772,3,127,-0.17437252180712862,-22.145310269505334,0.3779527559055118,2.2958920771542877,0,-0.002222916195175749
open_close_mid,model_favorite,edge,0.05,143,-4.745443127679943e-05,-0.006785983672582319,0.4125874125874126,2.563452817986017,4,111,-0.21808095404349803,-24.206985898828282,0.35135135135135137,2.3388455583760868,0,0.03996483946283636
open_close_mid,model_favorite,edge,0.075,125,-0.02957921340634496,-3.6974016757931203,0.384,2.6376540074167547,4,83,-0.2781026331867255,-23.08251855449822,0.3132530120481928,2.413862108688666,1,0.018871990424039312
open_close_mid,model_favorite,edge,0.1,104,0.01523820408781197,1.584773225132445,0.3942307692307692,2.7179367184578362,4,72,-0.1678127577013641,-12.082518554498217,0.3611111111111111,2.435600598042556,1,0.05029073522813276
open_close_mid,model_favorite,edge,0.15,77,-0.12738290973312455,-9.808484049450591,0.3246753246753247,2.8376901845084976,1,47,-0.11529193142216564,-5.418720776841785,0.3829787234042553,2.491512329041757,1,-0.0672321578696897
open_close_mid,model_favorite,edge,0.2,58,-0.060923371177445014,-3.533555528291811,0.3275862068965517,2.9742836644230186,2,28,0.20938644783207452,5.862820539298086,0.5,2.530567355489896,3,-0.012718106743442693
open_close_mid,model_favorite,gap,0.01,216,-0.03395650361600568,-7.3346047810572275,0.4305555555555556,2.3829992173906325,2,182,-0.11208090897064053,-20.398725432656576,0.44505494505494503,2.1531844510439075,0,-0.007573702184425667
open_close_mid,model_favorite,gap,0.02,191,-0.030455697916491584,-5.817038302049893,0.4293193717277487,2.4198136339580616,2,152,-0.1371879729710371,-20.85257189159764,0.42105263157894735,2.2103831473839572,0,-0.004137088390248518
open_close_mid,model_favorite,gap,0.03,166,-0.03782989554601215,-6.279762660638017,0.41566265060240964,2.451373817604343,3,136,-0.13892630780930812,-18.893977862065903,0.4117647058823529,2.243581716904067,1,0.0009270247192684385
open_close_mid,model_favorite,gap,0.04,144,-0.023086030358304064,-3.324388371595785,0.4097222222222222,2.5110489167860095,4,113,-0.17662116967287175,-19.958192173034508,0.3893805309734513,2.2691117109582986,1,0.02286397746600111
open_close_mid,model_favorite,gap,0.05,122,-0.024796214495871455,-3.0251381684963174,0.4016393442622951,2.5634000454256873,3,88,-0.23679931622514072,-20.838339827812383,0.3522727272727273,2.2986325891175365,1,0.01241198739246327
open_close_mid,model_favorite,gap,0.075,80,-0.01839989395636198,-1.4719915165089583,0.3875,2.751469357169332,2,53,-0.1592221169123817,-8.43877219635623,0.37735849056603776,2.2824335884662283,1,0.008676988334546476
open_close_mid,model_favorite,gap,0.1,41,0.00863651063102057,0.3540969358718433,0.36585365853658536,2.890950017467046,3,31,0.2175178637141496,6.7430537751386375,0.5483870967741935,2.3189365476752175,3,0.033891175119470804
open_close_mid,agree_favorite,edge,0.0,139,0.035227801436634565,4.896664399692204,0.49640287769784175,2.1156439265969653,4,118,-0.12040096786542326,-14.207314208119945,0.4576271186440678,2.0532496509077074,1,0.0659082772470487
open_close_mid,agree_favorite,edge,0.025,112,0.034657936803698275,3.881688922014207,0.49107142857142855,2.1502548321573838,4,94,-0.19348355323577804,-18.187454004163136,0.40425531914893614,2.0894211289409284,0,0.06396104272848276
open_close_mid,agree_favorite,edge,0.05,85,0.0834451313654234,7.092836166060989,0.5058823529411764,2.16961692121498,3,80,-0.21118157432528753,-16.894525946023002,0.3875,2.1224219123632695,0,0.08253952715600732
open_close_mid,agree_favorite,edge,0.075,70,0.04555204159148497,3.1886429114039476,0.4714285714285714,2.226628246006147,3,54,-0.2764193548161175,-14.926645160070347,0.35185185185185186,2.1518169508674627,1,0.05657202426169956
open_close_mid,agree_favorite,edge,0.1,52,0.16447812669468578,8.552862588123661,0.5192307692307693,2.2612624718357344,4,46,-0.15057924261022496,-6.926645160070348,0.41304347826086957,2.1606071877391146,2,0.12385159400121237
open_close_mid,agree_favorite,edge,0.15,31,0.09488690442678156,2.9414940372302283,0.4838709677419355,2.289925149696975,4,30,0.05639037808437683,1.6917113425313048,0.5,2.2215704381997723,3,0.07631474120037318
open_close_mid,agree_favorite,gap,0.01,152,0.018820858410163666,2.8607704783448775,0.5,2.073398470197722,3,146,-0.10969690277555566,-16.015747805231126,0.4794520547945205,1.9777073831343752,1,0.044162230090816226
open_close_mid,agree_favorite,gap,0.02,130,0.03294295267448984,4.282583847683679,0.5076923076923077,2.085086850160244,5,119,-0.14197240022063395,-16.89471562625544,0.453781512605042,2.023575888438777,0,0.07379213248713155
open_close_mid,agree_favorite,gap,0.03,109,-0.0016526652376554684,-0.18014051090444605,0.48623853211009177,2.0880859449957265,3,103,-0.1450108892885797,-14.936121596723709,0.44660194174757284,2.0383922895223883,1,0.02886704081192172
open_close_mid,agree_favorite,gap,0.04,90,0.028462846840014225,2.56165621560128,0.4888888888888889,2.118546989524827,3,83,-0.1644064122919184,-13.645732220229227,0.43373493975903615,2.0411297617150463,2,0.048297544397152004
open_close_mid,agree_favorite,gap,0.05,72,0.06832558913048296,4.919442417394773,0.5,2.1318070853612685,3,64,-0.23226650429845072,-14.865056275100846,0.390625,2.075955422045971,1,0.07032329850323585
open_close_mid,agree_favorite,gap,0.075,37,0.22372936676140168,8.277986570171862,0.5675675675675675,2.205393116282589,5,42,-0.17448428754721754,-7.328340076983137,0.40476190476190477,2.1075765882480866,2,0.14514927092151564
open_close_mid,disagree_model_pick,edge,0.0,64,-0.15930273842815784,-10.195375259402102,0.265625,3.118300991973793,2,34,-0.14581930192182932,-4.957856265342197,0.29411764705882354,2.8801411115573767,2,-0.06943311631054475
open_close_mid,disagree_model_pick,edge,0.025,62,-0.1790261637053802,-11.099622149733571,0.25806451612903225,3.1279818480513657,2,33,-0.11993503834370296,-3.9578562653421976,0.30303030303030304,2.884021444792338,2,-0.07910376919404974
open_close_mid,disagree_model_pick,edge,0.05,58,-0.12240727844368227,-7.099622149733571,0.27586206896551724,3.1406261149780543,2,31,-0.23588580492920272,-7.312459952805284,0.25806451612903225,2.8973581932478725,2,-0.045737242127162694
open_close_mid,disagree_model_pick,edge,0.075,55,-0.12520081067631028,-6.886044587197066,0.2727272727272727,3.160777703757529,2,29,-0.2812370136009611,-8.155873394427871,0.2413793103448276,2.901808264631596,1,-0.045581377020924435
open_close_mid,disagree_model_pick,edge,0.1,52,-0.1340017185190618,-6.968089362991215,0.2692307692307692,3.174610965079938,2,26,-0.19830282286261042,-5.1558733944278705,0.2692307692307692,2.9221274008871063,2,-0.04831460159795309
open_close_mid,disagree_model_pick,edge,0.15,46,-0.27717343666697436,-12.74997808668082,0.21739130434782608,3.2068361862293058,1,17,-0.41826071290429945,-7.11043211937309,0.17647058823529413,2.9678803717040845,1,-0.12281227173625854
open_close_mid,disagree_model_pick,edge,0.2,41,-0.18902385577270295,-7.74997808668082,0.24390243902439024,3.2387789191355756,1,9,0.09884087562521222,0.8895678806269101,0.3333333333333333,2.9863098686843883,1,-0.0751645943591299
open_close_mid,disagree_model_pick,gap,0.01,64,-0.15930273842815784,-10.195375259402102,0.265625,3.118300991973793,2,36,-0.12174937853959587,-4.3829776274254515,0.3055555555555556,2.8648414486770086,2,-0.06943311631054475
open_close_mid,disagree_model_pick,gap,0.02,61,-0.1655675762251405,-10.099622149733571,0.26229508196721313,3.133165796150132,2,33,-0.11993503834370296,-3.9578562653421976,0.30303030303030304,2.884021444792338,2,-0.07098758693453668
open_close_mid,disagree_model_pick,gap,0.03,57,-0.10701091490760653,-6.099622149733572,0.2807017543859649,3.1460822055752065,2,33,-0.11993503834370296,-3.9578562653421976,0.30303030303030304,2.884021444792338,2,-0.03700581448349133
open_close_mid,disagree_model_pick,gap,0.04,54,-0.10900082568883457,-5.886044587197067,0.2777777777777778,3.165218795554648,2,30,-0.21041533176017618,-6.312459952805286,0.26666666666666666,2.8998617705312957,2,-0.03659658256920256
open_close_mid,disagree_model_pick,gap,0.05,50,-0.15889161171782182,-7.944580585891091,0.26,3.1848939079184504,2,24,-0.24888681469631405,-5.973283552711537,0.25,2.892438367975045,1,-0.059445805858910905
open_close_mid,disagree_model_pick,gap,0.075,43,-0.22674367643443766,-9.74997808668082,0.23255813953488372,3.221348913281181,1,11,-0.10094837448846272,-1.11043211937309,0.2727272727272727,2.9500694074809513,1,-0.0948384740503314
open_close_mid,fav_odds<2,edge,0.0,51,-0.13369287386976175,-6.818336567357849,0.5098039215686274,1.7384873181383211,1,51,0.05334652697150956,2.7206728755469873,0.6274509803921569,1.698179205532997,3,-0.05750828284512722
open_close_mid,fav_odds<2,edge,0.025,37,-0.06855935439580478,-2.536696112644777,0.5405405405405406,1.775347952045472,1,38,-0.09256543057424638,-3.5174863618213625,0.5263157894736842,1.721907593992389,1,-0.019157426582123875
open_close_mid,fav_odds<2,gap,0.01,62,-0.14281057239595046,-8.85425548854893,0.5161290322580645,1.7048828092668915,1,75,0.0016876930030605161,0.1265769752295387,0.6133333333333333,1.6470088049789156,3,-0.06905585257632973
open_close_mid,fav_odds<2,gap,0.02,51,-0.09066754200651111,-4.624044642332067,0.5490196078431373,1.7142898690923818,2,56,0.006074188083298245,0.34015453266470175,0.6071428571428571,1.6856359002867822,3,-0.025782620221109578
open_close_mid,fav_odds<2,gap,0.03,42,-0.11338269147353776,-4.762073041888586,0.5238095238095238,1.7342805506272416,2,47,-0.005662850093232705,-0.2661539543819371,0.5957446808510638,1.68529388898738,1,-0.03176166349878898
open_close_mid,fav_odds<2,gap,0.04,32,-0.14416389820922887,-4.613244742695324,0.5,1.7405895591211964,2,40,-0.07194046618171338,-2.877618647268535,0.55,1.7018089071565903,1,-0.03625908222799175
open_close_mid,mid_2-3.5,edge,0.0,195,0.0567807499245694,11.072246235291033,0.38974358974358975,2.797346751811715,3,134,-0.2894989260457648,-38.79285609013249,0.27611940298507465,2.6891168876517,0,0.07519284177669809
open_close_mid,mid_2-3.5,edge,0.025,170,0.0003877227782150396,0.06591287229655673,0.37058823529411766,2.785825656190538,3,118,-0.34559778618754905,-40.78053877013079,0.2542372881355932,2.7108794030568846,0,0.030299603964984347
open_close_mid,mid_2-3.5,edge,0.05,145,-0.01912330024844264,-2.7728785360241828,0.36551724137931035,2.7867190258094396,3,101,-0.3313858690012996,-33.46997276913126,0.25742574257425743,2.6994633211869834,0,0.015780110071670857
open_close_mid,mid_2-3.5,edge,0.075,123,-0.08636328088488372,-10.622683548840698,0.34146341463414637,2.7739891295766825,3,78,-0.29117918511100926,-22.711976438658724,0.2692307692307692,2.731563920112472,0,-0.031402795080004035
open_close_mid,mid_2-3.5,edge,0.1,105,-0.09966618349326503,-10.464949266792829,0.3333333333333333,2.793334726526941,2,66,-0.16230267331301096,-10.711976438658724,0.3181818181818182,2.711154954395607,1,-0.04751580172124405
open_close_mid,mid_2-3.5,edge,0.15,70,-0.1856970996676688,-12.998796976736816,0.3,2.790719987784242,2,40,-0.23332534813529654,-9.333013925411862,0.3,2.6868360916962772,2,-0.08832330813947346
open_close_mid,mid_2-3.5,edge,0.2,48,-0.06988824437498217,-3.3546357299991443,0.3333333333333333,2.8411436910113834,3,26,0.09238599015411199,2.4020357440069118,0.4230769230769231,2.643360294398896,3,-0.004230976836725964
open_close_mid,mid_2-3.5,gap,0.01,194,0.047995407821136926,9.311109117300564,0.3917525773195876,2.7704498657052583,3,142,-0.3011923929147666,-42.76931979389686,0.2746478873239437,2.6788543919333896,0,0.06816028326762527
open_close_mid,mid_2-3.5,gap,0.02,170,-0.00016558367205935052,-0.02814922425008959,0.3764705882352941,2.7547836256373577,3,126,-0.3297257244976917,-41.545441286709156,0.2619047619047619,2.68349676444548,0,0.02987204898068141
open_close_mid,mid_2-3.5,gap,0.03,139,-0.054931785813422195,-7.635518228065685,0.3597122302158273,2.721722903468515,3,108,-0.2850049886123221,-30.78053877013079,0.2777777777777778,2.6642895002920177,0,-0.01039956734426288
open_close_mid,mid_2-3.5,gap,0.04,121,-0.045427807142041116,-5.496764664186975,0.36363636363636365,2.7284121828453034,3,84,-0.22399749620084342,-18.815789680870846,0.2976190476190476,2.659611558818696,1,-0.002144822597584653
open_close_mid,mid_2-3.5,gap,0.05,98,-0.0442622738973664,-4.3377028419419075,0.3673469387755102,2.7032738760812403,2,67,-0.2168565163722745,-14.529386596942391,0.29850746268656714,2.6514893561886677,1,-0.009308802986093968
open_close_mid,mid_2-3.5,gap,0.075,61,-0.1397060834334728,-8.522071089441841,0.32786885245901637,2.7206612310229246,2,36,-0.1481392757058851,-5.333013925411863,0.3333333333333333,2.580261058382661,1,-0.05677541522019676
open_close_mid,dog>=3.5,edge,0.0,326,-0.02054403523246281,-6.697355485782877,0.20245398773006135,6.675903079322647,3,147,0.42279132833991173,62.15032526596703,0.2653061224489796,6.452687978556189,4,0.012187884346322134
open_close_mid,dog>=3.5,edge,0.025,303,-0.017305950997308188,-5.243703152184381,0.20132013201320131,6.853530239632005,3,123,0.38078945530818775,46.83710300290709,0.24390243902439024,6.850629932141794,3,0.015145316849336031
open_close_mid,dog>=3.5,edge,0.05,277,-0.1123133116481636,-31.110787326541317,0.17328519855595667,7.11301804947644,2,108,0.2792191423830767,30.155667377372286,0.21296296296296297,7.135694428507254,2,-0.07514002240532512
open_close_mid,dog>=3.5,edge,0.075,247,-0.11482800969125892,-28.362518393740952,0.1659919028340081,7.362458462609115,3,96,0.2561308564977608,24.588562223785036,0.20833333333333334,7.308582853982529,3,-0.06549669492842071
open_close_mid,dog>=3.5,edge,0.1,236,-0.11279183072683875,-26.618872051533945,0.1652542372881356,7.440798395615272,3,87,0.2136095022930668,18.58402669949681,0.19540229885057472,7.579398209318916,2,-0.06307297920116764
open_close_mid,dog>=3.5,edge,0.15,201,-0.18055733527155254,-36.29202438958206,0.14427860696517414,7.804886962419947,2,73,0.08807229943907464,6.429277859052449,0.1917808219178082,7.704297167223327,2,-0.12458973860391258
open_close_mid,dog>=3.5,edge,0.2,165,-0.19961214430911833,-32.936003811004525,0.12727272727272726,8.453359620333675,1,55,0.13612354537287044,7.486794995507874,0.2,8.404753578168084,1,-0.14319071540002104
open_close_mid,dog>=3.5,edge,0.3,112,-0.04042301476411273,-4.527377653580626,0.14285714285714285,9.62075229484277,3,32,0.15238033956689068,4.876170866140502,0.1875,9.274649806484657,2,0.0020532243606134204
open_close_mid,dog>=3.5,gap,0.01,314,-0.007260234354979653,-2.279713587463611,0.21019108280254778,6.362176018819704,3,143,0.29546765355042665,42.25187445771101,0.26573426573426573,6.016437605460119,4,0.023737050583891178
open_close_mid,dog>=3.5,gap,0.02,264,-0.018217565344619886,-4.80943725097965,0.19696969696969696,6.6170325002214225,3,99,0.3116261529010447,30.850989137203424,0.25252525252525254,6.447964437396215,3,0.014683320856752705
open_close_mid,dog>=3.5,gap,0.03,213,-0.04250436241494298,-9.053429194382854,0.18309859154929578,6.560145538325862,3,80,0.42996204203719124,34.3969633629753,0.2625,6.421427370717805,4,-0.0044236851497446925
open_close_mid,dog>=3.5,gap,0.04,180,-0.061470053930900624,-11.064609707562113,0.17777777777777778,6.443705608226186,3,56,0.43698678734996665,24.471260091598133,0.25,6.175159298796596,2,-0.01810699872853093
open_close_mid,dog>=3.5,gap,0.05,145,-0.03438237039036162,-4.985443706602435,0.1724137931034483,6.4562612278990565,3,36,0.9148595724299392,32.93494460747781,0.3333333333333333,5.719095453471195,4,0.004433622017423408
open_close_mid,dog>=3.5,gap,0.075,70,-0.004069309490347768,-0.2848516643243437,0.17142857142857143,6.657668436149223,3,16,0.7592578038090736,12.148124860945178,0.3125,5.539706576159651,3,0.027626236130630467
open_close_mid,dog>=3.5,gap,0.1,33,0.49869098145047697,16.45680238786574,0.2727272727272727,5.910121246126877,3,4,0.08748850568638189,0.34995402274552756,0.25,5.768887494151683,1,0.22827472756464745
